해당일,시간대,압구정로11길,잠원로상단,잠원로하단
20230901,0,21.0,23.0,24.666666666666700
20230901,1,21.0,21.0,21.25
20230901,2,21.0,26.875,20.875
20230901,3,21.0,35.0,19.0
20230901,4,21.0,24.625,23.375
20230901,5,21.0,33.6,25.4
20230901,6,21.0,25.142857142857100,30.428571428571400
20230901,7,21.0,28.0,27.833333333333300
20230901,8,21.0,27.166666666666700,25.166666666666700
20230901,9,21.0,28.571428571428600,21.142857142857100
20230901,10,21.0,26.6,22.0
20230901,11,21.0,21.25,21.0
20230901,12,21.0,27.125,22.0
20230901,13,21.0,23.0,22.0
20230901,14,21.0,28.125,22.5
20230901,15,21.0,27.0,22.5
20230901,16,21.0,26.571428571428600,19.571428571428600
20230901,17,21.0,25.0,13.0
20230901,18,21.0,29.6,21.4
20230901,19,21.0,30.428571428571400,19.714285714285700
20230901,20,21.0,30.0,19.5
20230901,21,21.0,29.75,20.375
20230901,22,21.0,18.0,24.0
20230901,23,21.0,23.0,26.125
20230902,0,21.0,24.25,24.5
20230902,1,21.0,25.6,23.4
20230902,2,21.0,30.428571428571400,25.285714285714300
20230902,3,21.0,34.0,24.333333333333300
20230902,4,21.0,29.375,26.5
20230902,5,21.0,29.4,24.0
20230902,6,21.0,23.857142857142900,21.428571428571400
20230902,7,21.0,20.0,17.0
20230902,8,21.0,19.714285714285700,21.857142857142900
20230902,9,21.0,21.2,20.6
20230902,10,21.0,17.75,15.75
20230902,11,21.0,19.375,20.25
20230902,12,21.0,19.0,23.0
20230902,13,21.0,21.875,23.75
20230902,14,21.0,21.5,22.5
20230902,15,21.0,22.90909090909090,23.272727272727300
20230902,16,21.0,23.0,27.0
20230902,17,21.0,23.857142857142900,21.857142857142900
20230902,18,21.0,21.8,23.6
20230902,19,21.0,25.5,23.5
20230902,20,21.0,26.0,20.5
20230902,21,21.0,27.5,19.5
20230902,22,21.0,25.714285714285700,22.428571428571400
20230902,23,21.0,26.25,22.5
20230903,0,21.0,25.5,22.125
20230903,1,21.0,28.4,15.4
20230903,2,21.0,27.5,24.333333333333300
20230903,3,21.0,30.333333333333300,26.666666666666700
20230903,4,21.0,28.125,14.875
20230903,5,21.0,27.5,19.5
20230903,6,21.0,22.285714285714300,25.285714285714300
20230903,7,21.0,13.0,17.0
20230903,8,21.0,19.714285714285700,23.285714285714300
20230903,9,21.0,22.25,21.5
20230903,10,21.0,21.2,20.8
20230903,11,20.714285714285700,25.714285714285700,22.428571428571400
20230903,12,20.5,29.0,23.0
20230903,13,20.5,26.125,23.625
20230903,14,20.5,25.0,19.0
20230903,15,20.90909090909090,24.545454545454500,21.90909090909090
20230903,16,21.0,32.0,22.0
20230903,17,21.0,31.285714285714300,23.428571428571400
20230903,18,21.0,28.333333333333300,23.666666666666700
20230903,19,21.0,33.0,23.0
20230903,20,21.0,26.857142857142900,22.857142857142900
20230903,21,21.0,23.0,27.5
20230903,22,21.0,24.875,23.875
20230903,23,21.0,27.0,26.5
20230904,0,20.5,32.0,30.25
20230904,1,21.0,22.0,15.4
20230904,2,21.0,29.5,21.833333333333300
20230904,3,21.0,29.666666666666700,21.333333333333300
20230904,4,21.0,30.75,20.625
20230904,5,21.0,21.0,27.6
20230904,6,21.0,22.333333333333300,26.0
20230904,7,21.0,28.0,22.0
20230904,8,21.0,29.428571428571400,23.857142857142900
20230904,9,21.0,26.666666666666700,22.666666666666700
20230904,10,21.0,25.5,22.0
20230904,11,21.0,26.0,24.428571428571400
20230904,12,21.0,30.5,20.0
20230904,13,20.375,29.0,22.0
20230904,14,20.0,28.0,22.0
20230904,15,20.181818181818200,24.727272727272700,20.90909090909090
20230904,16,22.5,25.0,22.8
20230904,17,21.0,27.428571428571400,20.857142857142900
20230904,18,21.0,27.25,21.25
20230904,19,21.0,25.333333333333300,18.666666666666700
20230904,20,21.0,30.5,20.625
20230904,21,20.5,16.0,23.0
20230904,22,20.5,20.375,22.875
20230904,23,21.25,23.0,17.0
20230905,0,21.0,26.5,21.875
20230905,1,21.0,26.6,22.0
20230905,2,21.0,33.666666666666700,18.5
20230905,3,21.0,23.0,20.0
20230905,4,21.0,38.125,22.0
20230905,5,21.0,17.666666666666700,21.833333333333300
20230905,6,21.0,30.571428571428600,23.428571428571400
20230905,7,21.0,23.0,16.0
20230905,8,21.0,29.142857142857100,20.0
20230905,9,21.0,29.5,19.75
20230905,10,21.0,25.6,22.0
20230905,11,21.0,26.714285714285700,21.0
20230905,12,21.0,26.0,23.666666666666700
20230905,13,21.0,28.75,23.5
20230905,14,21.0,27.0,22.0
20230905,15,21.0,28.727272727272700,21.727272727272700
20230905,16,20.75,26.0,20.0
20230905,17,20.5,26.142857142857100,20.714285714285700
20230905,18,20.5,22.5,19.5
20230905,19,20.5,26.6,22.0
20230905,20,20.166666666666700,29.0,22.166666666666700
20230905,21,20.0,20.666666666666700,20.333333333333300
20230905,22,20.0,19.625,23.5
20230905,23,23.0,22.0,23.0
20230906,0,22.5625,21.875,20.75
20230906,1,21.25,35.0,20.6
20230906,2,21.0,26.833333333333300,23.333333333333300
20230906,3,21.0,34.0,26.25
20230906,4,21.0,33.875,22.0
20230906,5,21.0,17.833333333333300,31.833333333333300
20230906,6,21.0,26.166666666666700,23.666666666666700
20230906,7,21.0,22.0,21.0
20230906,8,21.0,24.285714285714300,22.0
20230906,9,21.0,24.0,21.0
20230906,10,21.0,28.333333333333300,21.833333333333300
20230906,11,21.0,29.6,22.4
20230906,12,21.0,26.5,24.25
20230906,13,21.0,25.428571428571400,21.857142857142900
20230906,14,21.0,23.5,23.5
20230906,15,21.0,22.444444444444400,23.22222222222220
20230906,16,21.0,24.75,21.75
20230906,17,21.0,24.857142857142900,18.857142857142900
20230906,18,21.0,30.0,20.0
20230906,19,21.0,25.285714285714300,18.285714285714300
20230906,20,21.0,30.4,19.2
20230906,21,21.0,22.25,22.5
20230906,22,21.0,21.714285714285700,22.285714285714300
20230906,23,21.0,25.5,23.0
20230907,0,21.0,24.75,26.875
20230907,1,21.0,26.333333333333300,25.166666666666700
20230907,2,21.0,23.666666666666700,25.0
20230907,3,21.0,31.25,24.0
20230907,4,21.0,36.5,18.375
20230907,5,21.0,19.833333333333300,28.0
20230907,6,20.8,26.6,21.8
20230907,7,20.5,29.5,21.5
20230907,8,20.5,27.571428571428600,26.0
20230907,9,20.5,31.5,21.0
20230907,10,20.5,27.142857142857100,21.714285714285700
20230907,11,20.5,30.2,23.8
20230907,12,20.5,27.0,21.8
20230907,13,20.785714285714300,26.857142857142900,23.428571428571400
20230907,14,21.0,26.0,24.0
20230907,15,21.0,24.25,23.375
20230907,16,21.0,27.0,21.75
20230907,17,20.142857142857100,25.571428571428600,20.571428571428600
20230907,18,19.5,35.0,18.0
20230907,19,19.5,26.714285714285700,19.285714285714300
20230907,20,19.5,27.25,20.0
20230907,21,20.0,21.5,23.0
20230907,22,20.4,17.2,22.4
20230907,23,21.0,23.75,23.5
20230908,0,21.0,21.125,24.25
20230908,1,21.0,31.166666666666700,27.166666666666700
20230908,2,21.0,25.0,32.5
20230908,3,21.0,31.333333333333300,22.0
20230908,4,21.0,27.25,23.5
20230908,5,20.0,23.0,23.2
20230908,6,20.0,23.166666666666700,30.666666666666700
20230908,7,20.0,21.5,25.5
20230908,8,20.333333333333300,25.833333333333300,23.0
20230908,9,21.0,25.0,24.0
20230908,10,21.0,26.4,21.0
20230908,11,21.0,25.142857142857100,22.285714285714300
20230908,12,21.0,29.0,24.0
20230908,13,21.0,24.375,23.625
20230908,14,21.0,26.0,21.0
20230908,15,21.5,22.9,23.6
20230908,16,21.0,25.666666666666700,22.666666666666700
20230908,17,21.0,22.833333333333300,20.666666666666700
20230908,18,21.0,28.666666666666700,19.0
20230908,19,21.0,32.75,18.25
20230908,20,21.0,31.142857142857100,21.0
20230908,21,21.0,24.0,20.0
20230908,22,21.125,20.75,24.875
20230908,23,21.25,19.5,24.5
20230909,0,21.5,23.75,27.625
20230909,1,21.0,27.5,26.166666666666700
20230909,2,21.0,25.833333333333300,21.333333333333300
20230909,3,21.0,23.75,18.25
20230909,4,21.0,21.0,20.428571428571400
20230909,5,21.0,27.0,20.0
20230909,6,21.0,21.4,18.2
20230909,7,21.0,20.333333333333300,22.0
20230909,8,21.0,23.142857142857100,23.428571428571400
20230909,9,21.0,23.5,24.5
20230909,10,21.571428571428600,21.285714285714300,21.285714285714300
20230909,11,21.0,22.5,21.5
20230909,12,21.0,29.0,21.6
20230909,13,21.0,28.666666666666700,21.833333333333300
20230909,14,21.0,25.5,21.25
20230909,15,21.0,26.0,21.75
20230909,16,20.666666666666700,25.0,22.2
20230909,17,21.0,26.166666666666700,21.666666666666700
20230909,18,21.0,21.8,23.6
20230909,19,21.0,28.142857142857100,22.428571428571400
20230909,20,21.0,28.8,23.2
20230909,21,21.0,19.2,22.6
20230909,22,21.0,24.333333333333300,21.666666666666700
20230909,23,21.0,29.333333333333300,23.333333333333300
20230910,0,21.0,27.375,26.375
20230910,1,21.0,27.333333333333300,19.5
20230910,2,21.0,32.0,19.5
20230910,3,21.0,32.5,22.75
20230910,4,21.0,24.714285714285700,23.428571428571400
20230910,5,21.0,34.333333333333300,18.333333333333300
20230910,6,21.0,30.0,18.4
20230910,7,21.0,20.666666666666700,24.0
20230910,8,21.0,21.285714285714300,21.0
20230910,9,21.0,16.0,15.0
20230910,10,21.0,19.714285714285700,22.0
20230910,11,21.0,22.0,24.75
20230910,12,21.0,27.5,24.0
20230910,13,21.0,27.666666666666700,23.833333333333300
20230910,14,21.0,21.0,19.5
20230910,15,21.0,26.428571428571400,22.857142857142900
20230910,16,21.0,27.166666666666700,22.5
20230910,17,21.0,29.166666666666700,21.166666666666700
20230910,18,21.0,29.0,22.0
20230910,19,21.0,30.571428571428600,23.0
20230910,20,21.0,29.5,27.0
20230910,21,21.0,23.571428571428600,28.142857142857100
20230910,22,21.0,20.75,24.0
20230910,23,21.0,24.833333333333300,23.0
20230911,0,21.0,27.375,26.625
20230911,1,21.0,32.833333333333300,23.666666666666700
20230911,2,21.0,25.666666666666700,18.833333333333300
20230911,3,21.0,24.75,26.5
20230911,4,21.0,34.57142857142860,38.57142857142860
20230911,5,21.0,27.857142857142900,39.714285714285700
20230911,6,21.0,28.0,31.6
20230911,7,21.0,26.0,22.0
20230911,8,21.0,25.333333333333300,23.0
20230911,9,21.0,27.5,20.0
20230911,10,21.0,28.714285714285700,22.285714285714300
20230911,11,21.0,28.0,24.0
20230911,12,21.0,28.0,22.8
20230911,13,21.0,27.0,22.5
20230911,14,21.5,26.666666666666700,22.0
20230911,15,21.5,27.125,23.375
20230911,16,21.5,26.2,22.2
20230911,17,21.5,22.833333333333300,21.166666666666700
20230911,18,21.0,31.0,20.0
20230911,19,21.0,29.142857142857100,21.571428571428600
20230911,20,21.0,31.333333333333300,21.666666666666700
20230911,21,21.0,24.428571428571400,19.285714285714300
20230911,22,21.0,20.25,22.5
20230911,23,21.0,22.8,25.6
20230912,0,21.0,28.375,24.25
20230912,1,21.0,32.333333333333300,21.666666666666700
20230912,2,21.0,24.5,14.666666666666700
20230912,3,21.0,30.25,21.0
20230912,4,21.0,31.142857142857100,23.714285714285700
20230912,5,21.0,22.833333333333300,26.5
20230912,6,21.0,20.333333333333300,19.833333333333300
20230912,7,21.0,17.0,21.5
20230912,8,21.0,26.285714285714300,22.285714285714300
20230912,9,21.0,29.0,16.5
20230912,10,21.0,24.0,20.857142857142900
20230912,11,21.0,23.2,20.8
20230912,12,21.0,26.75,21.25
20230912,13,21.0,26.857142857142900,22.142857142857100
20230912,14,21.0,20.0,20.0
20230912,15,21.0,24.444444444444400,21.88888888888890
20230912,16,21.0,24.5,22.0
20230912,17,21.0,25.571428571428600,20.285714285714300
20230912,18,21.0,22.0,17.0
20230912,19,21.0,26.0,20.285714285714300
20230912,20,21.0,27.666666666666700,21.333333333333300
20230912,21,21.0,24.0,21.0
20230912,22,21.0,21.4,28.8
20230912,23,21.0,19.2,27.6
20230913,0,21.0,17.125,23.125
20230913,1,21.0,19.666666666666700,19.166666666666700
20230913,2,21.0,32.6,21.2
20230913,3,21.0,30.25,22.75
20230913,4,21.0,25.142857142857100,23.714285714285700
20230913,5,21.0,23.0,23.0
20230913,6,21.0,30.0,26.0
20230913,7,21.0,25.333333333333300,20.333333333333300
20230913,8,21.0,23.571428571428600,22.714285714285700
20230913,9,21.0,23.0,22.0
20230913,10,21.0,28.25,22.0
20230913,11,21.0,25.333333333333300,21.333333333333300
20230913,12,21.0,24.571428571428600,22.142857142857100
20230913,13,21.0,25.4,21.6
20230913,14,21.0,22.75,23.5
20230913,15,21.0,23.285714285714300,22.142857142857100
20230913,16,21.0,21.5,19.666666666666700
20230913,17,21.0,23.333333333333300,21.333333333333300
20230913,18,21.0,24.0,17.5
20230913,19,21.0,23.428571428571400,19.142857142857100
20230913,20,21.0,24.0,19.5
20230913,21,20.785714285714300,22.142857142857100,21.142857142857100
20230913,22,21.0,19.5,24.25
20230913,23,21.0,24.0,29.0
20230914,0,21.0,23.75,28.625
20230914,1,21.0,30.8,24.0
20230914,2,21.0,28.5,22.333333333333300
20230914,3,21.0,28.333333333333300,20.666666666666700
20230914,4,21.0,32.142857142857100,16.571428571428600
20230914,5,21.0,20.166666666666700,19.0
20230914,6,21.0,21.833333333333300,19.333333333333300
20230914,7,20.5,29.5,21.5
20230914,8,21.0,28.857142857142900,24.0
20230914,9,21.0,24.6,21.6
20230914,10,21.0,26.25,22.75
20230914,11,21.0,25.0,23.428571428571400
20230914,12,21.0,24.333333333333300,23.0
20230914,13,21.0,25.666666666666700,22.666666666666700
20230914,14,21.0,24.0,23.5
20230914,15,21.0,24.0,22.818181818181800
20230914,16,21.0,23.0,22.0
20230914,17,21.0,26.142857142857100,21.142857142857100
20230914,18,21.0,26.666666666666700,16.0
20230914,19,21.0,26.0,18.6
20230914,20,21.0,29.833333333333300,20.333333333333300
20230914,21,21.0,19.0,20.0
20230914,22,21.0,20.5,25.0
20230914,23,21.0,23.5,17.0
20230915,0,21.0,22.625,25.125
20230915,1,21.0,23.166666666666700,18.0
20230915,2,21.0,25.0,25.0
20230915,3,21.0,28.75,49.75
20230915,4,21.0,25.714285714285700,25.571428571428600
20230915,5,21.0,19.285714285714300,25.714285714285700
20230915,6,21.0,24.5,20.0
20230915,7,21.0,23.5,21.5
20230915,8,21.0,28.285714285714300,17.285714285714300
20230915,9,21.0,25.0,24.0
20230915,10,21.0,25.875,20.25
20230915,11,21.0,24.333333333333300,22.0
20230915,12,21.0,25.714285714285700,22.142857142857100
20230915,13,21.0,25.0,22.0
20230915,14,21.0,24.0,23.0
20230915,15,21.0,26.0,22.2
20230915,16,21.0,24.142857142857100,19.714285714285700
20230915,17,21.0,22.25,19.0
20230915,18,21.0,25.5,18.25
20230915,19,21.0,25.714285714285700,18.428571428571400
20230915,20,21.0,27.0,19.5
20230915,21,21.0,25.75,21.0
20230915,22,21.0,22.5,21.0
20230915,23,21.0,24.625,24.0
20230916,0,20.125,24.0,25.375
20230916,1,21.0,25.0,23.0
20230916,2,21.0,22.0,21.6
20230916,3,21.0,23.2,20.8
20230916,4,21.0,30.285714285714300,18.571428571428600
20230916,5,21.0,35.42857142857140,25.285714285714300
20230916,6,21.0,30.0,21.75
20230916,7,21.0,28.75,21.75
20230916,8,21.0,22.142857142857100,21.428571428571400
20230916,9,21.0,19.0,11.0
20230916,10,20.875,19.0,11.0
20230916,11,20.75,19.0,11.0
20230916,12,21.0,19.0,11.0
20230916,13,21.0,19.0,11.0
20230916,14,21.0,19.0,11.0
20230916,15,21.0,19.0,11.0
20230916,16,20.142857142857100,19.0,11.0
20230916,17,19.5,19.0,11.0
20230916,18,20.7,19.0,11.0
20230916,19,21.0,19.0,11.0
20230916,20,21.0,19.0,11.0
20230916,21,21.0,19.0,11.0
20230916,22,20.5,19.0,11.0
20230916,23,21.0,19.0,11.0
20230917,0,21.0,19.0,11.0
20230917,1,21.0,19.0,11.0
20230917,2,21.0,19.0,11.0
20230917,3,21.0,19.0,11.0
20230917,4,21.0,19.0,11.0
20230917,5,21.0,19.0,11.0
20230917,6,21.0,19.0,11.0
20230917,7,21.0,19.0,11.0
20230917,8,21.0,19.0,11.0
20230917,9,21.0,19.0,11.0
20230917,10,20.875,19.0,11.0
20230917,11,20.75,19.0,11.0
20230917,12,21.0,19.0,11.0
20230917,13,21.0,19.0,11.0
20230917,14,21.0,19.666666666666700,17.666666666666700
20230917,15,21.0,24.5,24.333333333333300
20230917,16,21.0,26.0,21.571428571428600
20230917,17,21.666666666666700,26.0,22.333333333333300
20230917,18,20.7,26.4,24.4
20230917,19,21.0,24.333333333333300,24.666666666666700
20230917,20,21.0,24.0,25.0
20230917,21,21.0,22.0,21.875
20230917,22,21.0,29.0,23.5
20230917,23,21.0,27.875,28.125
20230918,0,21.0,27.375,22.125
20230918,1,21.0,37.0,18.333333333333300
20230918,2,21.0,30.0,16.8
20230918,3,21.0,30.4,14.6
20230918,4,21.0,32.5,19.333333333333300
20230918,5,21.0,23.571428571428600,25.857142857142900
20230918,6,21.0,25.0,25.0
20230918,7,21.0,20.5,22.5
20230918,8,21.0,23.857142857142900,19.571428571428600
20230918,9,21.0,23.0,19.0
20230918,10,21.0,27.25,23.125
20230918,11,21.0,25.5,23.5
20230918,12,21.0,28.375,21.875
20230918,13,21.0,25.0,26.0
20230918,14,21.0,26.5,22.833333333333300
20230918,15,21.0,22.666666666666700,19.666666666666700
20230918,16,21.0,23.571428571428600,21.857142857142900
20230918,17,21.0,23.666666666666700,19.0
20230918,18,21.0,27.6,18.8
20230918,19,21.0,28.333333333333300,19.833333333333300
20230918,20,21.0,33.0,18.666666666666700
20230918,21,21.0,27.625,20.25
20230918,22,21.0,22.0,22.0
20230918,23,21.0,25.625,24.25
20230919,0,21.0,23.0,28.25
20230919,1,19.75,28.666666666666700,20.833333333333300
20230919,2,19.5,37.8,26.2
20230919,3,19.5,27.4,22.4
20230919,4,19.5,28.166666666666700,22.0
20230919,5,19.5,22.285714285714300,31.714285714285700
20230919,6,19.5,17.0,26.5
20230919,7,19.5,26.75,23.25
20230919,8,19.5,28.0,19.714285714285700
20230919,9,19.5,25.0,20.0
20230919,10,19.5,25.5,21.125
20230919,11,19.5,26.0,22.0
20230919,12,19.5,30.75,20.875
20230919,13,19.5,30.666666666666700,22.0
20230919,14,20.357142857142900,29.285714285714300,21.571428571428600
20230919,15,21.0,25.333333333333300,23.5
20230919,16,21.0,25.571428571428600,22.714285714285700
20230919,17,21.0,24.666666666666700,20.333333333333300
20230919,18,21.0,29.2,19.0
20230919,19,21.0,26.166666666666700,18.0
20230919,20,21.0,31.333333333333300,21.0
20230919,21,21.0,26.625,19.125
20230919,22,21.0,20.0,25.0
20230919,23,20.8125,22.75,27.125
20230920,0,19.75,28.0,29.625
20230920,1,19.5,26.166666666666700,25.333333333333300
20230920,2,19.5,31.8,15.2
20230920,3,19.5,25.4,21.0
20230920,4,19.5,22.833333333333300,17.0
20230920,5,19.5,23.125,22.625
20230920,6,19.5,24.25,15.0
20230920,7,19.5,22.25,27.5
20230920,8,19.5,22.142857142857100,23.714285714285700
20230920,9,21.0,24.0,13.0
20230920,10,21.0,22.75,21.25
20230920,11,21.0,24.0,21.0
20230920,12,21.0,26.375,22.25
20230920,13,21.0,26.333333333333300,22.333333333333300
20230920,14,21.0,25.428571428571400,22.285714285714300
20230920,15,20.833333333333300,24.333333333333300,22.166666666666700
20230920,16,20.571428571428600,24.428571428571400,21.571428571428600
20230920,17,21.0,25.333333333333300,20.666666666666700
20230920,18,21.0,26.0,17.4
20230920,19,20.0,27.0,17.833333333333300
20230920,20,21.0,27.333333333333300,20.333333333333300
20230920,21,21.0,28.375,21.125
20230920,22,21.0,21.0,18.0
20230920,23,21.0,21.0,25.75
20230921,0,21.0,24.375,25.875
20230921,1,21.0,23.0,20.5
20230921,2,21.0,30.0,26.2
20230921,3,21.0,21.4,25.0
20230921,4,21.0,29.333333333333300,25.666666666666700
20230921,5,21.0,24.5,22.5
20230921,6,21.0,23.0,19.666666666666700
20230921,7,21.0,23.5,30.5
20230921,8,21.0,24.285714285714300,22.142857142857100
20230921,9,21.0,26.0,19.0
20230921,10,21.0,25.125,19.125
20230921,11,21.0,24.5,20.0
20230921,12,21.0,27.75,22.125
20230921,13,21.0,27.0,24.333333333333300
20230921,14,21.0,25.428571428571400,24.428571428571400
20230921,15,20.833333333333300,26.333333333333300,23.0
20230921,16,21.285714285714300,25.857142857142900,21.571428571428600
20230921,17,26.0,27.0,18.0
20230921,18,26.0,26.0,18.666666666666700
20230921,19,26.0,28.8,20.6
20230921,20,22.25,28.333333333333300,19.666666666666700
20230921,21,21.0,24.25,21.0
20230921,22,21.0,14.0,14.5
20230921,23,22.25,21.375,28.125
20230922,0,21.0,25.75,22.25
20230922,1,21.0,28.833333333333300,24.666666666666700
20230922,2,21.0,25.4,18.0
20230922,3,21.0,24.0,19.4
20230922,4,21.0,26.8,18.0
20230922,5,21.0,24.666666666666700,20.555555555555600
20230922,6,21.0,21.0,23.0
20230922,7,21.0,27.0,22.5
20230922,8,21.0,22.6,21.8
20230922,9,21.0,28.25,22.25
20230922,10,21.0,28.571428571428600,20.714285714285700
20230922,11,21.75,23.666666666666700,20.666666666666700
20230922,12,21.571428571428600,23.0,21.571428571428600
20230922,13,22.0,27.0,23.666666666666700
20230922,14,21.125,25.375,22.75
20230922,15,21.0,25.285714285714300,21.142857142857100
20230922,16,21.0,21.75,21.25
20230922,17,21.0,20.75,19.5
20230922,18,21.0,18.833333333333300,19.0
20230922,19,21.0,25.5,22.5
20230922,20,21.0,24.375,21.0
20230922,21,21.0,18.0,22.5
20230922,22,21.0,18.625,21.75
20230922,23,21.0,29.0,25.0
20230923,0,21.0,24.714285714285700,23.857142857142900
20230923,1,21.0,30.428571428571400,26.0
20230923,2,21.0,24.75,18.75
20230923,3,20.357142857142900,24.857142857142900,20.285714285714300
20230923,4,19.875,23.5,18.75
20230923,5,21.0,23.818181818181800,20.636363636363600
20230923,6,21.0,18.0,25.0
20230923,7,21.0,24.714285714285700,21.285714285714300
20230923,8,21.0,23.0,26.0
20230923,9,21.0,21.5,24.833333333333300
20230923,10,21.0,18.5,15.5
20230923,11,21.0,22.833333333333300,20.333333333333300
20230923,12,21.0,24.0,20.25
20230923,13,21.0,24.666666666666700,22.333333333333300
20230923,14,21.0,20.75,20.75
20230923,15,21.0,24.0,23.6
20230923,16,21.0,24.0,23.0
20230923,17,21.0,25.285714285714300,20.0
20230923,18,21.0,28.0,22.0
20230923,19,21.0,25.333333333333300,23.166666666666700
20230923,20,21.0,27.0,25.25
20230923,21,21.0,22.833333333333300,20.833333333333300
20230923,22,21.0,23.75,22.0
20230923,23,21.0,25.833333333333300,25.0
20230924,0,21.0,23.714285714285700,25.285714285714300
20230924,1,21.0,22.142857142857100,24.714285714285700
20230924,2,21.0,28.333333333333300,22.666666666666700
20230924,3,21.0,28.857142857142900,21.0
20230924,4,21.0,37.0,12.666666666666700
20230924,5,21.0,20.8,19.8
20230924,6,21.0,20.5,21.5
20230924,7,21.0,21.0,20.714285714285700
20230924,8,21.0,27.0,17.0
20230924,9,21.0,18.714285714285700,22.714285714285700
20230924,10,21.0,19.0,18.666666666666700
20230924,11,21.0,19.571428571428600,24.571428571428600
20230924,12,21.0,21.0,22.333333333333300
20230924,13,27.428571428571400,23.714285714285700,24.285714285714300
20230924,14,30.0,26.0,24.0
20230924,15,23.454545454545500,24.7,21.7
20230924,16,21.0,28.0,23.0
20230924,17,21.0,29.857142857142900,22.285714285714300
20230924,18,21.0,24.0,20.0
20230924,19,21.0,29.285714285714300,22.428571428571400
20230924,20,21.0,25.666666666666700,21.666666666666700
20230924,21,21.5,18.285714285714300,23.714285714285700
20230924,22,21.0,18.0,25.333333333333300
20230924,23,20.75,26.714285714285700,29.571428571428600
20230925,0,20.5,27.571428571428600,29.428571428571400
20230925,1,20.5,29.714285714285700,24.0
20230925,2,20.5,25.333333333333300,23.666666666666700
20230925,3,20.5,30.714285714285700,19.428571428571400
20230925,4,20.5,37.666666666666700,25.666666666666700
20230925,5,20.5,24.0,21.4
20230925,6,20.5,29.5,20.0
20230925,7,20.5,26.857142857142900,38.42857142857140
20230925,8,20.5,28.0,26.0
20230925,9,20.5,28.571428571428600,21.428571428571400
20230925,10,20.5,28.0,23.0
20230925,11,20.5,25.285714285714300,22.285714285714300
20230925,12,20.5,23.666666666666700,22.0
20230925,13,20.5,27.375,22.75
20230925,14,20.5,25.0,24.0
20230925,15,20.5,27.0,23.8
20230925,16,20.5,21.666666666666700,21.666666666666700
20230925,17,20.5,25.857142857142900,19.285714285714300
20230925,18,20.5,23.0,18.0
20230925,19,20.5,28.142857142857100,19.571428571428600
20230925,20,20.5,31.0,19.0
20230925,21,21.5625,23.875,19.625
20230925,22,22.0,25.0,18.0
20230925,23,21.0,24.375,27.875
20230926,0,21.0,28.0,22.857142857142900
20230926,1,21.0,19.857142857142900,19.571428571428600
20230926,2,21.0,28.333333333333300,17.666666666666700
20230926,3,21.0,24.428571428571400,19.714285714285700
20230926,4,21.0,21.333333333333300,24.0
20230926,5,21.0,21.3,27.8
20230926,6,21.0,22.5,19.5
20230926,7,21.0,16.714285714285700,20.0
20230926,8,21.0,23.5,22.0
20230926,9,21.0,28.571428571428600,20.285714285714300
20230926,10,21.0,27.333333333333300,20.666666666666700
20230926,11,21.0,23.125,23.125
20230926,12,21.0,25.0,22.0
20230926,13,21.0,27.125,23.875
20230926,14,21.0,25.0,19.0
20230926,15,21.0,25.4,19.8
20230926,16,21.0,23.0,26.666666666666700
20230926,17,21.0,25.428571428571400,19.142857142857100
20230926,18,21.0,26.0,19.0
20230926,19,21.0,22.571428571428600,18.571428571428600
20230926,20,21.0,27.0,18.666666666666700
20230926,21,21.0,23.375,20.75
20230926,22,21.0,23.0,22.0
20230926,23,21.0,21.875,26.625
20230927,0,21.0,23.285714285714300,26.428571428571400
20230927,1,21.0,23.142857142857100,21.0
20230927,2,21.0,29.666666666666700,18.666666666666700
20230927,3,21.0,25.285714285714300,19.714285714285700
20230927,4,21.0,26.666666666666700,15.0
20230927,5,20.0,20.1,22.0
20230927,6,20.0,22.666666666666700,19.666666666666700
20230927,7,20.0,23.857142857142900,24.285714285714300
20230927,8,20.0,24.0,42.0
20230927,9,20.0,25.285714285714300,26.285714285714300
20230927,10,20.0,26.0,23.5
20230927,11,20.0,27.25,22.875
20230927,12,20.0,26.0,23.0
20230927,13,20.0,25.75,22.625
20230927,14,20.0,28.333333333333300,21.666666666666700
20230927,15,20.0,29.9,21.0
20230927,16,20.5,22.75,20.5
20230927,17,21.0,18.833333333333300,19.0
20230927,18,21.0,31.0,19.0
20230927,19,21.0,26.857142857142900,19.714285714285700
20230927,20,21.0,26.0,20.0
20230927,21,21.0,24.625,21.25
20230927,22,21.0,22.0,27.0
20230927,23,21.0,20.0,21.375
20230928,0,21.0,24.0,21.571428571428600
20230928,1,21.642857142857100,29.0,21.0
20230928,2,22.5,26.0,18.333333333333300
20230928,3,22.5,25.0,22.714285714285700
20230928,4,22.0,35.333333333333300,30.0
20230928,5,21.0,26.363636363636400,17.454545454545500
20230928,6,21.0,27.666666666666700,23.0
20230928,7,21.0,26.285714285714300,23.0
20230928,8,21.0,30.0,16.0
20230928,9,21.0,19.142857142857100,22.857142857142900
20230928,10,21.0,18.0,22.5
20230928,11,21.0,22.375,19.5
20230928,12,21.0,26.0,23.666666666666700
20230928,13,21.0,25.625,24.375
20230928,14,21.0,24.5,23.0
20230928,15,21.0,23.555555555555600,22.333333333333300
20230928,16,21.0,30.25,24.0
20230928,17,21.0,30.833333333333300,22.0
20230928,18,21.0,27.666666666666700,21.666666666666700
20230928,19,21.0,29.0,21.571428571428600
20230928,20,21.0,24.0,25.333333333333300
20230928,21,21.0,25.0,21.125
20230928,22,21.0,24.5,21.0
20230928,23,21.0,24.875,23.375
20230929,0,21.0,27.142857142857100,24.142857142857100
20230929,1,20.5,28.857142857142900,20.428571428571400
20230929,2,20.5,18.333333333333300,25.0
20230929,3,20.5,29.428571428571400,17.428571428571400
20230929,4,20.5,17.0,17.666666666666700
20230929,5,20.5,30.7,18.2
20230929,6,20.5,32.333333333333300,31.333333333333300
20230929,7,20.5,23.857142857142900,20.142857142857100
20230929,8,20.5,27.0,26.0
20230929,9,20.5,24.0,21.142857142857100
20230929,10,20.5,23.0,25.0
20230929,11,20.75,29.375,25.125
20230929,12,21.0,27.0,22.5
20230929,13,21.0,37.625,21.75
20230929,14,21.0,41.5,24.5
20230929,15,21.0,38.22222222222220,23.88888888888890
20230929,16,21.0,36.4,22.0
20230929,17,21.0,35.2,22.4
20230929,18,21.0,28.666666666666700,20.333333333333300
20230929,19,21.0,32.714285714285700,23.285714285714300
20230929,20,21.0,23.5,21.0
20230929,21,20.625,21.875,24.0
20230929,22,21.0,28.666666666666700,27.333333333333300
20230929,23,21.0,25.285714285714300,23.857142857142900
20230930,0,19.928571428571400,31.0,25.857142857142900
20230930,1,22.125,31.142857142857100,24.571428571428600
20230930,2,23.0,23.333333333333300,28.333333333333300
20230930,3,22.0,28.125,24.125
20230930,4,21.0,20.5,23.0
20230930,5,21.0,27.0,14.6
20230930,6,21.0,28.666666666666700,23.333333333333300
20230930,7,21.0,22.428571428571400,29.142857142857100
20230930,8,21.0,20.5,15.5
20230930,9,21.0,23.285714285714300,22.571428571428600
20230930,10,22.0,27.5,21.5
20230930,11,22.5,30.75,22.375
20230930,12,22.5,32.333333333333300,23.0
20230930,13,21.0,30.857142857142900,22.142857142857100
20230930,14,21.0,36.0,17.0
20230930,15,21.0,34.2,23.1
20230930,16,20.25,29.666666666666700,23.333333333333300
20230930,17,20.428571428571400,29.428571428571400,24.428571428571400
20230930,18,21.0,23.0,22.0
20230930,19,21.0,28.142857142857100,23.285714285714300
20230930,20,21.0,31.0,23.0
20230930,21,21.0,20.75,27.375
20230930,22,21.0,27.0,27.0
20230930,23,21.0,30.666666666666700,26.333333333333300
20231001,0,21.0,31.6,29.4
20231001,1,21.0,36.5,28.0
20231001,2,19.5,27.2,22.4
20231001,3,19.5,35.0,24.4
20231001,4,19.5,28.0,29.0
20231001,5,20.5,26.625,22.25
20231001,6,21.5,27.0,22.8
20231001,7,21.5,26.0,24.8
20231001,8,21.5,25.25,24.5
20231001,9,21.5,26.0,24.75
20231001,10,21.5,19.0,22.0
20231001,11,21.5,25.125,24.125
20231001,12,21.5,33.0,25.0
20231001,13,21.375,33.375,22.875
20231001,14,21.0,31.333333333333300,21.666666666666700
20231001,15,21.0,32.55555555555560,20.666666666666700
20231001,16,20.625,32.0,23.625
20231001,17,21.0,29.571428571428600,24.142857142857100
20231001,18,21.0,29.0,25.666666666666700
20231001,19,21.0,30.833333333333300,21.833333333333300
20231001,20,21.0,32.25,25.25
20231001,21,21.0,26.666666666666700,22.833333333333300
20231001,22,21.0,25.0,27.0
20231001,23,21.0,27.25,26.25
20231002,0,21.0,31.285714285714300,27.142857142857100
20231002,1,21.0,24.714285714285700,24.0
20231002,2,21.0,23.333333333333300,17.0
20231002,3,31.0,30.25,23.0
20231002,4,31.0,37.0,15.0
20231002,5,31.0,22.6,25.3
20231002,6,21.0,33.75,22.25
20231002,7,21.0,25.833333333333300,22.0
20231002,8,21.0,32.0,27.0
20231002,9,21.0,31.714285714285700,27.142857142857100
20231002,10,21.0,31.0,23.666666666666700
20231002,11,21.0,28.0,25.0
20231002,12,21.0,28.5,24.5
20231002,13,21.0,30.5,23.25
20231002,14,21.0,29.5,22.5
20231002,15,20.4375,32.0,23.625
20231002,16,21.0,27.0,23.833333333333300
20231002,17,21.0,27.0,19.25
20231002,18,21.0,32.0,19.5
20231002,19,21.0,34.5,20.166666666666700
20231002,20,21.0,33.5,21.75
20231002,21,20.25,29.5,22.0
20231002,22,20.5,27.0,24.0
20231002,23,21.0,19.333333333333300,23.666666666666700
20231003,0,21.0,21.428571428571400,24.285714285714300
20231003,1,21.0,21.428571428571400,24.285714285714300
20231003,2,20.0,21.142857142857100,19.0
20231003,3,20.0,34.666666666666700,21.666666666666700
20231003,4,20.0,39.0,31.8
20231003,5,20.0,26.0,26.166666666666700
20231003,6,20.0,29.142857142857100,25.571428571428600
20231003,7,20.0,25.0,21.5
20231003,8,20.0,22.142857142857100,28.428571428571400
20231003,9,20.0,30.0,25.666666666666700
20231003,10,20.0,23.166666666666700,24.5
20231003,11,20.0,28.0,25.5
20231003,12,20.0,30.5,22.0
20231003,13,20.0,29.25,23.125
20231003,14,21.0,30.5,23.5
20231003,15,21.0,30.25,23.625
20231003,16,21.0,31.0,30.0
20231003,17,21.0,29.142857142857100,24.571428571428600
20231003,18,21.0,28.0,23.0
20231003,19,20.75,30.166666666666700,21.333333333333300
20231003,20,21.0,33.5,21.75
20231003,21,21.0,28.857142857142900,24.571428571428600
20231003,22,21.333333333333300,30.666666666666700,22.666666666666700
20231003,23,20.5,25.0,24.833333333333300
20231004,0,20.5,28.571428571428600,27.428571428571400
20231004,1,21.0,29.0,21.142857142857100
20231004,2,21.0,34.0,22.666666666666700
20231004,3,21.0,28.625,29.0
20231004,4,21.0,22.5,20.0
20231004,5,21.0,22.9,26.1
20231004,6,21.0,21.75,26.0
20231004,7,21.0,24.833333333333300,24.166666666666700
20231004,8,21.0,30.0,19.5
20231004,9,21.0,29.285714285714300,20.857142857142900
20231004,10,21.0,27.0,23.0
20231004,11,21.0,26.75,22.5
20231004,12,21.0,29.666666666666700,25.0
20231004,13,19.5,29.5,28.5
20231004,14,19.5,28.625,23.25
20231004,15,19.5,25.285714285714300,23.571428571428600
20231004,16,19.5,26.0,22.333333333333300
20231004,17,19.5,24.6,21.4
20231004,18,19.5,25.2,19.8
20231004,19,19.5,30.25,19.25
20231004,20,19.5,28.666666666666700,19.5
20231004,21,20.7,22.5,17.75
20231004,22,21.0,23.833333333333300,24.666666666666700
20231004,23,21.0,29.2,22.8
20231005,0,21.0,19.0,27.285714285714300
20231005,1,20.625,25.714285714285700,24.142857142857100
20231005,2,21.0,22.666666666666700,35.666666666666700
20231005,3,21.0,22.375,21.125
20231005,4,21.0,14.0,25.5
20231005,5,21.0,27.5,18.8
20231005,6,21.0,23.333333333333300,21.0
20231005,7,21.0,18.285714285714300,19.142857142857100
20231005,8,21.0,27.0,25.0
20231005,9,21.0,24.428571428571400,21.714285714285700
20231005,10,21.0,24.0,23.0
20231005,11,21.0,24.0,21.625
20231005,12,21.0,25.0,21.0
20231005,13,21.0,29.875,21.625
20231005,14,21.0,28.0,24.5
20231005,15,21.0,26.25,24.25
20231005,16,21.0,26.0,23.0
20231005,17,21.0,24.2,21.0
20231005,18,21.0,31.0,19.0
20231005,19,21.0,28.428571428571400,20.428571428571400
20231005,20,21.0,27.5,20.5
20231005,21,21.0,25.142857142857100,20.428571428571400
20231005,22,21.0,19.666666666666700,21.333333333333300
20231005,23,21.0,26.25,27.875
20231006,1,21.0,29.0,18.142857142857100
20231006,2,21.0,27.333333333333300,20.666666666666700
20231006,3,21.0,30.166666666666700,29.166666666666700
20231006,4,21.0,23.5,24.25
20231006,5,21.0,19.125,19.875
20231006,6,21.0,22.0,23.0
20231006,7,21.0,24.428571428571400,23.142857142857100
20231006,8,21.0,24.333333333333300,24.666666666666700
20231006,9,21.0,25.833333333333300,23.0
20231006,10,21.0,26.0,24.0
20231006,11,21.0,27.333333333333300,23.166666666666700
20231006,12,21.0,26.75,22.5
20231006,13,21.0,25.8,23.6
20231006,14,21.0,24.0,22.5
20231006,15,21.0,26.0,24.0
20231006,16,21.0,23.0,22.5
20231006,17,21.0,23.833333333333300,17.833333333333300
20231006,18,21.0,27.75,17.25
20231006,19,21.0,27.4,18.6
20231006,20,21.0,29.8,19.8
20231006,21,20.8,25.2,22.6
20231006,22,20.416666666666700,22.75,23.5
20231006,23,21.0,21.166666666666700,25.0
20231007,0,21.0,21.428571428571400,23.285714285714300
20231007,1,21.0,26.285714285714300,22.571428571428600
20231007,2,21.0,24.666666666666700,23.333333333333300
20231007,3,21.0,28.375,23.0
20231007,4,21.0,30.666666666666700,19.0
20231007,5,21.0,25.555555555555600,20.444444444444400
20231007,6,21.0,23.5,24.5
20231007,7,21.0,18.333333333333300,24.833333333333300
20231007,8,21.0,21.666666666666700,21.0
20231007,9,21.0,20.166666666666700,23.166666666666700
20231007,10,21.0,21.5,21.0
20231007,11,21.0,23.0,21.125
20231007,12,20.0,25.333333333333300,20.333333333333300
20231007,13,21.0,23.375,20.75
20231007,14,21.0,22.5,20.0
20231007,15,21.0,23.428571428571400,22.857142857142900
20231007,16,20.666666666666700,26.5,22.833333333333300
20231007,17,21.0,27.0,22.5
20231007,18,21.0,25.0,20.4
20231007,19,21.0,30.4,24.6
20231007,20,21.0,24.25,22.0
20231007,21,21.0,22.166666666666700,22.166666666666700
20231007,22,21.0,26.666666666666700,27.0
20231007,23,21.0,28.0,23.714285714285700
20231008,0,21.0,22.857142857142900,26.285714285714300
20231008,1,19.833333333333300,29.6,22.2
20231008,2,21.0,27.75,29.75
20231008,3,21.0,26.75,22.25
20231008,4,21.0,29.0,21.0
20231008,5,21.0,26.375,22.25
20231008,6,21.0,28.333333333333300,21.333333333333300
20231008,7,20.166666666666700,21.333333333333300,30.333333333333300
20231008,8,20.0,24.0,29.0
20231008,9,20.142857142857100,22.142857142857100,22.857142857142900
20231008,10,21.0,23.0,17.666666666666700
20231008,11,21.0,27.25,21.625
20231008,12,21.0,30.0,23.333333333333300
20231008,13,21.0,29.0,23.75
20231008,14,21.0,25.0,25.0
20231008,15,21.0,33.0,23.5
20231008,16,21.0,29.0,24.333333333333300
20231008,17,21.0,29.0,26.4
20231008,18,21.0,25.5,19.25
20231008,19,21.0,27.666666666666700,23.666666666666700
20231008,20,21.0,24.75,23.75
20231008,21,21.0,20.333333333333300,22.166666666666700
20231008,22,21.0,27.25,24.0
20231008,23,21.0,24.0,29.5
20231009,0,21.0,27.428571428571400,28.285714285714300
20231009,1,21.0,26.285714285714300,34.0
20231009,2,21.0,26.0,24.5
20231009,3,20.5,25.833333333333300,25.833333333333300
20231009,4,20.5,30.0,28.25
20231009,5,20.5,23.6,21.3
20231009,6,20.5,26.0,17.0
20231009,7,20.5,24.857142857142900,21.571428571428600
20231009,8,20.5,34.0,23.0
20231009,9,20.5,23.142857142857100,27.0
20231009,10,20.5,21.0,27.333333333333300
20231009,11,20.5,24.625,26.375
20231009,12,20.5,28.0,24.0
20231009,13,20.8125,27.625,23.5
20231009,14,21.0,25.0,23.0
20231009,15,21.0,27.77777777777780,22.555555555555600
20231009,16,21.0,30.75,23.75
20231009,17,21.2,27.8,22.6
20231009,18,21.0,25.0,18.0
20231009,19,20.625,26.0,23.333333333333300
20231009,20,20.0,27.5,24.666666666666700
20231009,21,21.0,19.0,19.5
20231009,22,21.0,24.0,26.333333333333300
20231009,23,21.0,27.6,27.6
20231010,0,21.0,29.571428571428600,29.857142857142900
20231010,1,21.0,33.57142857142860,19.285714285714300
20231010,2,21.0,32.0,19.0
20231010,3,21.0,25.625,27.875
20231010,4,21.0,20.666666666666700,24.0
20231010,5,21.0,31.444444444444400,21.555555555555600
20231010,6,21.0,28.0,30.0
20231010,7,21.0,30.0,19.333333333333300
20231010,8,21.0,23.4,24.0
20231010,9,21.0,28.5,18.5
20231010,10,21.0,25.0,21.428571428571400
20231010,11,21.0,27.0,21.0
20231010,12,21.0,28.4,24.0
20231010,13,21.0,23.8,26.0
20231010,14,21.0,26.833333333333300,23.833333333333300
20231010,15,21.0,25.0,24.0
20231010,16,21.0,26.0,21.142857142857100
20231010,17,21.0,26.0,22.0
20231010,18,21.0,25.714285714285700,20.428571428571400
20231010,19,21.0,30.0,20.0
20231010,20,21.0,29.8,21.2
20231010,21,21.0,28.4,23.6
20231010,22,21.0,21.0,21.333333333333300
20231010,23,21.0,15.166666666666700,25.166666666666700
20231011,0,21.0,26.142857142857100,19.571428571428600
20231011,1,21.0,28.857142857142900,24.571428571428600
20231011,2,21.0,22.5,25.5
20231011,3,21.0,25.5,16.75
20231011,4,21.0,14.0,32.333333333333300
20231011,5,21.0,25.11111111111110,27.11111111111110
20231011,6,21.0,26.4,19.0
20231011,7,21.0,30.6,22.0
20231011,8,21.0,24.333333333333300,20.333333333333300
20231011,9,21.0,22.428571428571400,20.428571428571400
20231011,10,21.0,23.666666666666700,22.666666666666700
20231011,11,21.0,26.428571428571400,21.571428571428600
20231011,12,21.0,28.0,21.5
20231011,13,21.0,29.833333333333300,23.166666666666700
20231011,14,21.0,28.0,21.5
20231011,15,20.857142857142900,30.0,22.285714285714300
20231011,16,21.0,21.8,22.4
20231011,17,21.0,24.2,24.2
20231011,18,21.0,30.75,25.25
20231011,19,21.0,34.0,19.6
20231011,20,21.0,29.666666666666700,20.666666666666700
20231011,21,21.0,26.25,18.0
20231011,22,21.0,22.5,21.0
20231011,23,21.0,27.625,21.75
20231012,0,21.0,24.285714285714300,25.857142857142900
20231012,1,21.0,23.857142857142900,23.0
20231012,2,21.0,13.0,26.5
20231012,3,21.0,26.125,22.0
20231012,4,21.0,41.0,20.0
20231012,5,21.0,24.0,18.285714285714300
20231012,6,21.0,24.0,21.333333333333300
20231012,7,21.0,27.0,25.333333333333300
20231012,8,21.0,30.0,23.0
20231012,9,21.0,28.75,22.0
20231012,10,21.0,28.0,24.0
20231012,11,21.0,26.0,21.833333333333300
20231012,12,21.0,25.666666666666700,21.666666666666700
20231012,13,21.0,29.142857142857100,22.428571428571400
20231012,14,21.0,29.666666666666700,25.333333333333300
20231012,15,21.0,22.6,24.4
20231012,16,21.0,25.666666666666700,24.333333333333300
20231012,17,21.0,25.0,21.142857142857100
20231012,18,21.0,26.0,20.0
20231012,19,21.0,28.428571428571400,20.428571428571400
20231012,20,21.0,27.5,20.5
20231012,21,21.0,26.5,22.0
20231012,22,21.0,23.333333333333300,24.666666666666700
20231012,23,21.0,24.625,20.125
20231013,0,19.714285714285700,23.714285714285700,27.0
20231013,1,20.75,36.714285714285700,21.857142857142900
20231013,2,21.0,26.5,23.5
20231013,3,21.0,27.375,20.125
20231013,4,21.0,30.5,22.0
20231013,5,21.0,28.0,14.7
20231013,6,21.0,28.333333333333300,21.333333333333300
20231013,7,21.0,30.2,23.4
20231013,8,21.0,28.0,24.8
20231013,9,21.0,27.75,20.5
20231013,10,21.0,28.5,21.833333333333300
20231013,11,21.0,22.25,22.25
20231013,12,21.0,21.833333333333300,22.0
20231013,13,21.2,28.6,21.0
20231013,14,21.0,24.6,23.2
20231013,15,21.0,26.3,22.3
20231013,16,21.0,23.0,22.5
20231013,17,21.0,21.714285714285700,20.142857142857100
20231013,18,21.0,23.0,19.0
20231013,19,21.0,29.285714285714300,20.571428571428600
20231013,20,21.0,29.5,20.0
20231013,21,21.0,29.428571428571400,22.571428571428600
20231013,22,21.0,21.666666666666700,23.333333333333300
20231013,23,21.0,23.75,23.375
20231014,0,21.0,24.0,24.285714285714300
20231014,1,19.875,24.75,27.25
20231014,2,20.0,22.0,21.0
20231014,3,20.5,21.125,24.5
20231014,4,21.0,24.5,26.0
20231014,5,21.0,27.88888888888890,18.77777777777780
20231014,6,21.0,24.5,17.75
20231014,7,21.0,20.5,20.5
20231014,8,21.0,22.0,23.5
20231014,9,21.0,23.285714285714300,22.571428571428600
20231014,10,21.0,20.333333333333300,20.666666666666700
20231014,11,21.0,25.0,19.714285714285700
20231014,12,21.0,23.0,20.0
20231014,13,21.0,27.428571428571400,21.857142857142900
20231014,14,21.0,29.0,23.0
20231014,15,21.0,26.3,22.3
20231014,16,21.0,24.0,22.5
20231014,17,20.833333333333300,24.5,23.333333333333300
20231014,18,21.0,26.0,23.333333333333300
20231014,19,21.0,28.142857142857100,22.285714285714300
20231014,20,21.666666666666700,26.0,27.0
20231014,21,21.0,21.142857142857100,22.428571428571400
20231014,22,21.0,25.333333333333300,28.333333333333300
20231014,23,21.0,24.571428571428600,26.571428571428600
20231015,0,21.0,28.285714285714300,30.0
20231015,1,21.0,24.125,33.375
20231015,2,21.0,27.0,22.0
20231015,3,21.0,26.75,22.25
20231015,4,21.0,35.5,28.5
20231015,5,21.0,28.22222222222220,23.444444444444400
20231015,6,21.0,22.0,24.4
20231015,7,21.0,17.6,22.4
20231015,8,21.0,21.0,23.333333333333300
20231015,9,21.0,19.857142857142900,23.142857142857100
20231015,10,21.0,24.333333333333300,22.0
20231015,11,20.428571428571400,24.714285714285700,24.142857142857100
20231015,12,20.0,25.666666666666700,23.666666666666700
20231015,13,20.333333333333300,24.833333333333300,22.833333333333300
20231015,14,20.5,32.25,21.0
20231015,15,20.5,28.5,21.666666666666700
20231015,16,20.785714285714300,26.857142857142900,21.571428571428600
20231015,17,21.5,22.666666666666700,22.666666666666700
20231015,18,21.0,27.166666666666700,22.0
20231015,19,21.0,24.75,21.75
20231015,20,21.0,26.4,24.8
20231015,21,21.0,22.6,24.8
20231015,22,21.0,27.25,24.0
20231015,23,21.0,27.333333333333300,26.666666666666700
20231016,0,21.0,26.428571428571400,25.571428571428600
20231016,1,21.0,30.75,19.75
20231016,2,21.0,35.5,16.0
20231016,3,21.0,37.857142857142900,24.0
20231016,4,21.0,40.5,27.0
20231016,5,21.0,29.22222222222220,23.77777777777780
20231016,6,21.0,25.0,37.5
20231016,7,21.0,24.571428571428600,27.0
20231016,8,21.0,30.5,22.0
20231016,9,21.0,27.571428571428600,21.142857142857100
20231016,10,21.0,26.0,24.666666666666700
20231016,11,21.0,27.5,22.125
20231016,12,21.0,31.666666666666700,23.666666666666700
20231016,13,21.0,30.125,25.0
20231016,14,21.0,29.333333333333300,23.5
20231016,15,21.0,24.571428571428600,23.714285714285700
20231016,16,21.0,22.25,22.75
20231016,17,21.0,24.5,20.25
20231016,18,21.0,19.0,20.0
20231016,19,21.0,27.0,20.571428571428600
20231016,20,21.0,31.333333333333300,25.0
20231016,21,20.785714285714300,26.714285714285700,19.285714285714300
20231016,22,21.0,18.666666666666700,25.333333333333300
20231016,23,20.625,24.0,27.25
20231017,0,20.571428571428600,21.0,35.42857142857140
20231017,1,19.5,28.125,18.375
20231017,2,19.5,25.0,24.0
20231017,3,20.75,33.5,20.625
20231017,4,21.5,18.0,25.5
20231017,5,21.5,25.75,23.875
20231017,6,21.5,25.2,25.2
20231017,7,21.5,24.6,22.2
20231017,8,21.5,25.75,23.25
20231017,9,21.5,25.5,24.166666666666700
20231017,10,21.5,19.0,24.25
20231017,11,21.5,23.666666666666700,22.666666666666700
20231017,12,21.5,27.0,21.5
20231017,13,21.5,27.25,23.75
20231017,14,20.625,27.285714285714300,23.571428571428600
20231017,15,20.5,21.571428571428600,21.857142857142900
20231017,16,21.0,22.333333333333300,21.333333333333300
20231017,17,21.0,24.0,20.0
20231017,18,21.0,27.333333333333300,21.166666666666700
20231017,19,21.0,31.8,19.4
20231017,20,21.0,29.4,20.4
20231017,21,21.0,27.0,19.8
20231017,22,21.0,25.0,20.25
20231017,23,21.0,23.6,24.8
20231018,0,21.0,25.125,21.125
20231018,1,21.0,28.0,19.4
20231018,2,21.0,36.2,26.8
20231018,3,21.0,34.5,22.25
20231018,4,21.0,36.666666666666700,21.833333333333300
20231018,5,21.0,27.857142857142900,17.285714285714300
20231018,6,21.0,25.6,21.0
20231018,7,21.0,26.6,19.0
20231018,8,21.0,29.25,18.25
20231018,9,21.0,28.333333333333300,19.333333333333300
20231018,10,21.0,25.5,22.0
20231018,11,21.0,26.428571428571400,21.571428571428600
20231018,12,21.0,26.0,23.0
20231018,13,21.0,31.0,23.5
20231018,14,20.666666666666700,30.333333333333300,22.666666666666700
20231018,15,20.5,23.5,23.0
20231018,16,20.5,25.0,21.166666666666700
20231018,17,20.5,27.25,20.25
20231018,18,20.5,25.75,21.0
20231018,19,20.5,28.75,21.5
20231018,20,20.4,32.6,20.8
20231018,21,20.0,28.2,19.8
20231018,22,21.0,20.75,25.5
20231018,23,21.0,22.75,23.25
20231019,0,21.0,20.25,22.75
20231019,1,21.0,23.857142857142900,23.0
20231019,2,21.0,27.5,32.5
20231019,3,21.0,24.333333333333300,31.333333333333300
20231019,4,19.8,28.4,22.2
20231019,5,19.5,31.0,17.444444444444400
20231019,6,19.5,27.5,22.0
20231019,7,19.5,24.0,22.5
20231019,8,19.5,21.666666666666700,23.666666666666700
20231019,9,19.5,25.25,20.0
20231019,10,19.5,30.5,22.166666666666700
20231019,11,19.5,32.0,23.0
20231019,12,19.5,32.0,23.0
20231019,13,20.4,27.6,23.2
20231019,14,21.0,26.6,23.0
20231019,15,21.0,24.714285714285700,22.571428571428600
20231019,16,21.0,24.25,23.25
20231019,17,21.0,25.0,21.75
20231019,18,21.0,28.6,22.2
20231019,19,21.0,28.6,24.0
20231019,20,21.0,31.666666666666700,22.0
20231019,21,21.0,22.0,21.0
20231019,22,21.0,23.333333333333300,24.666666666666700
20231019,23,21.0,24.6,24.2
20231020,0,21.0,24.0,25.8
20231020,1,21.0,34.25,25.0
20231020,2,21.0,24.8,21.8
20231020,3,21.0,27.6,19.0
20231020,4,21.0,28.333333333333300,21.833333333333300
20231020,5,21.0,28.125,21.0
20231020,6,21.0,25.25,25.0
20231020,7,21.0,30.25,32.75
20231020,8,21.0,26.75,23.75
20231020,9,21.0,25.8,20.2
20231020,10,21.0,24.0,21.0
20231020,11,21.0,23.2,21.6
20231020,12,21.0,27.25,23.5
20231020,13,21.0,27.0,22.5
20231020,14,21.0,24.0,21.4
20231020,15,21.0,24.4,22.0
20231020,16,21.0,23.5,23.5
20231020,17,21.0,19.6,18.4
20231020,18,21.0,21.6,20.2
20231020,19,21.0,29.0,19.0
20231020,20,21.0,28.75,19.75
20231020,21,21.0,26.4,18.6
20231020,22,21.0,19.25,22.0
20231020,23,21.0,23.75,23.375
20231021,0,21.0,30.0,15.333333333333300
20231021,1,21.0,27.0,35.0
20231021,2,21.0,19.0,19.8
20231021,3,21.0,22.6,19.8
20231021,4,21.0,23.0,32.666666666666700
20231021,5,21.0,22.142857142857100,18.857142857142900
20231021,6,21.0,24.0,18.0
20231021,7,21.0,24.5,23.25
20231021,8,21.0,19.6,24.4
20231021,9,20.7,19.8,22.4
20231021,10,20.5,21.0,19.75
20231021,11,20.5,23.0,21.2
20231021,12,20.5,22.2,23.2
20231021,13,21.0,22.2,21.2
20231021,14,21.0,22.6,21.8
20231021,15,21.0,23.571428571428600,24.428571428571400
20231021,16,20.5,24.0,20.75
20231021,17,20.75,22.5,25.0
20231021,18,21.2,21.2,23.0
20231021,19,21.0,30.25,22.0
20231021,20,21.0,26.2,23.6
20231021,21,21.0,22.333333333333300,23.0
20231021,22,21.0,23.5,27.5
20231021,23,20.75,27.5,25.25
20231022,0,21.0,25.571428571428600,31.428571428571400
20231022,1,21.0,30.0,28.666666666666700
20231022,2,21.0,27.833333333333300,23.666666666666700
20231022,3,21.0,29.25,17.75
20231022,4,21.0,29.0,24.25
20231022,5,21.0,26.75,17.0
20231022,6,21.0,22.5,23.5
20231022,7,21.0,23.75,20.25
20231022,8,21.0,23.8,18.8
20231022,9,21.0,25.5,29.75
20231022,10,20.0,19.5,24.666666666666700
20231022,11,20.0,29.666666666666700,21.333333333333300
20231022,12,20.0,28.2,21.0
20231022,13,20.0,27.5,24.25
20231022,14,19.7,29.0,21.0
20231022,15,20.357142857142900,32.857142857142900,26.0
20231022,16,21.0,30.25,25.5
20231022,17,21.0,31.0,21.5
20231022,18,21.0,30.25,21.75
20231022,19,21.0,32.5,24.0
20231022,20,21.0,27.0,21.0
20231022,21,20.1,22.8,23.6
20231022,22,20.25,22.25,24.0
20231022,23,21.0,24.8,28.0
20231023,0,21.0,27.125,31.5
20231023,1,21.0,31.666666666666700,33.833333333333300
20231023,2,21.0,33.6,20.6
20231023,3,21.0,27.6,32.6
20231023,4,21.0,33.25,28.0
20231023,5,21.0,27.75,26.5
20231023,6,21.0,22.0,20.75
20231023,7,21.0,32.6,24.2
20231023,8,21.0,25.0,19.6
20231023,9,21.0,25.666666666666700,21.666666666666700
20231023,10,21.0,26.666666666666700,22.5
20231023,11,21.0,26.8,22.2
20231023,12,21.0,33.0,22.75
20231023,13,21.0,28.666666666666700,21.333333333333300
20231023,14,21.0,27.0,22.0
20231023,15,21.0,26.666666666666700,23.833333333333300
20231023,16,21.0,23.0,16.0
20231023,17,21.0,25.0,20.0
20231023,18,21.0,25.0,20.0
20231023,19,21.0,26.0,24.0
20231023,20,21.0,34.0,24.0
20231023,21,21.0,24.8,23.4
20231023,22,21.0,22.0,21.25
20231023,23,23.0,21.666666666666700,22.833333333333300
20231024,0,21.25,23.571428571428600,22.142857142857100
20231024,1,21.0,26.833333333333300,22.5
20231024,2,21.0,33.833333333333300,17.5
20231024,3,21.0,38.75,21.25
20231024,4,21.0,28.5,26.75
20231024,5,21.0,29.75,22.625
20231024,6,21.0,19.2,17.4
20231024,7,21.0,21.25,22.25
20231024,8,21.0,27.8,25.4
20231024,9,21.0,29.25,22.0
20231024,10,21.0,26.2,21.8
20231024,11,21.0,26.5,22.25
20231024,12,21.0,32.0,22.666666666666700
20231024,13,21.0,27.333333333333300,23.666666666666700
20231024,14,21.0,25.75,24.25
20231024,15,21.0,27.714285714285700,22.857142857142900
20231024,16,21.0,25.5,21.75
20231024,17,21.0,26.0,21.0
20231024,18,21.0,30.4,19.6
20231024,19,21.0,30.6,19.6
20231024,20,21.0,28.8,20.2
20231024,21,21.0,21.75,20.5
20231024,22,21.0,20.75,22.0
20231024,23,21.0,20.333333333333300,24.5
20231025,0,21.0,23.5,24.375
20231025,1,21.0,23.2,25.2
20231025,2,21.0,28.0,20.0
20231025,3,21.0,37.25,23.75
20231025,4,21.0,33.0,23.666666666666700
20231025,5,21.0,26.25,18.875
20231025,6,21.0,28.8,20.4
20231025,7,21.0,27.8,17.2
20231025,8,21.0,30.333333333333300,23.666666666666700
20231025,9,21.0,26.0,20.0
20231025,10,21.0,27.6,20.2
20231025,11,21.0,27.666666666666700,22.833333333333300
20231025,12,21.0,25.6,23.2
20231025,13,21.0,28.6,23.0
20231025,14,21.0,25.166666666666700,23.5
20231025,15,21.0,25.857142857142900,22.714285714285700
20231025,16,21.0,30.0,19.333333333333300
20231025,17,21.0,29.6,19.4
20231025,18,21.0,26.25,18.25
20231025,19,21.0,32.4,18.6
20231025,20,21.0,27.5,19.0
20231025,21,20.5,24.666666666666700,21.0
20231025,22,21.0,20.833333333333300,22.5
20231025,23,21.0,27.0,22.0
20231026,0,21.0,24.875,19.875
20231026,1,21.0,25.666666666666700,23.0
20231026,2,21.0,29.6,17.0
20231026,3,21.0,27.6,17.2
20231026,4,21.0,21.833333333333300,27.5
20231026,5,21.0,26.75,28.125
20231026,6,21.0,22.0,21.8
20231026,7,21.0,24.333333333333300,32.0
20231026,8,21.0,30.0,26.333333333333300
20231026,9,21.0,27.333333333333300,19.333333333333300
20231026,10,21.0,28.4,21.8
20231026,11,21.0,26.75,23.5
20231026,12,21.0,24.333333333333300,22.0
20231026,13,21.0,28.0,21.6
20231026,14,21.0,29.25,21.75
20231026,15,21.0,27.5,22.833333333333300
20231026,16,21.0,28.666666666666700,21.666666666666700
20231026,17,21.0,28.25,20.5
20231026,18,21.0,28.8,19.8
20231026,19,21.0,29.4,21.8
20231026,20,21.0,32.6,20.6
20231026,21,21.0,27.0,21.4
20231026,22,21.0,23.4,20.6
20231026,23,21.0,18.0,26.5
20231027,0,21.0,20.875,21.875
20231027,1,21.0,28.666666666666700,21.333333333333300
20231027,2,21.0,27.666666666666700,24.666666666666700
20231027,3,21.0,35.5,29.666666666666700
20231027,4,21.0,34.0,18.0
20231027,5,21.0,31.0,15.166666666666700
20231027,6,21.0,24.75,28.5
20231027,7,21.0,26.2,26.4
20231027,8,21.0,25.8,22.6
20231027,9,21.0,28.0,22.0
20231027,10,21.0,28.5,22.25
20231027,11,21.0,25.833333333333300,22.166666666666700
20231027,12,21.0,27.8,22.4
20231027,13,20.6,28.0,24.4
20231027,14,21.0,26.4,24.4
20231027,15,21.0,23.625,22.375
20231027,16,21.0,25.333333333333300,22.0
20231027,17,21.0,22.6,18.8
20231027,18,21.0,23.8,19.4
20231027,19,21.0,28.0,20.8
20231027,20,21.0,29.0,19.666666666666700
20231027,21,21.0,27.166666666666700,20.333333333333300
20231027,22,22.25,21.5,21.5
20231027,23,21.0,21.0,27.0
20231028,0,21.0,25.142857142857100,27.285714285714300
20231028,1,21.0,30.833333333333300,28.166666666666700
20231028,2,21.0,25.75,25.25
20231028,3,21.0,24.0,27.5
20231028,4,21.0,26.0,20.0
20231028,5,20.0,22.428571428571400,24.714285714285700
20231028,6,20.0,22.2,21.2
20231028,7,20.0,26.4,25.6
20231028,8,21.25,23.25,18.5
20231028,9,22.5,18.75,24.0
20231028,10,22.5,20.25,20.625
20231028,11,21.75,24.75,22.75
20231028,12,20.625,27.375,21.875
20231028,13,20.75,25.0,22.125
20231028,14,21.1875,26.625,25.75
20231028,15,21.0,24.5,23.25
20231028,16,21.0,30.285714285714300,23.285714285714300
20231028,17,21.0,32.285714285714300,23.285714285714300
20231028,18,21.0,28.0,22.714285714285700
20231028,19,21.0,29.857142857142900,21.857142857142900
20231028,20,21.0,27.875,24.375
20231028,21,21.0,19.875,22.0
20231028,22,21.0,27.0,27.375
20231028,23,21.0,29.75,26.625
20231029,0,21.0,26.583333333333300,24.166666666666700
20231029,1,21.0,22.0,25.875
20231029,2,20.375,25.25,23.375
20231029,3,20.375,27.25,17.125
20231029,4,21.0,22.5,17.125
20231029,5,21.0,23.333333333333300,21.833333333333300
20231029,6,21.0,23.0,21.428571428571400
20231029,7,21.0,26.857142857142900,19.428571428571400
20231029,8,21.0,27.0,25.857142857142900
20231029,9,21.0,23.0,23.0
20231029,10,21.0,23.125,20.875
20231029,11,21.0,25.75,24.25
20231029,12,21.0,20.0,23.5
20231029,13,21.0,22.75,21.375
20231029,14,21.0,21.875,23.25
20231029,15,21.0,26.666666666666700,24.916666666666700
20231029,16,21.142857142857100,28.428571428571400,22.142857142857100
20231029,17,21.714285714285700,25.857142857142900,21.285714285714300
20231029,18,21.0,27.142857142857100,22.857142857142900
20231029,19,21.0,29.714285714285700,22.857142857142900
20231029,20,21.0,30.875,24.375
20231029,21,21.0,27.125,24.125
20231029,22,21.0,28.25,23.75
20231029,23,21.0,28.125,20.125
20231030,0,20.541666666666700,29.666666666666700,20.5
20231030,1,20.0,31.75,21.25
20231030,2,20.0,30.125,22.0
20231030,3,20.0,30.25,18.625
20231030,4,20.0,26.75,19.375
20231030,5,20.0,30.5,26.75
20231030,6,20.0,21.571428571428600,25.571428571428600
20231030,7,20.0,23.142857142857100,20.714285714285700
20231030,8,20.0,28.0,21.714285714285700
20231030,9,20.0,26.142857142857100,26.285714285714300
20231030,10,20.0,26.75,23.875
20231030,11,20.0,27.875,24.0
20231030,12,20.0,31.125,22.75
20231030,13,20.0,29.875,23.125
20231030,14,20.625,31.0,23.625
20231030,15,21.0,26.416666666666700,22.416666666666700
20231030,16,21.0,27.285714285714300,23.142857142857100
20231030,17,21.0,30.142857142857100,20.571428571428600
20231030,18,21.0,29.0,20.0
20231030,19,20.785714285714300,28.285714285714300,19.714285714285700
20231030,20,19.6875,30.75,21.25
20231030,21,21.0,24.875,23.5
20231030,22,21.0,22.25,23.25
20231030,23,21.0,24.875,28.5
20231101,0,21.0,26.916666666666700,22.75
20231101,1,21.0,25.625,19.875
20231101,2,21.0,28.875,21.125
20231101,3,21.0,30.25,23.25
20231101,4,21.0,24.375,24.125
20231101,5,21.0,27.416666666666700,27.666666666666700
20231101,6,21.0,27.428571428571400,19.0
20231101,7,21.0,26.857142857142900,20.857142857142900
20231101,8,21.0,27.571428571428600,21.0
20231101,9,21.0,24.142857142857100,19.571428571428600
20231101,10,21.0,28.625,22.0
20231101,11,21.0,26.5,21.875
20231101,12,21.0,26.5,24.125
20231101,13,21.0,26.875,24.0
20231101,14,25.5,27.0,22.25
20231101,15,27.0,23.833333333333300,22.75
20231101,16,27.0,26.285714285714300,22.428571428571400
20231101,17,27.0,26.142857142857100,22.285714285714300
20231101,18,27.0,28.428571428571400,21.0
20231101,19,27.0,28.142857142857100,21.857142857142900
20231101,20,27.0,31.875,21.75
20231101,21,24.75,26.25,23.5
20231101,22,23.625,22.75,24.5
20231101,23,21.0,24.75,24.5
20231102,0,21.0,21.25,27.916666666666700
20231102,1,21.0,26.625,19.75
20231102,2,21.0,32.0,24.875
20231102,3,21.0,27.125,14.75
20231102,4,21.0,32.0,19.75
20231102,5,21.0,25.5,21.166666666666700
20231102,6,21.0,22.571428571428600,18.571428571428600
20231102,7,21.0,21.428571428571400,13.571428571428600
20231102,8,21.0,29.0,20.285714285714300
20231102,9,21.0,28.428571428571400,17.857142857142900
20231102,10,21.0,23.625,23.625
20231102,11,21.0,25.625,23.375
20231102,12,21.0,32.75,25.375
20231102,13,21.0,28.0,25.333333333333300
20231102,14,21.0,30.125,25.25
20231102,15,21.0,28.333333333333300,23.416666666666700
20231102,16,21.0,23.857142857142900,23.714285714285700
20231102,17,21.0,26.428571428571400,22.285714285714300
20231102,18,21.0,26.0,20.857142857142900
20231102,19,21.0,28.0,20.857142857142900
20231102,20,21.0,28.875,20.125
20231102,21,21.0,29.375,22.75
20231102,22,24.0,22.0,19.625
20231102,23,25.0,20.875,21.0
20231103,0,21.0,25.5,21.25
20231103,1,20.5625,27.625,22.0
20231103,2,20.4375,31.125,23.75
20231103,3,20.0,37.0,26.25
20231103,4,20.0,30.625,16.875
20231103,5,20.0,30.5,21.416666666666700
20231103,6,20.0,24.714285714285700,19.285714285714300
20231103,7,20.0,24.428571428571400,22.857142857142900
20231103,8,20.0,27.0,19.0
20231103,9,20.0,30.857142857142900,19.428571428571400
20231103,10,20.0,27.125,21.125
20231103,11,20.0,24.125,22.5
20231103,12,20.0,25.875,23.25
20231103,13,20.0,24.75,23.0
20231103,14,20.625,23.25,22.25
20231103,15,21.0,23.25,22.916666666666700
20231103,16,20.571428571428600,26.428571428571400,22.0
20231103,17,19.5,24.428571428571400,21.142857142857100
20231103,18,19.5,27.714285714285700,18.714285714285700
20231103,19,19.5,28.142857142857100,19.857142857142900
20231103,20,19.5,33.375,20.75
20231103,21,20.4375,32.875,25.375
20231103,22,21.0,24.75,24.375
20231103,23,20.75,23.5,25.875
20231104,0,20.0,22.416666666666700,24.5
20231104,1,20.0,28.0,22.875
20231104,2,20.5,29.125,20.25
20231104,3,21.0,41.5,23.125
20231104,4,21.0,30.5,19.5
20231104,5,21.0,25.916666666666700,23.416666666666700
20231104,6,21.0,24.714285714285700,22.142857142857100
20231104,7,21.0,26.0,21.571428571428600
20231104,8,21.0,24.857142857142900,23.571428571428600
20231104,9,21.0,19.857142857142900,21.142857142857100
20231104,10,21.0,20.875,20.125
20231104,11,21.0,22.125,21.75
20231104,12,20.4375,24.375,22.125
20231104,13,20.25,26.0,23.125
20231104,14,21.0,22.875,22.75
20231104,15,21.0,27.0,22.166666666666700
20231104,16,20.642857142857100,28.714285714285700,21.857142857142900
20231104,17,20.5,26.428571428571400,21.285714285714300
20231104,18,21.0,28.285714285714300,22.142857142857100
20231104,19,21.0,26.857142857142900,21.571428571428600
20231104,20,21.0,29.875,22.625
20231104,21,21.0,24.625,23.375
20231104,22,21.0,25.25,25.5
20231104,23,21.0,30.125,28.0
20231105,0,21.0,27.916666666666700,24.166666666666700
20231105,1,21.0,25.25,25.75
20231105,2,21.125,27.75,23.875
20231105,3,21.5,27.625,23.0
20231105,4,21.5,28.5,26.375
20231105,5,21.5,25.666666666666700,22.75
20231105,6,21.5,25.142857142857100,20.428571428571400
20231105,7,21.5,16.428571428571400,23.857142857142900
20231105,8,21.5,19.714285714285700,23.285714285714300
20231105,9,21.285714285714300,22.571428571428600,18.285714285714300
20231105,10,21.0,24.625,21.125
20231105,11,21.0,25.375,22.5
20231105,12,21.0,26.5,24.0
20231105,13,21.0,25.625,23.375
20231105,14,21.0,24.25,21.625
20231105,15,21.0,28.5,22.833333333333300
20231105,16,21.857142857142900,28.0,22.428571428571400
20231105,17,22.0,26.428571428571400,23.714285714285700
20231105,18,22.0,28.714285714285700,25.285714285714300
20231105,19,22.0,33.0,25.0
20231105,20,22.0,29.25,21.5
20231105,21,21.875,26.125,25.125
20231105,22,20.0625,27.375,24.875
20231105,23,21.0,28.375,26.375
20231106,0,24.5,27.75,25.75
20231106,1,27.0,29.25,21.875
20231106,2,23.25,38.625,19.875
20231106,3,21.0,31.875,19.0
20231106,4,21.0,31.125,21.875
20231106,5,21.0,30.75,20.083333333333300
20231106,6,21.0,22.571428571428600,22.0
20231106,7,21.0,25.0,21.0
20231106,8,21.0,16.857142857142900,23.0
20231106,9,21.0,24.857142857142900,20.142857142857100
20231106,10,21.0,29.75,20.0
20231106,11,21.0,29.125,21.0
20231106,12,21.0,28.5,22.375
20231106,13,21.0,29.875,23.0
20231106,14,21.0,27.125,21.25
20231106,15,21.0,27.666666666666700,22.0
20231106,16,21.0,25.428571428571400,22.285714285714300
20231106,17,21.0,29.142857142857100,20.857142857142900
20231106,18,21.0,26.428571428571400,19.857142857142900
20231106,19,21.0,29.285714285714300,19.571428571428600
20231106,20,21.0,32.25,22.375
20231106,21,20.4375,31.0,20.125
20231106,22,19.5,22.75,23.75
20231106,23,19.5,20.5,23.0
20231107,0,19.5,25.333333333333300,26.583333333333300
20231107,1,19.5,26.75,20.25
20231107,2,19.5,27.0,24.125
20231107,3,19.5,30.625,17.75
20231107,4,19.5,33.625,16.25
20231107,5,19.5,33.25,21.166666666666700
20231107,6,19.5,25.714285714285700,22.571428571428600
20231107,7,19.5,26.0,23.285714285714300
20231107,8,19.5,26.0,20.285714285714300
20231107,9,19.5,26.714285714285700,21.428571428571400
20231107,10,19.5,26.625,22.75
20231107,11,19.5,26.875,23.875
20231107,12,19.5,28.75,24.25
20231107,13,19.5,30.25,25.125
20231107,14,19.5,26.375,23.0
20231107,15,19.5,25.583333333333300,22.583333333333300
20231107,16,19.5,27.142857142857100,21.142857142857100
20231107,17,19.5,25.142857142857100,21.857142857142900
20231107,18,19.5,28.428571428571400,21.0
20231107,19,19.5,30.0,20.142857142857100
20231107,20,19.5,30.875,21.25
20231107,21,19.5625,27.875,20.25
20231107,22,19.5,23.75,23.625
20231107,23,21.0,29.875,26.0
20231108,0,21.0,25.916666666666700,24.333333333333300
20231108,1,21.0,29.125,28.375
20231108,2,21.0,27.875,26.375
20231108,3,21.0,28.625,16.125
20231108,4,21.0,26.375,21.125
20231108,5,21.0,22.916666666666700,17.416666666666700
20231108,6,21.0,24.142857142857100,21.142857142857100
20231108,7,21.0,24.857142857142900,27.714285714285700
20231108,8,21.0,26.285714285714300,22.571428571428600
20231108,9,21.0,29.571428571428600,22.714285714285700
20231108,10,21.0,27.75,23.125
20231108,11,21.0,29.125,22.875
20231108,12,21.0,26.625,23.5
20231108,13,21.0,26.125,23.0
20231108,14,21.0,27.375,23.0
20231108,15,21.0,25.666666666666700,22.666666666666700
20231108,16,21.0,25.571428571428600,21.142857142857100
20231108,17,21.0,21.714285714285700,19.285714285714300
20231108,18,21.0,22.857142857142900,19.142857142857100
20231108,19,21.0,31.142857142857100,21.0
20231108,20,21.0,27.25,20.125
20231108,21,21.0,27.625,20.5
20231108,22,29.0,24.5,21.875
20231108,23,37.0,16.0,25.75
20231109,0,37.0,16.583333333333300,23.416666666666700
20231109,1,37.0,31.625,24.625
20231109,2,27.0,29.125,30.0
20231109,3,21.0,29.0,21.75
20231109,4,21.0,43.375,21.375
20231109,5,21.0,22.916666666666700,28.0
20231109,6,21.0,25.0,28.714285714285700
20231109,7,21.0,23.571428571428600,22.142857142857100
20231109,8,21.0,28.0,24.428571428571400
20231109,9,21.0,27.714285714285700,19.142857142857100
20231109,10,21.0,24.5,21.25
20231109,11,21.0,25.625,22.25
20231109,12,21.0,28.625,22.375
20231109,13,21.0,26.5,24.125
20231109,14,21.0,24.125,23.875
20231109,15,21.0,26.083333333333300,22.0
20231109,16,21.0,24.285714285714300,21.142857142857100
20231109,17,21.0,24.285714285714300,19.285714285714300
20231109,18,21.0,23.285714285714300,21.714285714285700
20231109,19,21.0,26.285714285714300,19.714285714285700
20231109,20,21.0,27.75,20.375
20231109,21,21.0,32.0,20.0
20231109,22,21.0,25.375,20.25
20231109,23,21.0,23.625,26.0
20231110,0,21.0,22.916666666666700,23.583333333333300
20231110,1,21.0,21.25,24.875
20231110,2,21.0,29.875,16.5
20231110,3,21.0,34.75,16.75
20231110,4,21.0,27.25,20.375
20231110,5,21.0,28.0,21.333333333333300
20231110,6,21.0,25.142857142857100,28.285714285714300
20231110,7,21.0,21.0,21.714285714285700
20231110,8,21.0,24.428571428571400,21.285714285714300
20231110,9,21.0,21.428571428571400,23.428571428571400
20231110,10,21.0,23.375,20.875
20231110,11,21.0,23.375,21.25
20231110,12,21.0,23.625,21.375
20231110,13,21.0,28.625,21.75
20231110,14,21.0,24.0,23.5
20231110,15,21.0,23.0,22.666666666666700
20231110,16,20.285714285714300,23.857142857142900,21.428571428571400
20231110,17,20.285714285714300,22.857142857142900,19.0
20231110,18,21.0,25.571428571428600,18.142857142857100
20231110,19,21.0,28.428571428571400,19.714285714285700
20231110,20,21.0,33.0,19.125
20231110,21,21.0,30.5,20.125
20231110,22,21.0,25.0,22.125
20231110,23,21.0,24.625,23.25
20231111,0,21.0,22.75,26.583333333333300
20231111,1,21.0,27.25,25.0
20231111,2,21.0,25.0,32.875
20231111,3,21.0,26.75,31.125
20231111,4,21.0,18.625,22.75
20231111,5,21.0,20.916666666666700,20.25
20231111,6,21.0,27.571428571428600,18.0
20231111,7,21.0,25.714285714285700,30.571428571428600
20231111,8,21.0,21.0,21.285714285714300
20231111,9,21.0,22.142857142857100,22.857142857142900
20231111,10,21.0,20.5,21.0
20231111,11,21.0,25.375,21.75
20231111,12,21.0,29.25,21.375
20231111,13,21.0,23.375,22.25
20231111,14,21.0,26.625,21.125
20231111,15,21.0,24.416666666666700,23.083333333333300
20231111,16,21.0,26.142857142857100,23.571428571428600
20231111,17,21.0,23.714285714285700,23.714285714285700
20231111,18,20.642857142857100,26.0,23.714285714285700
20231111,19,20.5,24.0,23.857142857142900
20231111,20,20.6875,30.375,21.5
20231111,21,21.0,23.0,24.0
20231111,22,21.0,26.0,23.625
20231111,23,21.0,26.875,29.25
20231112,0,21.0,26.083333333333300,29.916666666666700
20231112,1,21.0,30.375,22.75
20231112,2,21.0,33.5,21.125
20231112,3,21.0,26.375,22.75
20231112,4,21.0,24.875,25.375
20231112,5,21.0,29.333333333333300,18.0
20231112,6,21.0,26.857142857142900,20.714285714285700
20231112,7,21.0,23.0,25.857142857142900
20231112,8,21.0,19.714285714285700,27.285714285714300
20231112,9,21.0,22.428571428571400,25.142857142857100
20231112,10,21.0,23.375,24.25
20231112,11,21.0,25.375,23.25
20231112,12,21.0,25.625,21.375
20231112,13,21.0,18.125,25.375
20231112,14,21.0,16.75,24.375
20231112,15,21.0,29.75,21.583333333333300
20231112,16,21.0,27.285714285714300,23.714285714285700
20231112,17,21.0,26.142857142857100,22.857142857142900
20231112,18,21.0,28.714285714285700,22.428571428571400
20231112,19,21.0,29.428571428571400,23.285714285714300
20231112,20,21.0,26.875,24.125
20231112,21,21.0,22.75,22.5
20231112,22,21.0,27.25,21.5
20231112,23,21.0,25.125,21.625
20231113,0,21.0,26.666666666666700,27.75
20231113,1,21.0,25.625,20.25
20231113,2,21.0,28.5,19.625
20231113,3,21.0,32.375,22.375
20231113,4,21.0,33.5,24.0
20231113,5,21.0,27.833333333333300,24.666666666666700
20231113,6,21.0,24.714285714285700,24.285714285714300
20231113,7,21.0,26.571428571428600,20.714285714285700
20231113,8,21.0,30.428571428571400,19.0
20231113,9,21.0,29.428571428571400,19.714285714285700
20231113,10,21.0,28.375,20.375
20231113,11,20.8125,26.5,21.375
20231113,12,19.5,23.875,25.0
20231113,13,19.5,27.625,24.625
20231113,14,19.875,28.375,22.875
20231113,15,21.0,25.916666666666700,22.5
20231113,16,21.0,24.571428571428600,22.142857142857100
20231113,17,21.0,26.142857142857100,24.285714285714300
20231113,18,21.0,21.285714285714300,23.571428571428600
20231113,19,21.0,26.857142857142900,20.285714285714300
20231113,20,21.0,31.0,20.25
20231113,21,21.0,24.0,22.375
20231113,22,21.0,18.25,23.25
20231113,23,21.0,20.75,25.75
20231114,0,21.0,19.333333333333300,23.25
20231114,1,21.0,27.0,23.25
20231114,2,21.0,34.125,20.125
20231114,3,21.0,41.25,17.25
20231114,4,21.0,27.875,20.625
20231114,5,21.0,18.0,27.333333333333300
20231114,6,21.0,20.142857142857100,20.0
20231114,7,21.0,25.0,22.428571428571400
20231114,8,21.0,26.428571428571400,21.0
20231114,9,21.0,23.714285714285700,20.714285714285700
20231114,10,21.0,27.125,22.0
20231114,11,21.0,25.875,22.125
20231114,12,21.0,23.375,24.125
20231114,13,21.0,24.25,24.125
20231114,14,21.0,29.75,23.75
20231114,15,21.0,25.833333333333300,23.666666666666700
20231114,16,21.0,24.0,21.571428571428600
20231114,17,21.0,29.142857142857100,21.142857142857100
20231114,18,21.0,28.142857142857100,18.285714285714300
20231114,19,21.0,29.142857142857100,21.571428571428600
20231114,20,21.0,30.0,25.0
20231114,21,21.0,27.5,23.75
20231114,22,21.0,24.0,24.0
20231114,23,21.0,18.0,30.0
20231115,0,21.0,19.5,29.5
20231115,1,21.0,30.25,25.0
20231115,2,21.0,20.428571428571400,22.857142857142900
20231115,3,21.0,21.5,16.25
20231115,4,21.0,27.0,15.0
20231115,5,21.0,27.0,15.0
20231115,6,21.0,27.0,15.0
20231115,7,21.0,27.0,15.0
20231115,8,21.0,27.0,15.0
20231115,9,21.0,27.0,15.0
20231115,10,21.0,27.5,20.75
20231115,11,21.0,23.875,24.625
20231115,12,21.0,21.875,22.5
20231115,13,21.0,24.0,23.5
20231115,14,20.6875,26.375,24.875
20231115,15,20.5,25.5,27.5
20231115,16,20.5,28.0,21.571428571428600
20231115,17,20.714285714285700,26.714285714285700,21.571428571428600
20231115,18,21.0,29.0,18.714285714285700
20231115,19,21.0,31.0,18.0
20231115,20,21.0,29.75,17.75
20231115,21,21.0,30.0,21.75
20231115,22,21.0,25.0,23.625
20231115,23,21.0,24.5,20.5
20231116,0,21.0,26.583333333333300,22.833333333333300
20231116,1,21.0,25.0,22.125
20231116,2,21.0,37.0,23.75
20231116,3,21.0,29.625,26.625
20231116,4,21.0,29.875,18.5
20231116,5,21.0,20.666666666666700,24.083333333333300
20231116,6,21.0,23.428571428571400,24.142857142857100
20231116,7,21.0,24.428571428571400,23.142857142857100
20231116,8,21.0,27.285714285714300,21.285714285714300
20231116,9,21.0,26.857142857142900,21.0
20231116,10,21.0,23.75,21.0
20231116,11,21.0,24.5,21.375
20231116,12,21.0,25.75,21.75
20231116,13,21.0,25.75,23.375
20231116,14,21.25,26.625,22.625
20231116,15,21.5,26.583333333333300,22.166666666666700
20231116,16,21.5,25.0,21.857142857142900
20231116,17,21.142857142857100,24.571428571428600,20.142857142857100
20231116,18,21.0,28.285714285714300,19.0
20231116,19,21.0,25.285714285714300,19.428571428571400
20231116,20,21.0,28.25,21.875
20231116,21,21.0,25.375,21.75
20231116,22,21.0,26.375,19.875
20231116,23,21.0,24.375,28.25
20231117,0,21.0,29.166666666666700,25.75
20231117,1,21.0,28.25,24.5
20231117,2,21.0,26.5,25.5
20231117,3,21.0,22.25,26.375
20231117,4,21.0,25.375,21.5
20231117,5,21.0,32.833333333333300,21.416666666666700
20231117,6,21.0,25.857142857142900,27.428571428571400
20231117,7,21.0,24.571428571428600,30.285714285714300
20231117,8,21.0,24.571428571428600,22.285714285714300
20231117,9,21.0,28.714285714285700,18.142857142857100
20231117,10,25.5,26.5,19.625
20231117,11,30.0,23.75,20.125
20231117,12,30.0,23.375,23.5
20231117,13,30.0,27.5,23.875
20231117,14,30.0,26.0,23.75
20231117,15,30.0,26.583333333333300,22.916666666666700
20231117,16,30.0,22.428571428571400,20.714285714285700
20231117,17,28.5,24.428571428571400,19.285714285714300
20231117,18,19.5,24.428571428571400,19.142857142857100
20231117,19,19.5,25.0,18.142857142857100
20231117,20,20.4375,27.625,20.375
20231117,21,21.0,26.375,21.625
20231117,22,21.0,24.125,22.875
20231117,23,21.0,19.75,24.625
20231118,0,21.0,20.0,23.5
20231118,1,21.0,24.875,24.25
20231118,2,21.0,25.75,22.75
20231118,3,21.0,27.375,22.75
20231118,4,21.0,29.75,19.875
20231118,5,21.0,18.833333333333300,21.666666666666700
20231118,6,21.0,26.428571428571400,19.857142857142900
20231118,7,21.0,25.571428571428600,18.285714285714300
20231118,8,21.0,25.857142857142900,19.428571428571400
20231118,9,21.0,24.714285714285700,16.857142857142900
20231118,10,21.0,24.125,19.125
20231118,11,21.0,26.75,20.625
20231118,12,21.0,24.625,22.75
20231118,13,21.0,27.75,21.375
20231118,14,21.0,29.875,20.875
20231118,15,20.75,21.666666666666700,20.833333333333300
20231118,16,19.5,22.0,23.285714285714300
20231118,17,19.5,25.0,21.571428571428600
20231118,18,20.571428571428600,25.285714285714300,23.285714285714300
20231118,19,21.0,30.428571428571400,20.714285714285700
20231118,20,21.0,26.875,23.0
20231118,21,21.0,25.375,23.0
20231118,22,21.0,29.5,24.0
20231118,23,21.0,24.5,28.125
20231119,0,22.0,25.166666666666700,21.416666666666700
20231119,1,21.0,20.875,25.875
20231119,2,21.0,26.375,26.25
20231119,3,21.0,32.125,34.125
20231119,4,21.0,21.25,23.25
20231119,5,21.0,24.75,18.25
20231119,6,21.0,18.714285714285700,19.285714285714300
20231119,7,21.0,21.714285714285700,21.714285714285700
20231119,8,21.0,18.571428571428600,21.571428571428600
20231119,9,21.0,23.142857142857100,16.142857142857100
20231119,10,21.0,19.625,20.75
20231119,11,21.0,25.75,27.375
20231119,12,21.0,25.875,25.375
20231119,13,21.0,30.125,23.875
20231119,14,21.0,29.5,23.875
20231119,15,21.0,28.416666666666700,24.25
20231119,16,21.0,32.142857142857100,23.857142857142900
20231119,17,21.0,28.428571428571400,24.714285714285700
20231119,18,21.0,29.571428571428600,23.285714285714300
20231119,19,21.0,28.428571428571400,24.428571428571400
20231119,20,21.0,27.25,24.25
20231119,21,21.0,25.5,27.75
20231119,22,21.0,27.75,28.5
20231119,23,21.0,26.5,26.875
20231120,0,21.0,30.916666666666700,28.25
20231120,1,21.0,34.875,23.25
20231120,2,21.0,32.857142857142900,20.142857142857100
20231120,3,21.0,32.0,24.25
20231120,4,21.0,31.125,21.5
20231120,5,21.0,28.75,21.25
20231120,6,21.0,18.142857142857100,21.142857142857100
20231120,7,21.0,20.142857142857100,19.0
20231120,8,21.0,22.0,20.857142857142900
20231120,9,21.0,24.571428571428600,23.285714285714300
20231120,10,21.0,26.125,21.0
20231120,11,21.0,25.5,20.0
20231120,12,21.0,28.125,23.625
20231120,13,21.0,28.625,25.0
20231120,14,21.0,30.625,24.75
20231120,15,21.0,24.333333333333300,24.583333333333300
20231120,16,21.0,28.857142857142900,22.714285714285700
20231120,17,21.0,24.285714285714300,19.428571428571400
20231120,18,21.0,26.714285714285700,19.285714285714300
20231120,19,21.0,31.714285714285700,19.571428571428600
20231120,20,21.0,36.375,19.5
20231120,21,21.0,28.75,20.875
20231120,22,21.0,22.875,24.875
20231120,23,21.0,24.0,25.25
20231121,0,21.0,28.166666666666700,23.166666666666700
20231121,1,21.0,23.625,25.0
20231121,2,21.0,32.125,24.875
20231121,3,21.0,27.5,21.375
20231121,4,21.0,27.75,22.125
20231121,5,21.0,34.083333333333300,23.833333333333300
20231121,6,21.0,26.857142857142900,15.857142857142900
20231121,7,21.0,24.714285714285700,21.857142857142900
20231121,8,21.0,25.142857142857100,19.571428571428600
20231121,9,21.0,25.142857142857100,21.428571428571400
20231121,10,21.0,28.75,20.0
20231121,11,21.0,26.875,21.125
20231121,12,21.0,27.0,23.375
20231121,13,21.0,28.625,21.75
20231121,14,21.0,28.0,23.0
20231121,15,21.0,26.166666666666700,22.833333333333300
20231121,16,21.0,25.428571428571400,20.142857142857100
20231121,17,21.0,27.857142857142900,19.428571428571400
20231121,18,21.0,29.428571428571400,21.428571428571400
20231121,19,21.0,29.285714285714300,22.142857142857100
20231121,20,21.0,30.25,20.375
20231121,21,21.0,28.75,21.0
20231121,22,21.0,21.75,22.5
20231121,23,21.0,21.0,25.5
20231122,0,21.0,20.833333333333300,20.5
20231122,1,21.0,32.375,24.125
20231122,2,21.0,28.625,21.25
20231122,3,21.0,33.125,21.625
20231122,4,21.0,27.625,24.625
20231122,5,21.0,27.25,22.833333333333300
20231122,6,21.0,24.285714285714300,28.428571428571400
20231122,7,21.0,25.285714285714300,24.285714285714300
20231122,8,21.0,27.285714285714300,21.571428571428600
20231122,9,21.0,29.428571428571400,22.142857142857100
20231122,10,21.0,26.375,22.375
20231122,11,21.0,26.125,25.375
20231122,12,21.0,26.0,26.625
20231122,13,21.0,26.375,25.0
20231122,14,21.0,27.875,22.25
20231122,15,21.0,24.75,21.833333333333300
20231122,16,21.0,24.0,24.0
20231122,17,21.0,27.285714285714300,20.714285714285700
20231122,18,21.0,29.571428571428600,19.857142857142900
20231122,19,21.0,27.0,21.0
20231122,20,21.125,31.25,21.125
20231122,21,20.5,25.0,22.75
20231122,22,20.5,22.125,25.0
20231122,23,21.0,19.625,26.5
20231123,0,21.0,19.083333333333300,21.333333333333300
20231123,1,21.0,27.375,20.125
20231123,2,21.0,29.25,19.25
20231123,3,21.0,35.0,17.25
20231123,4,21.0,27.0,19.75
20231123,5,21.0,14.916666666666700,23.333333333333300
20231123,6,21.0,26.0,22.428571428571400
20231123,7,21.0,25.428571428571400,24.571428571428600
20231123,8,21.0,27.571428571428600,25.142857142857100
20231123,9,21.0,28.857142857142900,23.857142857142900
20231123,10,21.0,27.625,22.375
20231123,11,21.0,27.875,21.5
20231123,12,21.0,27.375,21.25
20231123,13,21.0,24.75,23.375
20231123,14,21.0,23.125,21.125
20231123,15,21.0,24.25,21.5
20231123,16,21.0,23.571428571428600,20.857142857142900
20231123,17,21.357142857142900,27.714285714285700,18.714285714285700
20231123,18,21.5,27.285714285714300,18.571428571428600
20231123,19,21.5,32.142857142857100,18.857142857142900
20231123,20,21.5,30.25,18.5
20231123,21,21.5,28.625,21.125
20231123,22,21.5,22.875,22.75
20231123,23,21.0,22.75,25.25
20231124,0,21.0,19.583333333333300,19.833333333333300
20231124,1,21.0,24.0,20.875
20231124,2,21.0,28.5,22.75
20231124,3,21.0,30.25,20.625
20231124,4,21.0,32.5,20.625
20231124,5,21.0,22.25,21.833333333333300
20231124,6,21.0,24.428571428571400,18.714285714285700
20231124,7,21.0,25.428571428571400,22.714285714285700
20231124,8,21.0,24.571428571428600,21.857142857142900
20231124,9,21.0,25.428571428571400,20.857142857142900
20231124,10,21.0,27.625,19.25
20231124,11,21.0,24.857142857142900,21.285714285714300
20231124,12,21.0,24.5,21.375
20231124,13,21.0,23.375,22.875
20231124,14,21.0,24.0,21.875
20231124,15,21.0,22.916666666666700,20.916666666666700
20231124,16,21.0,25.142857142857100,18.571428571428600
20231124,17,21.0,25.571428571428600,17.285714285714300
20231124,18,23.857142857142900,19.857142857142900,19.285714285714300
20231124,19,25.285714285714300,25.142857142857100,20.571428571428600
20231124,20,21.0,27.75,19.625
20231124,21,21.0,27.0,20.25
20231124,22,21.0,23.5,22.625
20231124,23,21.0,22.0,24.75
20231125,0,21.0,25.416666666666700,25.416666666666700
20231125,1,21.0,23.0,28.125
20231125,2,21.0,26.125,22.375
20231125,3,21.0,25.625,18.625
20231125,4,21.0,29.375,22.125
20231125,5,21.0,27.75,22.833333333333300
20231125,6,21.0,24.428571428571400,23.571428571428600
20231125,7,21.0,21.428571428571400,33.42857142857140
20231125,8,21.0,20.285714285714300,28.428571428571400
20231125,9,21.0,20.714285714285700,24.285714285714300
20231125,10,21.0,21.0,21.375
20231125,11,21.0,23.875,21.125
20231125,12,21.0,27.0,22.125
20231125,13,21.0,24.375,22.375
20231125,14,21.0,24.75,22.25
20231125,15,21.0,26.5,23.25
20231125,16,21.0,27.571428571428600,24.571428571428600
20231125,17,21.0,26.857142857142900,21.857142857142900
20231125,18,21.0,26.714285714285700,22.142857142857100
20231125,19,21.0,24.285714285714300,24.714285714285700
20231125,20,21.0,29.75,21.375
20231125,21,21.0,25.875,20.625
20231125,22,21.0,28.5,27.25
20231125,23,19.875,28.875,30.75
20231126,0,20.625,24.416666666666700,27.0
20231126,1,21.0,24.375,19.25
20231126,2,21.0,22.875,21.25
20231126,3,21.0,28.625,24.375
20231126,4,21.0,28.25,22.5
20231126,5,21.0,28.333333333333300,21.333333333333300
20231126,6,21.0,27.0,19.0
20231126,7,21.0,24.857142857142900,23.428571428571400
20231126,8,21.0,23.857142857142900,21.0
20231126,9,21.0,24.714285714285700,22.857142857142900
20231126,10,21.0,24.5,20.875
20231126,11,21.0,26.125,23.0
20231126,12,21.0,27.5,22.75
20231126,13,21.0,26.125,22.625
20231126,14,21.0,27.5,23.25
20231126,15,21.0,31.083333333333300,22.833333333333300
20231126,16,24.571428571428600,32.857142857142900,22.142857142857100
20231126,17,26.0,28.714285714285700,22.285714285714300
20231126,18,25.285714285714300,27.142857142857100,23.142857142857100
20231126,19,21.0,29.714285714285700,24.285714285714300
20231126,20,21.0,28.5,25.0
20231126,21,21.0,25.5,25.875
20231126,22,21.0,28.25,26.25
20231126,23,21.0,25.75,30.125
20231127,0,21.0,29.25,27.583333333333300
20231127,1,21.0,34.0,21.0
20231127,2,21.0,34.0,26.125
20231127,3,21.0,41.375,24.0
20231127,4,21.0,28.375,22.25
20231127,5,21.0,20.25,28.666666666666700
20231127,6,21.0,27.0,25.571428571428600
20231127,7,21.0,24.142857142857100,25.142857142857100
20231127,8,21.0,24.857142857142900,19.428571428571400
20231127,9,21.0,26.428571428571400,21.714285714285700
20231127,10,21.0,27.625,22.5
20231127,11,21.0,32.0,24.0
20231127,12,20.625,32.0,24.0
20231127,13,20.5,31.625,23.375
20231127,14,20.8125,28.5,22.75
20231127,15,21.0,28.166666666666700,23.833333333333300
20231127,16,21.0,24.571428571428600,23.285714285714300
20231127,17,21.0,29.857142857142900,18.857142857142900
20231127,18,21.0,29.142857142857100,20.142857142857100
20231127,19,21.0,29.0,19.714285714285700
20231127,20,21.0,28.625,20.25
20231127,21,21.0,23.25,20.125
20231127,22,21.0,17.625,25.625
20231127,23,21.0,20.125,27.125
20231128,0,21.0,23.916666666666700,24.833333333333300
20231128,1,21.0,24.125,16.75
20231128,2,21.0,26.0,22.5
20231128,3,21.0,26.625,20.375
20231128,4,21.0,23.5,18.75
20231128,5,21.0,24.333333333333300,27.833333333333300
20231128,6,21.0,21.142857142857100,23.714285714285700
20231128,7,21.0,26.0,23.428571428571400
20231128,8,21.0,26.428571428571400,21.428571428571400
20231128,9,21.0,26.571428571428600,22.428571428571400
20231128,10,21.0,25.25,20.5
20231128,11,21.0,25.25,22.25
20231128,12,21.0,24.75,24.0
20231128,13,21.0,24.25,25.5
20231128,14,20.75,25.25,22.125
20231128,15,20.5,24.333333333333300,22.666666666666700
20231128,16,20.5,23.571428571428600,20.857142857142900
20231128,17,20.071428571428600,24.857142857142900,21.0
20231128,18,19.5,23.285714285714300,20.714285714285700
20231128,19,19.5,27.857142857142900,21.285714285714300
20231128,20,19.5,33.0,20.5
20231128,21,20.4375,26.625,20.875
20231128,22,21.0,23.375,22.875
20231128,23,20.8125,24.125,24.125
20231129,0,21.0,18.5,25.25
20231129,1,21.0,27.0,24.375
20231129,2,21.0,27.0,23.5
20231129,3,21.0,32.625,25.375
20231129,4,21.0,35.75,30.625
20231129,5,21.0,17.666666666666700,16.25
20231129,6,21.0,25.142857142857100,23.428571428571400
20231129,7,21.0,25.714285714285700,26.142857142857100
20231129,8,21.0,27.857142857142900,24.285714285714300
20231129,9,21.0,24.857142857142900,23.714285714285700
20231129,10,21.0,26.5,23.0
20231129,11,21.0,25.625,22.375
20231129,12,21.0,26.625,23.125
20231129,13,21.0,24.5,22.375
20231129,14,21.0,27.5,23.25
20231129,15,21.0,26.5,24.0
20231129,16,21.0,27.571428571428600,22.285714285714300
20231129,17,21.0,25.857142857142900,19.285714285714300
20231129,18,20.142857142857100,26.571428571428600,19.285714285714300
20231129,19,19.5,28.428571428571400,22.285714285714300
20231129,20,19.875,30.5,22.375
20231129,21,21.0,28.75,21.5
20231129,22,21.0,23.875,21.5
20231129,23,21.0,26.625,28.5
20231130,0,21.0,28.916666666666700,23.666666666666700
20231130,1,21.0,22.5,25.0
20231130,2,21.0,26.25,24.75
20231130,3,21.0,30.75,21.5
20231130,4,21.0,29.125,19.0
20231130,5,21.0,26.166666666666700,19.416666666666700
20231130,6,21.0,20.857142857142900,20.0
20231130,7,21.0,18.857142857142900,22.571428571428600
20231130,8,21.0,26.857142857142900,19.857142857142900
20231130,9,21.0,26.714285714285700,21.0
20231130,10,21.0,26.75,21.125
20231130,11,21.0,24.75,21.875
20231130,12,21.0,28.0,23.375
20231130,13,21.0,28.5,24.5
20231130,14,21.0,25.375,22.25
20231130,15,21.0,24.916666666666700,22.666666666666700
20231130,16,21.0,23.142857142857100,23.142857142857100
20231130,17,21.0,27.571428571428600,21.142857142857100
20231130,18,21.0,25.571428571428600,21.857142857142900
20231130,19,21.0,27.571428571428600,21.571428571428600
20231130,20,21.0,28.375,19.625
20231130,21,21.0,28.125,22.0
20231130,22,21.0,23.25,22.875
20231130,23,21.0,27.5,24.5
20231201,0,21.0,21.916666666666700,25.916666666666700
20231201,1,21.0,28.125,18.875
20231201,2,21.0,28.625,21.0
20231201,3,21.0,31.125,24.625
20231201,4,21.0,32.5,21.125
20231201,5,21.0,27.0,26.583333333333300
20231201,6,21.0,24.857142857142900,26.714285714285700
20231201,7,21.0,26.285714285714300,24.857142857142900
20231201,8,21.0,30.0,26.0
20231201,9,21.0,27.0,21.714285714285700
20231201,10,21.0,25.625,23.375
20231201,11,21.0,25.125,22.25
20231201,12,21.0,26.25,22.125
20231201,13,21.0,25.625,23.0
20231201,14,21.0,26.375,23.25
20231201,15,21.0,23.833333333333300,22.0
20231201,16,21.0,25.285714285714300,22.428571428571400
20231201,17,21.0,23.857142857142900,19.857142857142900
20231201,18,21.0,24.714285714285700,18.428571428571400
20231201,19,21.0,28.285714285714300,19.142857142857100
20231201,20,21.0,34.5,20.875
20231201,21,21.0,29.75,21.375
20231201,22,21.0,23.5,23.125
20231201,23,21.0,21.125,24.125
20231202,0,21.0,24.916666666666700,26.833333333333300
20231202,1,21.0,26.625,26.375
20231202,2,20.5,27.375,20.75
20231202,3,20.0,24.5,27.625
20231202,4,20.0,28.875,17.125
20231202,5,20.0,24.583333333333300,16.083333333333300
20231202,6,20.0,23.571428571428600,20.857142857142900
20231202,7,20.0,18.285714285714300,25.0
20231202,8,20.0,19.0,26.428571428571400
20231202,9,20.0,20.714285714285700,22.142857142857100
20231202,10,20.625,20.5,17.125
20231202,11,21.0,22.375,19.5
20231202,12,21.0,24.25,21.875
20231202,13,21.0,28.0,24.125
20231202,14,21.0,24.375,23.5
20231202,15,21.0,22.916666666666700,22.833333333333300
20231202,16,21.0,21.0,22.714285714285700
20231202,17,20.857142857142900,28.142857142857100,21.285714285714300
20231202,18,21.0,27.0,24.285714285714300
20231202,19,21.0,25.857142857142900,22.142857142857100
20231202,20,20.9375,26.375,22.875
20231202,21,21.0,25.0,26.125
20231202,22,21.0,27.25,23.5
20231202,23,21.0,26.75,29.0
20231203,0,21.0,26.166666666666700,26.333333333333300
20231203,1,21.0,28.0,23.375
20231203,2,21.0,29.25,20.25
20231203,3,21.0,24.125,26.75
20231203,4,21.0,22.875,22.25
20231203,5,21.0,22.333333333333300,27.583333333333300
20231203,6,21.0,20.714285714285700,16.428571428571400
20231203,7,21.0,21.0,20.571428571428600
20231203,8,21.0,22.571428571428600,22.571428571428600
20231203,9,21.0,21.142857142857100,22.714285714285700
20231203,10,21.0,21.75,21.75
20231203,11,21.0,26.0,24.625
20231203,12,21.0,30.375,26.375
20231203,13,21.0,29.0,23.75
20231203,14,21.0,28.375,21.375
20231203,15,21.0,31.666666666666700,22.25
20231203,16,21.0,32.0,23.428571428571400
20231203,17,21.0,27.285714285714300,22.857142857142900
20231203,18,21.0,28.0,22.428571428571400
20231203,19,21.0,28.714285714285700,21.428571428571400
20231203,20,20.375,23.375,24.25
20231203,21,20.75,24.75,26.875
20231203,22,20.625,22.375,25.375
20231203,23,21.0,26.625,27.375
20231204,0,20.916666666666700,32.333333333333300,26.25
20231204,1,21.0,32.125,20.25
20231204,2,21.0,25.0,22.25
20231204,3,21.0,29.75,24.875
20231204,4,21.0,30.625,17.375
20231204,5,21.0,26.166666666666700,22.833333333333300
20231204,6,21.0,25.714285714285700,26.0
20231204,7,21.0,28.0,19.285714285714300
20231204,8,21.0,29.571428571428600,22.857142857142900
20231204,9,21.0,27.142857142857100,19.857142857142900
20231204,10,21.0,26.25,21.375
20231204,11,21.0,25.625,24.0
20231204,12,21.0,31.0,25.25
20231204,13,20.8125,29.25,25.5
20231204,14,20.5,29.5,23.25
20231204,15,20.5,26.25,24.166666666666700
20231204,16,20.071428571428600,25.714285714285700,21.857142857142900
20231204,17,20.0,30.571428571428600,19.571428571428600
20231204,18,20.0,29.0,20.0
20231204,19,20.428571428571400,31.428571428571400,20.714285714285700
20231204,20,21.0,33.125,20.125
20231204,21,21.0,24.125,21.0
20231204,22,21.0,23.375,19.5
20231204,23,21.0,18.375,27.625
20231205,0,21.0,20.833333333333300,22.333333333333300
20231205,1,21.0,17.0,22.25
20231205,2,21.0,15.75,21.0
20231205,3,21.0,20.75,30.375
20231205,4,21.0,29.875,22.25
20231205,5,21.0,28.5,26.833333333333300
20231205,6,21.0,24.571428571428600,26.285714285714300
20231205,7,21.0,24.857142857142900,19.857142857142900
20231205,8,21.0,29.857142857142900,22.857142857142900
20231205,9,21.0,26.857142857142900,19.857142857142900
20231205,10,21.0,28.5,22.0
20231205,11,21.0,25.375,22.5
20231205,12,21.0,27.625,25.375
20231205,13,21.0,24.25,24.0
20231205,14,21.0,25.75,21.875
20231205,15,21.0,26.25,22.416666666666700
20231205,16,21.0,21.714285714285700,22.142857142857100
20231205,17,21.0,23.428571428571400,19.714285714285700
20231205,18,21.0,29.714285714285700,20.285714285714300
20231205,19,21.0,30.714285714285700,20.571428571428600
20231205,20,21.0,36.0,19.75
20231205,21,21.0,29.125,20.0
20231205,22,20.75,23.5,23.125
20231205,23,21.0,20.5,18.875
20231206,0,21.0,26.75,24.083333333333300
20231206,1,21.0,23.75,24.375
20231206,2,21.0,23.0,27.0
20231206,3,21.0,28.5,26.375
20231206,4,21.0,33.5,24.25
20231206,5,21.0,27.583333333333300,27.083333333333300
20231206,6,21.0,27.571428571428600,21.285714285714300
20231206,7,21.0,23.142857142857100,24.142857142857100
20231206,8,21.0,24.285714285714300,24.142857142857100
20231206,9,21.0,25.571428571428600,21.142857142857100
20231206,10,21.0,26.875,21.5
20231206,11,21.0,24.875,22.0
20231206,12,21.0,29.5,22.75
20231206,13,21.0,26.5,22.5
20231206,14,21.0,25.5,23.25
20231206,15,21.0,26.666666666666700,22.583333333333300
20231206,16,21.0,24.142857142857100,20.857142857142900
20231206,17,21.0,26.428571428571400,19.0
20231206,18,21.0,27.714285714285700,19.857142857142900
20231206,19,21.0,27.714285714285700,20.571428571428600
20231206,20,21.0,30.125,20.375
20231206,21,21.0,25.875,20.25
20231206,22,21.0,22.0,21.375
20231206,23,21.0,22.875,25.75
20231207,0,21.0,27.5,23.083333333333300
20231207,1,21.0,28.75,22.25
20231207,2,21.0,29.5,21.5
20231207,3,21.0,28.25,20.875
20231207,4,21.0,29.5,19.25
20231207,5,19.625,31.083333333333300,21.5
20231207,6,19.5,18.142857142857100,24.571428571428600
20231207,7,19.5,23.857142857142900,25.857142857142900
20231207,8,19.5,30.0,24.571428571428600
20231207,9,19.5,29.428571428571400,22.0
20231207,10,19.5,23.5,21.125
20231207,11,19.5,23.625,22.625
20231207,12,19.5,25.375,21.625
20231207,13,19.5,28.875,24.0
20231207,14,19.5,26.25,22.75
20231207,15,20.375,25.083333333333300,21.666666666666700
20231207,16,21.0,25.857142857142900,20.571428571428600
20231207,17,21.0,27.857142857142900,19.714285714285700
20231207,18,21.0,27.142857142857100,18.285714285714300
20231207,19,21.0,28.857142857142900,19.0
20231207,20,21.0,33.125,22.75
20231207,21,21.0,27.25,23.5
20231207,22,20.875,22.25,26.0
20231207,23,20.0,19.25,26.0
20231208,0,20.0,24.583333333333300,21.916666666666700
20231208,1,20.0,26.25,24.375
20231208,2,20.0,26.125,21.625
20231208,3,20.0,40.625,21.75
20231208,4,20.0,25.375,17.0
20231208,5,20.0,26.333333333333300,20.666666666666700
20231208,6,20.0,22.142857142857100,23.142857142857100
20231208,7,20.0,21.142857142857100,23.428571428571400
20231208,8,20.0,23.857142857142900,23.428571428571400
20231208,9,20.0,27.0,21.0
20231208,10,20.0,26.5,21.75
20231208,11,20.0,26.0,22.75
20231208,12,19.875,25.375,21.875
20231208,13,19.5,26.5,23.5
20231208,14,19.5,25.375,23.0
20231208,15,19.5,25.0,23.833333333333300
20231208,16,20.571428571428600,23.142857142857100,22.857142857142900
20231208,17,21.0,26.428571428571400,20.0
20231208,18,21.0,24.714285714285700,19.142857142857100
20231208,19,20.571428571428600,27.857142857142900,18.857142857142900
20231208,20,20.0,33.375,22.875
20231208,21,20.0,30.0,21.5
20231208,22,20.75,23.5,21.625
20231208,23,21.0,22.375,22.875
20231209,0,21.0,26.916666666666700,24.916666666666700
20231209,1,19.875,26.875,21.75
20231209,2,19.5,27.375,19.5
20231209,3,19.5,29.75,22.75
20231209,4,19.5,27.25,19.0
20231209,5,19.5,20.75,19.5
20231209,6,19.5,20.571428571428600,19.142857142857100
20231209,7,19.5,23.714285714285700,23.142857142857100
20231209,8,19.5,23.857142857142900,24.0
20231209,9,19.5,24.428571428571400,19.571428571428600
20231209,10,19.5,22.5,17.0
20231209,11,19.5,24.625,20.625
20231209,12,20.5,24.625,21.25
20231209,13,21.25,27.0,21.5
20231209,14,21.0,26.125,22.25
20231209,15,21.0,24.916666666666700,22.583333333333300
20231209,16,21.0,24.142857142857100,22.857142857142900
20231209,17,21.0,27.285714285714300,22.714285714285700
20231209,18,21.0,31.428571428571400,24.285714285714300
20231209,19,21.0,28.285714285714300,23.428571428571400
20231209,20,21.0,27.0,25.375
20231209,21,21.0,25.0,22.375
20231209,22,21.0,26.375,26.0
20231209,23,21.0,26.625,25.0
20231210,0,21.0,26.25,31.416666666666700
20231210,1,21.0,26.75,28.0
20231210,2,21.0,26.375,17.125
20231210,3,21.0,21.5,22.5
20231210,4,21.0,28.75,22.75
20231210,5,21.0,29.0,18.25
20231210,6,21.0,24.142857142857100,19.571428571428600
20231210,7,21.0,21.428571428571400,26.428571428571400
20231210,8,21.0,21.0,18.571428571428600
20231210,9,21.0,22.428571428571400,21.0
20231210,10,21.0,20.5,23.625
20231210,11,21.0,26.625,23.25
20231210,12,21.0,25.25,26.125
20231210,13,21.0,28.5,23.5
20231210,14,21.0,25.75,22.125
20231210,15,21.0,26.75,20.666666666666700
20231210,16,19.928571428571400,26.428571428571400,22.571428571428600
20231210,17,21.214285714285700,27.285714285714300,22.714285714285700
20231210,18,22.5,30.142857142857100,25.0
20231210,19,21.214285714285700,31.571428571428600,23.142857142857100
20231210,20,21.0,30.625,27.125
20231210,21,21.0,25.5,25.875
20231210,22,21.0,25.375,26.75
20231210,23,21.0,32.375,30.375
20231211,0,21.0,26.25,27.416666666666700
20231211,1,21.0,31.875,19.25
20231211,2,21.0,30.125,18.875
20231211,3,21.0,37.0,21.125
20231211,4,21.0,29.714285714285700,16.428571428571400
20231211,5,21.0,27.583333333333300,31.333333333333300
20231211,6,21.0,11.142857142857100,32.714285714285700
20231211,7,21.0,19.0,22.142857142857100
20231211,8,21.0,27.428571428571400,21.571428571428600
20231211,9,21.0,29.714285714285700,21.142857142857100
20231211,10,20.142857142857100,26.142857142857100,23.0
20231211,11,19.5,24.75,23.25
20231211,12,20.4375,23.5,24.0
20231211,13,21.0,24.75,22.75
20231211,14,21.0,27.5,22.375
20231211,15,21.0,26.916666666666700,22.666666666666700
20231211,16,21.0,27.285714285714300,21.857142857142900
20231211,17,21.0,24.285714285714300,19.571428571428600
20231211,18,21.0,23.857142857142900,18.0
20231211,19,21.0,27.857142857142900,19.142857142857100
20231211,20,21.0,31.0,21.5
20231211,21,21.0,28.75,18.625
20231211,22,21.0,27.125,23.875
20231211,23,21.0,21.125,22.75
20231212,0,21.0,26.5,20.083333333333300
20231212,1,21.0,23.25,21.75
20231212,2,21.0,32.75,26.375
20231212,3,21.0,31.125,22.5
20231212,4,21.0,40.75,26.125
20231212,5,21.0,15.5,21.25
20231212,6,21.0,19.142857142857100,19.142857142857100
20231212,7,21.0,26.857142857142900,22.0
20231212,8,21.0,29.428571428571400,22.0
20231212,9,21.0,26.142857142857100,21.0
20231212,10,21.0,26.875,22.625
20231212,11,21.0,24.0,22.375
20231212,12,21.0,25.625,22.375
20231212,13,21.0,25.0,25.0
20231212,14,21.0,25.75,21.875
20231212,15,21.0,24.77777777777780,22.666666666666700
20231212,16,21.0,24.75,21.0
20231212,17,21.0,27.0,21.0
20231212,18,21.0,29.714285714285700,18.428571428571400
20231212,19,21.0,28.285714285714300,19.714285714285700
20231212,20,21.0,31.625,19.75
20231212,21,21.0,29.375,23.875
20231212,22,21.0,22.875,21.125
20231212,23,20.0625,24.125,25.5
20231213,0,19.5,27.083333333333300,21.75
20231213,1,19.5,23.5,23.875
20231213,2,19.5,23.75,23.375
20231213,3,19.5,32.875,22.375
20231213,4,19.5,32.0,21.0
20231213,5,19.5,17.833333333333300,22.333333333333300
20231213,6,19.5,21.571428571428600,20.857142857142900
20231213,7,19.5,25.285714285714300,28.571428571428600
20231213,8,19.5,27.428571428571400,23.571428571428600
20231213,9,19.5,25.571428571428600,22.285714285714300
20231213,10,19.5,26.875,22.875
20231213,11,19.5,24.625,24.125
20231213,12,20.0625,27.125,23.0
20231213,13,21.0,28.0,23.5
20231213,14,21.0,29.625,25.75
20231213,15,21.0,25.833333333333300,22.583333333333300
20231213,16,21.0,23.0,22.142857142857100
20231213,17,21.0,25.857142857142900,20.285714285714300
20231213,18,21.0,26.428571428571400,20.142857142857100
20231213,19,21.0,29.0,19.714285714285700
20231213,20,21.0,32.0,21.625
20231213,21,21.0,24.25,22.0
20231213,22,21.0,20.25,25.125
20231213,23,21.0,22.125,23.125
20231214,0,21.0,25.083333333333300,23.416666666666700
20231214,1,21.0,28.125,22.875
20231214,2,21.0,34.375,22.625
20231214,3,21.0,21.75,19.25
20231214,4,21.0,26.125,19.75
20231214,5,21.0,23.833333333333300,20.666666666666700
20231214,6,21.0,24.142857142857100,22.571428571428600
20231214,7,21.0,22.285714285714300,18.142857142857100
20231214,8,21.0,26.428571428571400,22.571428571428600
20231214,9,21.0,29.857142857142900,22.285714285714300
20231214,10,21.0,27.0,21.75
20231214,11,21.0,26.0,24.375
20231214,12,21.0,23.75,24.375
20231214,13,21.0,27.125,22.875
20231214,14,21.0,27.25,22.875
20231214,15,21.0,23.25,25.75
20231214,16,21.0,20.142857142857100,21.714285714285700
20231214,17,21.0,21.0,19.714285714285700
20231214,18,21.0,22.428571428571400,19.0
20231214,19,21.0,26.0,20.714285714285700
20231214,20,21.0,30.625,20.875
20231214,21,21.0,24.375,20.0
20231214,22,20.75,23.0,19.375
20231214,23,20.0,24.0,22.125
20231215,0,20.416666666666700,27.083333333333300,21.333333333333300
20231215,1,21.0,20.625,18.125
20231215,2,21.0,15.0,21.875
20231215,3,21.0,24.625,24.25
20231215,4,21.0,36.875,28.0
20231215,5,21.0,26.5,22.666666666666700
20231215,6,21.0,24.142857142857100,28.142857142857100
20231215,7,21.0,24.714285714285700,23.142857142857100
20231215,8,21.0,24.142857142857100,21.714285714285700
20231215,9,21.0,21.857142857142900,18.285714285714300
20231215,10,21.0,25.125,20.5
20231215,11,21.0,22.5,22.625
20231215,12,21.0,23.75,22.875
20231215,13,21.0,24.875,24.125
20231215,14,21.0,29.125,21.875
20231215,15,21.0,22.833333333333300,22.666666666666700
20231215,16,21.0,20.714285714285700,24.285714285714300
20231215,17,21.0,23.142857142857100,19.285714285714300
20231215,18,21.0,24.571428571428600,19.714285714285700
20231215,19,21.0,24.285714285714300,19.857142857142900
20231215,20,21.0,28.375,19.25
20231215,21,21.0,25.125,20.875
20231215,22,21.0,21.25,25.625
20231215,23,21.0,20.0,25.375
20231216,0,21.0,22.0,22.166666666666700
20231216,1,21.0,26.25,16.375
20231216,2,21.0,29.375,19.25
20231216,3,21.0,26.375,24.625
20231216,4,21.0,27.5,25.5
20231216,5,21.0,27.583333333333300,19.583333333333300
20231216,6,21.0,30.571428571428600,19.714285714285700
20231216,7,21.0,22.285714285714300,26.142857142857100
20231216,8,21.0,21.857142857142900,32.142857142857100
20231216,9,21.0,21.428571428571400,26.285714285714300
20231216,10,21.0,21.0,23.25
20231216,11,21.0,26.875,22.25
20231216,12,21.0,25.625,22.75
20231216,13,21.1875,23.375,22.25
20231216,14,21.0,22.875,21.625
20231216,15,21.0,24.166666666666700,20.916666666666700
20231216,16,21.0,25.714285714285700,21.714285714285700
20231216,17,21.0,24.857142857142900,20.571428571428600
20231216,18,21.0,25.0,22.142857142857100
20231216,19,21.0,22.285714285714300,27.142857142857100
20231216,20,20.8125,26.75,26.875
20231216,21,20.8125,22.125,27.5
20231216,22,21.0,25.375,23.25
20231216,23,21.0,28.25,25.25
20231217,0,21.0,22.166666666666700,26.5
20231217,1,21.0,25.125,23.125
20231217,2,21.0,25.375,24.625
20231217,3,21.0,34.875,26.0
20231217,4,21.0,26.375,29.375
20231217,5,21.0,24.0,30.25
20231217,6,21.0,25.857142857142900,17.857142857142900
20231217,7,21.0,23.857142857142900,19.857142857142900
20231217,8,21.0,20.857142857142900,23.714285714285700
20231217,9,21.0,23.428571428571400,22.571428571428600
20231217,10,21.0,22.875,24.625
20231217,11,21.0,24.875,22.25
20231217,12,21.0,24.5,22.25
20231217,13,21.0,24.5,23.875
20231217,14,21.0,24.75,24.5
20231217,15,21.0,30.416666666666700,22.416666666666700
20231217,16,21.0,25.0,26.571428571428600
20231217,17,21.0,22.285714285714300,18.857142857142900
20231217,18,21.0,23.857142857142900,21.857142857142900
20231217,19,21.0,23.428571428571400,24.714285714285700
20231217,20,22.0,23.0,26.0
20231217,21,21.625,25.875,27.5
20231217,22,21.0,27.625,26.25
20231217,23,21.0,27.75,27.5
20231218,0,21.0,29.416666666666700,31.5
20231218,1,20.375,31.25,19.875
20231218,2,20.0,28.75,18.125
20231218,3,20.0,33.375,18.375
20231218,4,20.0,35.625,18.625
20231218,5,20.0,28.583333333333300,32.0
20231218,6,20.0,20.285714285714300,29.571428571428600
20231218,7,20.0,26.571428571428600,22.0
20231218,8,20.0,24.571428571428600,20.428571428571400
20231218,9,20.0,28.571428571428600,20.0
20231218,10,20.0,27.75,21.875
20231218,11,20.0,25.5,23.375
20231218,12,20.0,24.375,24.875
20231218,13,20.0,25.0,27.0
20231218,14,20.625,26.875,24.0
20231218,15,21.0,24.25,22.083333333333300
20231218,16,21.0,25.285714285714300,21.142857142857100
20231218,17,21.0,28.571428571428600,18.714285714285700
20231218,18,21.0,28.714285714285700,20.428571428571400
20231218,19,21.0,29.571428571428600,21.0
20231218,20,21.0,31.625,20.25
20231218,21,21.0,27.625,22.0
20231218,22,21.0,21.625,24.375
20231218,23,21.0,18.875,23.25
20231219,0,21.0,22.916666666666700,25.333333333333300
20231219,1,21.0,26.75,23.5
20231219,2,21.0,23.625,27.5
20231219,3,21.0,20.5,23.625
20231219,4,21.0,19.75,20.625
20231219,5,21.0,24.833333333333300,24.5
20231219,6,21.0,24.428571428571400,21.142857142857100
20231219,7,21.0,24.571428571428600,17.285714285714300
20231219,8,21.0,28.0,20.428571428571400
20231219,9,21.0,28.142857142857100,20.285714285714300
20231219,10,21.0,25.75,21.625
20231219,11,21.0,24.125,22.25
20231219,12,21.0,27.0,23.375
20231219,13,21.0,27.625,23.625
20231219,14,21.0,26.625,23.875
20231219,15,21.0,27.0,22.0
20231219,16,21.0,28.571428571428600,21.428571428571400
20231219,17,21.0,24.571428571428600,20.285714285714300
20231219,18,21.0,22.428571428571400,18.142857142857100
20231219,19,21.0,23.714285714285700,19.571428571428600
20231219,20,21.0,29.75,21.375
20231219,21,21.0,28.75,21.75
20231219,22,21.0,21.25,23.625
20231219,23,21.0,25.625,24.25
20231220,0,21.0,29.416666666666700,26.5
20231220,1,21.0,24.625,19.875
20231220,2,21.0,22.875,23.375
20231220,3,21.0,25.75,20.125
20231220,4,21.0,22.625,25.875
20231220,5,21.0,25.25,29.5
20231220,6,21.0,20.571428571428600,24.0
20231220,7,21.0,24.428571428571400,22.857142857142900
20231220,8,21.0,28.428571428571400,23.0
20231220,9,21.0,28.142857142857100,21.0
20231220,10,21.0,29.125,20.25
20231220,11,21.0,25.125,22.0
20231220,12,21.0,25.25,22.25
20231220,13,21.0,27.0,23.375
20231220,14,21.0,28.375,24.125
20231220,15,21.0,25.5,22.916666666666700
20231220,16,21.0,23.857142857142900,25.857142857142900
20231220,17,21.0,25.714285714285700,22.714285714285700
20231220,18,21.0,28.571428571428600,19.714285714285700
20231220,19,21.0,25.285714285714300,20.428571428571400
20231220,20,21.0,29.0,20.125
20231220,21,21.0,29.75,22.0
20231220,22,21.0,23.375,23.125
20231220,23,21.0,25.5,23.875
20231221,0,21.0,21.333333333333300,24.916666666666700
20231221,1,21.0,30.875,30.625
20231221,2,21.0,24.0,22.125
20231221,3,21.0,29.25,26.0
20231221,4,21.0,32.375,20.875
20231221,5,21.0,26.333333333333300,22.0
20231221,6,21.0,23.285714285714300,17.142857142857100
20231221,7,21.0,24.428571428571400,23.285714285714300
20231221,8,21.0,28.857142857142900,21.571428571428600
20231221,9,21.0,27.857142857142900,21.428571428571400
20231221,10,21.0,26.75,22.5
20231221,11,21.0,24.0,23.0
20231221,12,21.0,22.25,23.125
20231221,13,21.0,22.5,22.25
20231221,14,21.0,23.75,22.125
20231221,15,21.0,23.5,21.666666666666700
20231221,16,21.0,20.571428571428600,19.714285714285700
20231221,17,21.0,21.285714285714300,18.714285714285700
20231221,18,21.0,19.0,18.285714285714300
20231221,19,21.0,25.428571428571400,19.428571428571400
20231221,20,21.0,28.875,20.625
20231221,21,21.0,25.625,21.125
20231221,22,21.0,22.25,22.0
20231221,23,21.0,25.75,21.0
20231222,0,21.0,22.5,22.916666666666700
20231222,1,21.0,23.0,17.0
20231222,2,21.0,22.625,23.125
20231222,3,21.0,26.75,22.125
20231222,4,21.0,24.5,25.125
20231222,5,21.0,28.0,29.5
20231222,6,21.0,26.571428571428600,24.0
20231222,7,21.0,24.857142857142900,23.142857142857100
20231222,8,21.0,28.142857142857100,20.571428571428600
20231222,9,21.0,25.142857142857100,19.571428571428600
20231222,10,21.0,26.875,21.375
20231222,11,21.0,25.75,20.75
20231222,12,21.0,28.875,20.75
20231222,13,21.0,26.25,21.75
20231222,14,20.9375,25.75,20.625
20231222,15,20.5,22.583333333333300,20.583333333333300
20231222,16,20.5,22.571428571428600,21.285714285714300
20231222,17,20.571428571428600,20.142857142857100,17.857142857142900
20231222,18,21.0,25.571428571428600,20.714285714285700
20231222,19,21.0,24.857142857142900,19.571428571428600
20231222,20,21.0,26.625,19.625
20231222,21,21.0,28.5,20.25
20231222,22,21.0,24.25,26.5
20231222,23,21.0,23.75,24.625
20231223,0,21.0,24.166666666666700,28.916666666666700
20231223,1,21.0,28.25,27.25
20231223,2,21.0,29.375,23.75
20231223,3,21.0,25.875,20.625
20231223,4,21.0,19.25,28.375
20231223,5,21.0,21.166666666666700,16.5
20231223,6,21.0,22.285714285714300,21.571428571428600
20231223,7,21.0,23.0,24.857142857142900
20231223,8,21.0,21.714285714285700,20.142857142857100
20231223,9,21.0,20.714285714285700,22.0
20231223,10,21.0,20.375,18.375
20231223,11,21.0,27.125,20.25
20231223,12,21.0,22.625,23.625
20231223,13,21.0,22.375,22.625
20231223,14,21.0,23.5,22.125
20231223,15,21.0,23.416666666666700,21.25
20231223,16,21.0,25.571428571428600,20.714285714285700
20231223,17,21.0,23.142857142857100,19.857142857142900
20231223,18,21.0,29.285714285714300,20.142857142857100
20231223,19,21.0,29.857142857142900,25.0
20231223,20,21.0,26.125,24.0
20231223,21,21.0,24.75,26.625
20231223,22,21.0,25.375,30.0
20231223,23,21.0,30.25,27.25
20231224,0,21.0,27.583333333333300,26.166666666666700
20231224,1,21.0,20.375,27.0
20231224,2,21.0,26.5,19.75
20231224,3,21.0,22.875,25.375
20231224,4,21.0,21.25,26.0
20231224,5,21.0,25.75,20.25
20231224,6,21.0,27.0,23.142857142857100
20231224,7,21.0,21.0,20.285714285714300
20231224,8,21.0,22.714285714285700,21.857142857142900
20231224,9,21.0,19.714285714285700,22.714285714285700
20231224,10,21.0,20.875,22.0
20231224,11,21.0,28.625,22.625
20231224,12,21.0,26.875,20.875
20231224,13,21.0,29.125,23.25
20231224,14,21.0,31.625,22.75
20231224,15,21.0,26.25,21.083333333333300
20231224,16,21.0,27.428571428571400,19.714285714285700
20231224,17,21.0,28.285714285714300,20.285714285714300
20231224,18,21.0,30.0,21.714285714285700
20231224,19,21.0,30.571428571428600,26.428571428571400
20231224,20,21.0,24.0,22.75
20231224,21,21.0,25.375,22.125
20231224,22,21.5625,27.75,31.625
20231224,23,21.0,28.25,28.625
20231225,0,21.0,28.75,28.666666666666700
20231225,1,21.0,35.125,24.125
20231225,2,21.0,33.875,22.5
20231225,3,21.0,29.625,18.125
20231225,4,21.0,27.875,19.875
20231225,5,21.0,25.583333333333300,25.083333333333300
20231225,6,21.0,16.428571428571400,21.142857142857100
20231225,7,21.0,20.285714285714300,24.285714285714300
20231225,8,21.0,20.285714285714300,26.571428571428600
20231225,9,21.0,20.142857142857100,29.0
20231225,10,21.0,23.125,26.75
20231225,11,21.0,32.5,22.125
20231225,12,21.0,28.25,23.5
20231225,13,21.0,28.375,22.75
20231225,14,21.0,29.875,21.75
20231225,15,21.0,26.5,22.75
20231225,16,21.0,28.428571428571400,21.714285714285700
20231225,17,21.0,28.571428571428600,20.571428571428600
20231225,18,21.0,28.714285714285700,24.714285714285700
20231225,19,21.0,28.142857142857100,22.0
20231225,20,19.875,28.875,24.125
20231225,21,19.5,24.5,24.625
20231225,22,19.8125,21.75,26.625
20231225,23,20.875,25.625,20.5
20231226,0,21.0,33.0,25.416666666666700
20231226,1,21.0,32.75,16.75
20231226,2,21.0,41.375,21.5
20231226,3,21.0,26.0,19.875
20231226,4,21.0,19.125,19.5
20231226,5,21.0,25.25,13.083333333333300
20231226,6,21.0,16.428571428571400,22.142857142857100
20231226,7,21.0,18.142857142857100,23.428571428571400
20231226,8,21.0,23.571428571428600,23.285714285714300
20231226,9,21.0,25.857142857142900,22.571428571428600
20231226,10,21.0,27.0,22.125
20231226,11,21.0,27.875,22.875
20231226,12,21.375,25.0,23.25
20231226,13,22.0,25.125,21.75
20231226,14,22.0,27.625,23.75
20231226,15,22.0,25.583333333333300,23.25
20231226,16,22.0,24.0,20.857142857142900
20231226,17,21.285714285714300,23.0,20.142857142857100
20231226,18,21.0,26.857142857142900,21.571428571428600
20231226,19,21.0,27.714285714285700,19.857142857142900
20231226,20,21.0,28.625,19.5
20231226,21,21.0,24.625,27.125
20231226,22,21.0,21.875,19.25
20231226,23,21.0,20.125,21.875
20231227,0,21.0,26.083333333333300,23.083333333333300
20231227,1,21.0,30.625,22.75
20231227,2,21.0,26.625,21.0
20231227,3,21.0,28.375,21.875
20231227,4,21.0,28.0,22.875
20231227,5,21.0,29.5,28.416666666666700
20231227,6,21.0,30.857142857142900,23.857142857142900
20231227,7,21.0,29.142857142857100,22.857142857142900
20231227,8,21.0,27.714285714285700,21.714285714285700
20231227,9,21.0,27.285714285714300,21.571428571428600
20231227,10,21.0,26.0,21.875
20231227,11,21.0,25.285714285714300,24.285714285714300
20231227,12,21.0,27.25,24.0
20231227,13,21.0,27.375,23.375
20231227,14,21.0,28.5,23.125
20231227,15,21.0,26.333333333333300,24.083333333333300
20231227,16,21.0,26.857142857142900,22.857142857142900
20231227,17,21.0,24.714285714285700,21.714285714285700
20231227,18,21.0,27.714285714285700,22.142857142857100
20231227,19,21.0,30.428571428571400,21.571428571428600
20231227,20,21.0,31.875,22.0
20231227,21,21.0,28.5,23.5
20231227,22,21.0,22.75,20.125
20231227,23,21.0,24.75,22.5
20231228,0,21.0,23.5,24.5
20231228,1,21.0,24.5,25.5
20231228,2,21.0,28.5,27.0
20231228,3,21.0,27.0,21.75
20231228,4,21.0,22.0,18.5
20231228,5,21.0,19.0,17.0
20231228,6,21.0,19.0,17.0
20231228,7,21.0,19.0,17.0
20231228,8,21.0,19.0,17.0
20231228,9,21.0,19.0,17.0
20231228,10,21.0,27.0,21.25
20231228,11,21.0,27.75,23.0
20231228,12,21.0,24.875,24.0
20231228,13,21.0,30.5,22.5
20231228,14,21.0,38.0,21.0
20231228,15,21.0,29.166666666666700,21.416666666666700
20231228,16,21.0,26.0,21.857142857142900
20231228,17,21.0,24.571428571428600,22.0
20231228,18,21.0,23.714285714285700,20.857142857142900
20231228,19,21.0,28.428571428571400,20.0
20231228,20,21.0,34.75,21.75
20231228,21,21.0,27.375,22.375
20231228,22,21.0,22.0,23.625
20231228,23,21.0,19.75,24.375
20231229,0,21.0,23.666666666666700,27.083333333333300
20231229,1,21.0,27.25,25.0
20231229,2,21.0,31.75,23.0
20231229,3,21.0,28.75,24.5
20231229,4,21.0,28.25,25.0
20231229,5,20.5,28.166666666666700,29.0
20231229,6,20.428571428571400,27.857142857142900,32.42857142857140
20231229,7,21.0,26.0,27.142857142857100
20231229,8,21.0,28.142857142857100,23.0
20231229,9,21.0,28.571428571428600,22.142857142857100
20231229,10,21.0,23.625,23.25
20231229,11,21.0,22.875,23.125
20231229,12,21.0,22.625,22.75
20231229,13,21.0,24.5,23.5
20231229,14,21.0,26.0,22.125
20231229,15,21.0,24.916666666666700,21.666666666666700
20231229,16,21.0,23.285714285714300,22.571428571428600
20231229,17,21.0,21.428571428571400,22.142857142857100
20231229,18,21.0,25.285714285714300,19.285714285714300
20231229,19,21.0,29.142857142857100,19.571428571428600
20231229,20,21.0,32.375,20.25
20231229,21,21.0,28.75,21.25
20231229,22,21.0,23.625,29.125
20231229,23,21.0,23.5,24.25
20231230,0,21.0,26.0,26.416666666666700
20231230,1,21.0,25.625,24.375
20231230,2,21.0,27.875,23.75
20231230,3,21.0,28.625,28.625
20231230,4,21.0,26.0,23.875
20231230,5,21.0,35.333333333333300,22.25
20231230,6,21.0,26.857142857142900,21.714285714285700
20231230,7,21.0,28.571428571428600,23.142857142857100
20231230,8,21.0,23.714285714285700,20.142857142857100
20231230,9,21.0,22.285714285714300,21.571428571428600
20231230,10,21.0,21.5,24.5
20231230,11,21.0,20.75,22.0
20231230,12,21.0,18.875,18.25
20231230,13,21.0,16.75,15.5
20231230,14,21.0,18.875,16.75
20231230,15,21.0,20.333333333333300,20.25
20231230,16,21.0,24.857142857142900,22.285714285714300
20231230,17,21.0,28.571428571428600,21.0
20231230,18,21.0,26.571428571428600,19.571428571428600
20231230,19,21.0,29.285714285714300,21.285714285714300
20231230,20,21.0,27.5,28.5
20231230,21,21.0,23.625,21.625
20231230,22,21.0,26.375,26.375
20231230,23,21.0,30.25,28.375
20231231,0,21.0,28.583333333333300,28.083333333333300
20231231,1,21.0,22.75,31.5
20231231,2,21.0,25.5,24.75
20231231,3,21.0,21.75,26.375
20231231,4,21.0,22.625,22.375
20231231,5,21.0,37.416666666666700,16.25
20231231,6,21.0,28.428571428571400,18.0
20231231,7,21.0,26.714285714285700,22.428571428571400
20231231,8,21.0,29.285714285714300,28.0
20231231,9,21.0,25.0,26.0
20231231,10,21.0,23.625,21.5
20231231,11,21.0,28.875,23.875
20231231,12,21.0,29.75,22.125
20231231,13,21.0,25.5,21.375
20231231,14,21.0,31.75,23.25
20231231,15,21.0,34.416666666666700,21.75
20231231,16,21.0,30.428571428571400,21.142857142857100
20231231,17,21.0,31.142857142857100,23.857142857142900
20231231,18,21.642857142857100,28.714285714285700,25.142857142857100
20231231,19,22.5,29.0,21.0
20231231,20,22.5,28.125,23.625
20231231,21,22.5,24.75,24.5
20231231,22,22.125,25.875,22.75
20231231,23,21.0,31.375,23.75