해당일,시간대,압구정로11길,잠원로상단,잠원로하단
20240701,0,21.0,25.0,26.75
20240701,1,21.0,28.125,21.375
20240701,2,21.0,27.875,26.375
20240701,3,21.0,30.25,22.125
20240701,4,21.0,26.875,21.25
20240701,5,21.0,20.333333333333332,22.0
20240701,6,21.0,23.142857142857142,30.142857142857142
20240701,7,21.0,21.142857142857142,21.0
20240701,8,21.0,25.428571428571427,21.428571428571427
20240701,9,21.0,26.857142857142858,21.714285714285715
20240701,10,21.0,25.25,22.375
20240701,11,21.0,26.5,23.0
20240701,12,21.0,25.875,25.375
20240701,13,21.0,26.875,24.625
20240701,14,21.0,24.5,23.625
20240701,15,21.0,24.25,22.583333333333332
20240701,16,21.0,21.428571428571427,16.142857142857142
20240701,17,21.0,22.142857142857142,17.285714285714285
20240701,18,21.0,25.285714285714285,20.428571428571427
20240701,19,21.0,29.714285714285715,20.571428571428573
20240701,20,21.0,31.0,22.375
20240701,21,21.0,25.625,24.0
20240701,22,21.0,19.75,22.0
20240701,23,27.0,20.875,23.25
20240702,0,29.0,23.5,23.583333333333332
20240702,1,29.0,24.125,24.75
20240702,2,22.0,31.25,20.875
20240702,3,21.0,29.5,33.75
20240702,4,21.0,28.75,24.375
20240702,5,21.0,25.25,28.083333333333332
20240702,6,21.0,21.714285714285715,20.428571428571427
20240702,7,21.0,27.0,25.0
20240702,8,21.0,27.0,21.142857142857142
20240702,9,21.0,25.714285714285715,21.0
20240702,10,21.0,25.125,21.625
20240702,11,21.0,22.625,23.0
20240702,12,21.0,22.125,22.375
20240702,13,21.0,23.5,27.375
20240702,14,21.0,24.125,23.125
20240702,15,21.0,22.333333333333332,21.416666666666668
20240702,16,21.0,20.857142857142858,20.428571428571427
20240702,17,21.0,19.714285714285715,19.571428571428573
20240702,18,21.0,27.428571428571427,18.857142857142858
20240702,19,21.0,27.571428571428573,20.142857142857142
20240702,20,21.0,31.0,21.375
20240702,21,21.0,27.875,19.5
20240702,22,21.0,20.875,20.375
20240702,23,21.0,21.75,23.625
20240703,0,23.333333333333332,22.666666666666668,21.916666666666668
20240703,1,28.0,24.875,20.0
20240703,2,28.0,23.5,19.0
20240703,3,28.0,24.75,21.0
20240703,4,28.0,33.25,15.125
20240703,5,28.0,27.333333333333332,19.75
20240703,6,28.0,24.142857142857142,20.857142857142858
20240703,7,28.0,19.142857142857142,23.428571428571427
20240703,8,28.0,19.142857142857142,25.285714285714285
20240703,9,28.0,25.857142857142858,23.0
20240703,10,28.0,24.875,22.25
20240703,11,28.0,26.75,22.625
20240703,12,28.0,25.25,23.375
20240703,13,28.0,25.75,22.375
20240703,14,28.0,25.625,22.375
20240703,15,28.0,26.916666666666668,21.666666666666668
20240703,16,28.0,24.142857142857142,22.142857142857142
20240703,17,28.0,24.0,20.714285714285715
20240703,18,28.0,28.857142857142858,19.285714285714285
20240703,19,28.0,27.571428571428573,19.285714285714285
20240703,20,28.0,26.375,23.125
20240703,21,28.0,23.0,22.375
20240703,22,28.0,20.375,21.25
20240703,23,28.0,22.75,23.625
20240704,0,28.0,25.333333333333332,21.166666666666668
20240704,1,23.875,26.875,21.75
20240704,2,22.5,31.5,16.75
20240704,3,22.5,37.0,19.75
20240704,4,22.5,32.875,19.375
20240704,5,22.5,24.333333333333332,25.0
20240704,6,22.5,21.714285714285715,19.142857142857142
20240704,7,22.5,19.571428571428573,29.0
20240704,8,22.5,24.0,24.0
20240704,9,22.5,26.714285714285715,21.285714285714285
20240704,10,22.5,26.5,22.375
20240704,11,22.5,24.125,23.75
20240704,12,22.5,24.375,21.75
20240704,13,22.5,28.875,23.0
20240704,14,22.5,27.125,22.375
20240704,15,22.5,24.416666666666668,22.666666666666668
20240704,16,22.5,20.285714285714285,20.857142857142858
20240704,17,22.5,25.714285714285715,21.714285714285715
20240704,18,22.5,26.285714285714285,20.285714285714285
20240704,19,22.5,29.428571428571427,20.857142857142858
20240704,20,22.5,28.5,21.875
20240704,21,22.5,21.625,22.375
20240704,22,22.5,19.5,22.125
20240704,23,22.5,24.125,24.875
20240705,0,22.5,23.75,23.166666666666668
20240705,1,22.5,22.625,22.75
20240705,2,22.5,25.875,20.375
20240705,3,22.5,29.125,18.0
20240705,4,22.5,18.25,20.25
20240705,5,22.5,23.916666666666668,19.166666666666668
20240705,6,22.5,23.285714285714285,20.428571428571427
20240705,7,22.5,23.857142857142858,23.0
20240705,8,22.5,27.571428571428573,22.428571428571427
20240705,9,22.5,26.714285714285715,20.857142857142858
20240705,10,22.5,27.375,20.875
20240705,11,22.5,22.0,21.0
20240705,12,21.75,23.25,22.5
20240705,13,21.0,25.375,23.875
20240705,14,21.0,23.375,21.5
20240705,15,21.0,23.75,21.583333333333332
20240705,16,21.0,23.142857142857142,21.285714285714285
20240705,17,21.0,26.571428571428573,19.0
20240705,18,21.0,27.0,18.571428571428573
20240705,19,21.0,26.857142857142858,20.714285714285715
20240705,20,20.625,29.125,20.375
20240705,21,20.5,24.875,21.125
20240705,22,20.5,20.25,24.875
20240705,23,19.875,22.375,26.25
20240706,0,19.5,22.916666666666668,25.75
20240706,1,19.5,24.25,24.125
20240706,2,19.5,21.25,18.5
20240706,3,19.5,24.25,27.0
20240706,4,19.5,25.25,22.125
20240706,5,19.5,26.0,16.583333333333332
20240706,6,19.5,25.142857142857142,18.857142857142858
20240706,7,19.5,18.285714285714285,19.714285714285715
20240706,8,19.5,20.571428571428573,22.571428571428573
20240706,9,19.5,22.714285714285715,20.571428571428573
20240706,10,19.5,21.25,21.75
20240706,11,19.5,22.0,21.5
20240706,12,19.5,22.875,22.875
20240706,13,19.5,24.375,22.625
20240706,14,19.5,24.625,22.25
20240706,15,19.5,22.166666666666668,21.416666666666668
20240706,16,19.5,23.714285714285715,20.571428571428573
20240706,17,19.5,25.142857142857142,23.857142857142858
20240706,18,19.5,27.0,23.714285714285715
20240706,19,19.5,26.428571428571427,20.285714285714285
20240706,20,19.5,28.0,22.0
20240706,21,19.5,21.5,23.625
20240706,22,19.5,24.5,21.75
20240706,23,19.5,24.125,29.0
20240707,0,19.5,25.0,27.666666666666668
20240707,1,19.5,25.0,24.75
20240707,2,19.5,26.625,21.375
20240707,3,19.5,23.0,24.25
20240707,4,19.5,20.25,21.75
20240707,5,19.5,19.25,20.166666666666668
20240707,6,19.5,17.0,19.571428571428573
20240707,7,19.5,23.285714285714285,19.0
20240707,8,19.5,17.142857142857142,33.142857142857146
20240707,9,19.5,18.285714285714285,20.428571428571427
20240707,10,19.5,21.125,23.125
20240707,11,19.5,24.25,21.75
20240707,12,19.5,23.5,25.0
20240707,13,19.5,27.0,24.125
20240707,14,19.5,27.5,22.875
20240707,15,19.5,28.666666666666668,24.833333333333332
20240707,16,19.5,27.0,25.571428571428573
20240707,17,19.5,24.142857142857142,26.0
20240707,18,19.5,28.714285714285715,24.714285714285715
20240707,19,19.5,32.42857142857143,23.428571428571427
20240707,20,19.5,26.25,30.5
20240707,21,19.5,18.875,25.125
20240707,22,19.5,20.0,30.375
20240707,23,19.5,27.125,26.75
20240708,0,19.5,30.5,23.583333333333332
20240708,1,19.5,26.75,24.875
20240708,2,19.5,34.75,27.875
20240708,3,19.5,29.625,17.625
20240708,4,19.5,27.0,23.125
20240708,5,19.5,19.5,20.166666666666668
20240708,6,19.5,27.857142857142858,26.571428571428573
20240708,7,19.5,26.285714285714285,20.142857142857142
20240708,8,19.5,27.142857142857142,20.714285714285715
20240708,9,19.5,26.0,19.428571428571427
20240708,10,19.5,25.75,21.75
20240708,11,27.0,26.5,22.25
20240708,12,32.625,25.375,22.125
20240708,13,36.0,25.25,23.75
20240708,14,36.0,21.0,22.25
20240708,15,36.0,24.666666666666668,23.0
20240708,16,36.0,21.714285714285715,24.142857142857142
20240708,17,36.0,25.0,20.0
20240708,18,30.928571428571427,26.142857142857142,20.428571428571427
20240708,19,20.5,27.571428571428573,20.142857142857142
20240708,20,20.5,26.875,22.25
20240708,21,20.8125,24.0,22.75
20240708,22,21.0,21.75,24.125
20240708,23,21.0,22.125,25.625
20240709,0,21.0,25.25,22.333333333333332
20240709,1,21.0,26.875,22.375
20240709,2,21.0,24.375,21.125
20240709,3,21.0,26.75,25.875
20240709,4,21.0,28.625,16.25
20240709,5,21.0,18.333333333333332,26.166666666666668
20240709,6,21.0,18.857142857142858,36.714285714285715
20240709,7,21.0,23.714285714285715,24.0
20240709,8,21.0,25.571428571428573,23.142857142857142
20240709,9,21.0,25.142857142857142,21.428571428571427
20240709,10,21.0,25.75,22.75
20240709,11,21.0,26.75,23.625
20240709,12,21.0,25.25,22.625
20240709,13,21.0,25.125,23.875
20240709,14,21.0,25.5,22.125
20240709,15,21.0,22.833333333333332,22.416666666666668
20240709,16,21.0,24.285714285714285,20.0
20240709,17,21.0,25.0,20.285714285714285
20240709,18,21.0,27.857142857142858,19.714285714285715
20240709,19,21.0,28.714285714285715,20.571428571428573
20240709,20,21.0,29.375,21.0
20240709,21,21.0,24.75,21.75
20240709,22,21.0,19.25,21.125
20240709,23,21.0,21.0,22.75
20240710,0,21.0,27.5,23.916666666666668
20240710,1,21.0,30.375,18.125
20240710,2,21.0,23.5,19.375
20240710,3,21.0,21.125,21.625
20240710,4,21.0,20.125,24.0
20240710,5,21.0,25.083333333333332,17.416666666666668
20240710,6,21.0,23.285714285714285,22.0
20240710,7,21.0,26.714285714285715,27.428571428571427
20240710,8,21.0,27.571428571428573,22.857142857142858
20240710,9,21.0,26.571428571428573,20.0
20240710,10,21.0,26.0,20.75
20240710,11,21.0,22.75,22.75
20240710,12,21.0,27.125,23.5
20240710,13,21.0,26.625,22.875
20240710,14,21.0,24.5,21.75
20240710,15,21.0,24.0,22.666666666666668
20240710,16,21.0,23.142857142857142,21.285714285714285
20240710,17,21.0,24.285714285714285,19.285714285714285
20240710,18,21.0,25.285714285714285,18.428571428571427
20240710,19,20.857142857142858,28.428571428571427,19.714285714285715
20240710,20,20.0,30.5,20.375
20240710,21,20.0,23.875,19.875
20240710,22,20.0,18.5,24.125
20240710,23,20.625,18.125,26.875
20240711,0,20.166666666666668,26.083333333333332,23.333333333333332
20240711,1,20.0,28.5,19.75
20240711,2,20.0,23.0,17.5
20240711,3,20.0,22.375,26.0
20240711,4,20.0,23.25,24.125
20240711,5,20.0,23.0,21.5
20240711,6,20.0,18.0,25.285714285714285
20240711,7,20.0,17.571428571428573,26.857142857142858
20240711,8,20.0,22.142857142857142,22.0
20240711,9,20.0,24.142857142857142,20.857142857142858
20240711,10,20.0,24.5,22.5
20240711,11,20.0,23.0,21.75
20240711,12,20.0,24.25,22.75
20240711,13,20.0,24.375,24.25
20240711,14,20.0,25.875,23.625
20240711,15,20.0,24.416666666666668,23.166666666666668
20240711,16,20.0,22.428571428571427,24.571428571428573
20240711,17,20.0,22.571428571428573,21.714285714285715
20240711,18,20.714285714285715,26.571428571428573,20.714285714285715
20240711,19,22.5,29.857142857142858,21.0
20240711,20,22.5,29.875,19.125
20240711,21,22.5,27.5,20.875
20240711,22,24.75,16.75,22.75
20240711,23,27.0,20.5,24.625
20240712,0,27.0,20.25,25.0
20240712,1,27.0,24.0,26.375
20240712,2,27.0,29.75,24.75
20240712,3,27.0,28.625,30.625
20240712,4,27.0,28.375,18.25
20240712,5,27.0,24.25,20.083333333333332
20240712,6,27.0,16.857142857142858,25.714285714285715
20240712,7,27.0,21.714285714285715,24.142857142857142
20240712,8,27.0,25.0,24.142857142857142
20240712,9,27.0,24.714285714285715,23.142857142857142
20240712,10,27.0,27.0,22.125
20240712,11,27.0,24.125,23.625
20240712,12,27.0,25.75,24.625
20240712,13,27.0,26.875,23.0
20240712,14,27.0,24.75,23.375
20240712,15,27.0,25.333333333333332,21.25
20240712,16,27.0,22.0,22.571428571428573
20240712,17,27.0,20.714285714285715,21.0
20240712,18,27.0,21.428571428571427,18.714285714285715
20240712,19,27.0,26.285714285714285,22.428571428571427
20240712,20,27.0,27.875,22.0
20240712,21,27.0,25.125,22.25
20240712,22,27.0,22.0,24.125
20240712,23,27.0,21.875,25.5
20240713,0,27.0,23.25,24.583333333333332
20240713,1,27.0,25.625,22.75
20240713,2,27.0,24.75,22.625
20240713,3,27.0,27.875,23.25
20240713,4,27.0,26.375,21.875
20240713,5,27.0,24.916666666666668,22.75
20240713,6,27.0,23.571428571428573,22.428571428571427
20240713,7,27.0,21.0,25.142857142857142
20240713,8,27.0,21.0,23.285714285714285
20240713,9,27.0,17.714285714285715,17.285714285714285
20240713,10,27.0,17.75,20.25
20240713,11,27.0,20.75,21.0
20240713,12,27.0,22.875,22.25
20240713,13,27.0,26.125,22.625
20240713,14,23.25,23.125,22.375
20240713,15,21.0,24.0,22.75
20240713,16,21.0,27.857142857142858,22.428571428571427
20240713,17,21.0,26.428571428571427,20.142857142857142
20240713,18,21.0,23.142857142857142,19.857142857142858
20240713,19,21.0,25.285714285714285,22.714285714285715
20240713,20,21.0,23.25,24.0
20240713,21,21.0,20.5,23.75
20240713,22,20.5,26.125,25.25
20240713,23,20.375,26.25,24.75
20240714,0,23.0,23.5,24.833333333333332
20240714,1,23.0,29.625,23.0
20240714,2,21.875,32.125,18.625
20240714,3,20.0,29.0,24.25
20240714,4,20.0,23.25,21.5
20240714,5,20.0,23.25,20.666666666666668
20240714,6,20.0,25.0,19.428571428571427
20240714,7,20.0,20.571428571428573,23.714285714285715
20240714,8,20.857142857142858,25.0,23.571428571428573
20240714,9,21.0,20.571428571428573,20.857142857142858
20240714,10,21.0,22.875,24.125
20240714,11,21.0,22.5,22.0
20240714,12,21.0,28.5,22.5
20240714,13,21.0,27.875,21.75
20240714,14,21.0,24.375,23.25
20240714,15,21.0,24.583333333333332,22.25
20240714,16,21.0,24.142857142857142,21.571428571428573
20240714,17,21.0,26.142857142857142,22.428571428571427
20240714,18,33.857142857142854,24.0,26.285714285714285
20240714,19,39.0,29.0,21.857142857142858
20240714,20,39.0,27.0,19.625
20240714,21,32.25,22.375,24.75
20240714,22,21.0,26.75,23.75
20240714,23,21.0,24.625,25.75
20240715,0,21.0,24.75,24.333333333333332
20240715,1,21.0,26.125,23.25
20240715,2,21.0,23.625,23.5
20240715,3,21.0,31.25,24.75
20240715,4,21.0,29.125,21.375
20240715,5,21.0,29.333333333333332,20.333333333333332
20240715,6,21.0,20.714285714285715,30.571428571428573
20240715,7,21.0,24.0,28.285714285714285
20240715,8,21.0,24.142857142857142,21.142857142857142
20240715,9,21.0,25.142857142857142,21.142857142857142
20240715,10,21.0,25.375,21.125
20240715,11,21.0,22.25,22.375
20240715,12,21.0,26.5,23.75
20240715,13,20.5,27.25,23.5
20240715,14,20.0,26.0,24.0
20240715,15,20.0,26.333333333333332,23.916666666666668
20240715,16,20.0,26.714285714285715,22.571428571428573
20240715,17,20.0,26.714285714285715,21.142857142857142
20240715,18,20.0,28.285714285714285,19.142857142857142
20240715,19,20.0,28.0,18.714285714285715
20240715,20,20.0,33.875,21.25
20240715,21,20.0,26.625,23.625
20240715,22,20.0,21.125,23.375
20240715,23,20.0,21.75,27.0
20240716,0,20.0,26.75,23.583333333333332
20240716,1,20.0,26.125,25.625
20240716,2,20.0,26.375,26.375
20240716,3,20.0,31.625,25.0
20240716,4,20.0,33.75,18.5
20240716,5,20.0,23.5,25.666666666666668
20240716,6,20.0,25.142857142857142,26.285714285714285
20240716,7,20.0,22.571428571428573,27.142857142857142
20240716,8,20.0,25.714285714285715,23.714285714285715
20240716,9,20.0,24.571428571428573,24.142857142857142
20240716,10,20.0,24.25,22.875
20240716,11,20.0,23.625,22.25
20240716,12,20.0,24.375,23.125
20240716,13,20.0,23.25,25.125
20240716,14,20.0,22.75,23.25
20240716,15,20.0,23.916666666666668,23.5
20240716,16,20.0,22.571428571428573,22.428571428571427
20240716,17,20.0,22.0,19.428571428571427
20240716,18,20.142857142857142,24.285714285714285,17.714285714285715
20240716,19,21.0,27.428571428571427,20.857142857142858
20240716,20,20.625,28.25,22.75
20240716,21,20.5,23.125,22.125
20240716,22,20.5,19.375,21.125
20240716,23,20.5,17.125,22.125
20240717,0,20.5,20.166666666666668,23.833333333333332
20240717,1,20.5,25.75,19.0
20240717,2,20.5,25.375,22.625
20240717,3,20.5,29.0,25.625
20240717,4,20.5,36.0,19.875
20240717,5,20.5,27.416666666666668,17.166666666666668
20240717,6,20.5,29.428571428571427,24.0
20240717,7,20.5,26.857142857142858,24.428571428571427
20240717,8,20.5,26.571428571428573,21.428571428571427
20240717,9,20.5,25.285714285714285,20.0
20240717,10,20.5,25.125,22.5
20240717,11,20.5,27.0,22.75
20240717,12,20.5,25.625,24.125
20240717,13,20.5,25.875,23.25
20240717,14,20.5,26.25,23.5
20240717,15,20.5,24.75,23.916666666666668
20240717,16,20.5,23.714285714285715,22.428571428571427
20240717,17,20.5,23.428571428571427,18.0
20240717,18,20.5,24.285714285714285,17.428571428571427
20240717,19,20.642857142857142,26.285714285714285,21.0
20240717,20,21.0,29.0,22.125
20240717,21,21.0,20.75,22.375
20240717,22,21.0,18.375,22.25
20240717,23,21.0,14.75,19.125
20240718,0,21.0,26.833333333333332,18.75
20240718,1,21.0,25.875,16.5
20240718,2,21.0,26.0,21.625
20240718,3,21.0,26.75,20.25
20240718,4,21.0,29.125,25.0
20240718,5,21.0,17.333333333333332,25.166666666666668
20240718,6,21.0,24.571428571428573,24.571428571428573
20240718,7,21.0,23.857142857142858,22.714285714285715
20240718,8,21.0,23.571428571428573,21.857142857142858
20240718,9,21.0,25.428571428571427,19.571428571428573
20240718,10,21.0,23.25,20.375
20240718,11,21.0,23.875,21.75
20240718,12,21.0,24.625,23.5
20240718,13,21.0,24.25,22.375
20240718,14,21.0,25.625,21.25
20240718,15,21.0,22.083333333333332,21.333333333333332
20240718,16,21.0,21.571428571428573,21.428571428571427
20240718,17,21.0,24.571428571428573,20.285714285714285
20240718,18,21.0,27.571428571428573,21.285714285714285
20240718,19,21.0,31.857142857142858,23.142857142857142
20240718,20,21.0,31.25,22.5
20240718,21,21.0,27.625,21.125
20240718,22,21.0,18.0,25.375
20240718,23,21.0,20.125,25.375
20240719,0,21.0,24.416666666666668,23.416666666666668
20240719,1,21.0,30.625,23.25
20240719,2,21.0,27.5,23.375
20240719,3,21.0,27.25,24.75
20240719,4,21.0,28.125,21.25
20240719,5,21.0,21.916666666666668,19.833333333333332
20240719,6,21.0,19.571428571428573,25.0
20240719,7,21.0,26.0,26.428571428571427
20240719,8,21.0,26.142857142857142,22.571428571428573
20240719,9,21.0,26.571428571428573,21.285714285714285
20240719,10,21.0,25.25,22.0
20240719,11,21.0,24.875,21.75
20240719,12,21.0,24.75,21.25
20240719,13,21.0,26.75,22.25
20240719,14,21.0,24.875,22.625
20240719,15,21.0,23.166666666666668,23.333333333333332
20240719,16,21.0,22.0,21.285714285714285
20240719,17,21.0,24.0,20.142857142857142
20240719,18,21.0,25.571428571428573,18.428571428571427
20240719,19,21.0,28.285714285714285,19.0
20240719,20,21.0,31.125,19.625
20240719,21,21.0,23.25,20.75
20240719,22,21.0,21.875,25.75
20240719,23,21.0,18.875,25.375
20240720,0,21.0,21.333333333333332,23.333333333333332
20240720,1,21.0,21.625,23.75
20240720,2,21.0,26.5,23.25
20240720,3,21.0,22.25,21.375
20240720,4,21.0,23.125,14.75
20240720,5,21.0,26.25,19.75
20240720,6,21.0,22.428571428571427,20.857142857142858
20240720,7,21.0,21.714285714285715,21.428571428571427
20240720,8,21.0,21.142857142857142,21.285714285714285
20240720,9,21.0,18.142857142857142,22.428571428571427
20240720,10,21.0,22.375,18.0
20240720,11,21.0,23.125,20.875
20240720,12,21.0,25.5,22.625
20240720,13,21.0,23.75,21.5
20240720,14,21.0,24.875,22.0
20240720,15,21.0,23.666666666666668,22.0
20240720,16,21.0,27.428571428571427,23.142857142857142
20240720,17,21.0,24.142857142857142,24.571428571428573
20240720,18,21.0,23.857142857142858,23.857142857142858
20240720,19,21.0,22.142857142857142,23.142857142857142
20240720,20,21.0,22.75,23.0
20240720,21,21.0,18.75,22.125
20240720,22,21.0,22.875,25.0
20240720,23,20.25,25.25,28.75
20240721,0,20.0,27.0,24.166666666666668
20240721,1,20.0,23.5,30.375
20240721,2,25.25,27.0,22.5
20240721,3,27.0,25.0,22.25
20240721,4,27.0,27.875,21.25
20240721,5,27.0,28.75,18.333333333333332
20240721,6,27.0,19.285714285714285,25.285714285714285
20240721,7,27.0,20.857142857142858,22.285714285714285
20240721,8,27.0,19.714285714285715,22.0
20240721,9,27.0,20.428571428571427,20.571428571428573
20240721,10,27.0,20.5,22.375
20240721,11,22.5,27.875,22.0
20240721,12,22.5,25.0,25.375
20240721,13,22.5,28.125,22.375
20240721,14,22.5,27.75,23.25
20240721,15,22.5,27.0,24.333333333333332
20240721,16,22.5,26.142857142857142,22.142857142857142
20240721,17,22.5,24.428571428571427,20.428571428571427
20240721,18,23.142857142857142,25.571428571428573,22.428571428571427
20240721,19,27.0,31.285714285714285,22.571428571428573
20240721,20,27.0,26.875,23.75
20240721,21,27.0,19.625,28.125
20240721,22,22.5,26.0,24.375
20240721,23,20.625,24.5,23.0
20240722,0,20.5,31.083333333333332,22.166666666666668
20240722,1,20.5,35.0,21.25
20240722,2,20.5,27.5,22.125
20240722,3,20.5,30.375,22.75
20240722,4,20.5,22.25,18.625
20240722,5,20.5,24.666666666666668,21.666666666666668
20240722,6,20.5,21.285714285714285,24.857142857142858
20240722,7,20.5,19.571428571428573,19.0
20240722,8,20.5,27.857142857142858,21.0
20240722,9,20.5,25.571428571428573,20.857142857142858
20240722,10,20.5,25.0,21.625
20240722,11,20.5,23.875,22.5
20240722,12,20.5,25.75,21.75
20240722,13,20.875,28.125,23.375
20240722,14,21.0,26.5,22.5
20240722,15,21.0,25.083333333333332,21.583333333333332
20240722,16,21.0,21.0,21.0
20240722,17,21.0,27.285714285714285,20.428571428571427
20240722,18,21.0,30.428571428571427,19.714285714285715
20240722,19,21.0,31.285714285714285,20.142857142857142
20240722,20,21.0,30.75,22.25
20240722,21,21.0,25.625,21.125
20240722,22,21.0,19.125,23.5
20240722,23,21.0,16.875,22.875
20240723,0,21.0,19.583333333333332,19.0
20240723,1,21.0,20.375,23.125
20240723,2,21.0,31.0,23.5
20240723,3,21.0,33.25,22.0
20240723,4,21.0,25.125,21.0
20240723,5,21.0,22.916666666666668,26.5
20240723,6,21.0,22.571428571428573,39.142857142857146
20240723,7,21.0,27.0,31.285714285714285
20240723,8,21.0,27.428571428571427,23.285714285714285
20240723,9,21.0,26.285714285714285,21.714285714285715
20240723,10,21.0,23.5,20.375
20240723,11,27.875,21.875,23.375
20240723,12,32.0,24.0,24.875
20240723,13,32.0,26.75,23.375
20240723,14,32.0,26.125,22.625
20240723,15,32.0,23.166666666666668,23.916666666666668
20240723,16,32.0,21.285714285714285,21.714285714285715
20240723,17,32.0,24.714285714285715,19.857142857142858
20240723,18,32.0,22.857142857142858,17.714285714285715
20240723,19,32.0,29.0,20.285714285714285
20240723,20,32.0,29.25,21.0
20240723,21,32.0,22.125,21.375
20240723,22,32.0,20.75,20.625
20240723,23,32.0,24.125,23.75
20240724,0,32.0,23.5,24.0
20240724,1,32.0,23.125,25.125
20240724,2,32.0,26.5,26.875
20240724,3,32.0,22.25,24.875
20240724,4,32.0,36.75,22.0
20240724,5,32.0,24.583333333333332,23.25
20240724,6,32.0,23.857142857142858,26.857142857142858
20240724,7,32.0,29.142857142857142,29.714285714285715
20240724,8,32.0,25.142857142857142,24.142857142857142
20240724,9,32.0,29.714285714285715,19.714285714285715
20240724,10,32.0,27.125,21.75
20240724,11,32.0,24.75,22.125
20240724,12,32.0,25.75,22.375
20240724,13,32.0,25.75,21.5
20240724,14,32.0,25.375,22.625
20240724,15,32.0,24.166666666666668,22.166666666666668
20240724,16,32.0,26.571428571428573,21.857142857142858
20240724,17,32.0,26.285714285714285,19.857142857142858
20240724,18,32.0,24.571428571428573,19.571428571428573
20240724,19,32.0,24.857142857142858,19.714285714285715
20240724,20,21.75,25.625,19.75
20240724,21,27.0,27.875,22.875
20240724,22,27.0,21.375,22.625
20240724,23,27.0,21.0,26.375
20240725,0,26.458333333333332,20.583333333333332,25.5
20240725,1,20.5,27.125,17.375
20240725,2,20.5,29.875,24.375
20240725,3,20.5,33.625,27.125
20240725,4,20.5,23.5,30.0
20240725,5,20.5,25.416666666666668,25.416666666666668
20240725,6,20.5,24.857142857142858,23.0
20240725,7,20.5,28.142857142857142,23.571428571428573
20240725,8,20.5,26.285714285714285,22.285714285714285
20240725,9,20.5,24.142857142857142,24.428571428571427
20240725,10,20.5,24.5,21.875
20240725,11,20.5,24.625,23.0
20240725,12,20.5,26.125,21.625
20240725,13,20.5,23.625,22.625
20240725,14,20.5,24.25,22.75
20240725,15,20.5,23.083333333333332,21.083333333333332
20240725,16,20.5,24.142857142857142,20.857142857142858
20240725,17,20.5,22.428571428571427,20.714285714285715
20240725,18,20.5,26.0,21.428571428571427
20240725,19,20.5,26.857142857142858,21.0
20240725,20,20.5,27.0,20.0
20240725,21,20.5,23.5,21.125
20240725,22,20.5,20.375,22.0
20240725,23,25.3125,23.5,26.125
20240726,0,26.0,25.583333333333332,23.666666666666668
20240726,1,26.0,26.375,21.75
20240726,2,26.0,35.125,22.0
20240726,3,26.0,25.125,24.125
20240726,4,26.0,23.25,30.25
20240726,5,26.0,18.583333333333332,20.583333333333332
20240726,6,26.0,17.428571428571427,22.428571428571427
20240726,7,26.0,24.285714285714285,23.714285714285715
20240726,8,26.0,29.142857142857142,23.857142857142858
20240726,9,29.285714285714285,24.428571428571427,21.714285714285715
20240726,10,49.0,23.75,21.0
20240726,11,49.0,22.75,21.0
20240726,12,49.0,23.375,20.75
20240726,13,49.0,23.5,21.0
20240726,14,49.0,23.0,21.875
20240726,15,49.0,22.25,21.416666666666668
20240726,16,49.0,19.428571428571427,19.428571428571427
20240726,17,49.0,13.571428571428571,16.428571428571427
20240726,18,49.0,21.0,18.428571428571427
20240726,19,49.0,30.142857142857142,19.0
20240726,20,49.0,28.0,20.125
20240726,21,49.0,25.75,20.75
20240726,22,49.0,24.5,21.375
20240726,23,49.0,23.375,25.75
20240727,0,49.0,24.75,28.583333333333332
20240727,1,49.0,21.375,16.375
20240727,2,49.0,26.5,25.75
20240727,3,49.0,25.125,22.0
20240727,4,49.0,27.75,23.5
20240727,5,49.0,22.833333333333332,22.166666666666668
20240727,6,49.0,24.714285714285715,19.142857142857142
20240727,7,49.0,23.428571428571427,24.714285714285715
20240727,8,49.0,24.571428571428573,24.571428571428573
20240727,9,49.0,22.0,20.857142857142858
20240727,10,49.0,19.0,20.5
20240727,11,34.25,26.25,21.625
20240727,12,19.5,27.25,22.375
20240727,13,20.4375,26.25,22.625
20240727,14,21.0,24.5,21.25
20240727,15,21.0,24.666666666666668,22.0
20240727,16,21.0,24.285714285714285,23.0
20240727,17,21.0,22.571428571428573,22.857142857142858
20240727,18,21.0,21.142857142857142,23.142857142857142
20240727,19,21.0,25.428571428571427,23.285714285714285
20240727,20,21.0,26.5,25.875
20240727,21,21.0,21.0,28.25
20240727,22,21.0,22.125,21.875
20240727,23,21.0,23.125,24.375
20240728,0,21.0,27.333333333333332,25.583333333333332
20240728,1,21.0,29.5,25.625
20240728,2,21.0,24.5,16.25
20240728,3,21.0,30.75,19.75
20240728,4,21.0,21.625,19.0
20240728,5,21.0,21.666666666666668,18.916666666666668
20240728,6,21.0,19.714285714285715,22.857142857142858
20240728,7,21.0,16.714285714285715,23.285714285714285
20240728,8,21.0,21.571428571428573,19.142857142857142
20240728,9,21.0,17.285714285714285,17.714285714285715
20240728,10,21.0,20.0,23.625
20240728,11,21.0,22.25,22.875
20240728,12,21.0,24.875,23.625
20240728,13,27.125,26.75,23.375
20240728,14,28.0,24.75,21.375
20240728,15,27.375,28.083333333333332,25.083333333333332
20240728,16,20.5,27.428571428571427,22.0
20240728,17,20.5,29.857142857142858,21.428571428571427
20240728,18,20.5,28.428571428571427,21.428571428571427
20240728,19,20.5,28.142857142857142,23.571428571428573
20240728,20,20.5,26.875,22.5
20240728,21,20.5,20.75,23.5
20240728,22,20.5,23.0,24.75
20240728,23,20.5,27.375,25.75
20240729,0,20.5,24.166666666666668,24.5
20240729,1,20.5,33.25,21.375
20240729,2,20.5,33.375,18.5
20240729,3,20.5,22.625,17.625
20240729,4,20.5,21.625,22.625
20240729,5,20.5,21.083333333333332,23.833333333333332
20240729,6,20.5,34.42857142857143,23.428571428571427
20240729,7,20.5,29.0,25.714285714285715
20240729,8,20.5,26.571428571428573,23.571428571428573
20240729,9,20.5,27.428571428571427,22.428571428571427
20240729,10,20.5,24.875,23.25
20240729,11,20.5,27.125,22.25
20240729,12,20.5,26.125,22.125
20240729,13,20.9375,24.375,24.0
20240729,14,21.0,27.125,23.125
20240729,15,21.0,26.333333333333332,22.25
20240729,16,21.0,26.285714285714285,22.714285714285715
20240729,17,21.0,27.714285714285715,21.285714285714285
20240729,18,20.714285714285715,28.428571428571427,21.0
20240729,19,20.5,33.285714285714285,20.714285714285715
20240729,20,24.5625,36.125,21.125
20240729,21,27.0,26.25,21.75
20240729,22,27.0,23.625,24.0
20240729,23,26.125,23.5,26.125
20240730,0,20.0,23.083333333333332,22.916666666666668
20240730,1,20.0,26.0,23.625
20240730,2,20.0,31.375,19.75
20240730,3,20.0,28.125,25.375
20240730,4,20.0,24.5,23.0
20240730,5,20.0,27.916666666666668,26.916666666666668
20240730,6,20.0,21.142857142857142,27.428571428571427
20240730,7,20.0,24.285714285714285,24.714285714285715
20240730,8,20.0,27.0,24.714285714285715
20240730,9,20.0,27.428571428571427,23.0
20240730,10,20.0,26.0,23.0
20240730,11,20.0,24.75,24.25
20240730,12,20.0,24.875,22.875
20240730,13,20.0,26.75,23.0
20240730,14,20.0,27.375,23.625
20240730,15,20.0,24.5,21.666666666666668
20240730,16,20.0,24.428571428571427,20.857142857142858
20240730,17,20.0,24.714285714285715,19.285714285714285
20240730,18,20.0,28.142857142857142,19.428571428571427
20240730,19,20.0,29.571428571428573,20.0
20240730,20,20.375,29.5,21.75
20240730,21,21.0,23.5,21.125
20240730,22,21.0,20.75,23.75
20240730,23,21.0,21.125,26.75
20240731,0,21.0,22.583333333333332,22.25
20240731,1,21.0,20.625,19.75
20240731,2,21.0,23.625,22.125
20240731,3,21.0,26.125,29.5
20240731,4,21.0,19.75,22.75
20240731,5,21.0,20.083333333333332,24.25
20240731,6,21.0,22.571428571428573,25.142857142857142
20240731,7,21.0,26.571428571428573,22.0
20240731,8,21.0,22.714285714285715,21.428571428571427
20240731,9,21.0,27.0,23.142857142857142
20240731,10,24.75,25.25,23.125
20240731,11,31.0,24.125,23.625
20240731,12,31.0,25.875,23.75
20240731,13,31.0,26.125,24.0
20240731,14,31.0,25.25,23.25
20240731,15,31.0,23.0,24.166666666666668
20240731,16,31.0,22.0,21.714285714285715
20240731,17,31.0,23.714285714285715,18.428571428571427
20240731,18,31.0,26.428571428571427,18.571428571428573
20240731,19,31.0,26.714285714285715,18.714285714285715
20240731,20,31.0,30.0,19.5
20240731,21,31.0,28.125,21.0
20240731,22,31.0,23.0,25.5
20240731,23,31.0,21.375,22.25
20240801,0,31.0,24.416666666666668,28.583333333333332
20240801,1,31.0,27.375,24.125
20240801,2,31.0,23.625,24.25
20240801,3,31.0,24.375,25.875
20240801,4,31.0,34.25,22.625
20240801,5,31.0,27.333333333333332,23.166666666666668
20240801,6,31.0,22.857142857142858,18.857142857142858
20240801,7,31.0,23.142857142857142,32.285714285714285
20240801,8,31.0,23.571428571428573,26.571428571428573
20240801,9,31.0,27.0,24.0
20240801,10,31.0,25.5,22.625
20240801,11,31.0,24.5,22.625
20240801,12,31.0,26.0,24.875
20240801,13,31.0,25.375,24.25
20240801,14,31.0,24.0,23.125
20240801,15,31.0,24.833333333333332,22.916666666666668
20240801,16,31.0,24.428571428571427,20.428571428571427
20240801,17,31.0,24.571428571428573,20.428571428571427
20240801,18,31.0,27.285714285714285,19.714285714285715
20240801,19,31.0,29.714285714285715,19.142857142857142
20240801,20,31.0,30.125,19.875
20240801,21,31.0,26.75,20.5
20240801,22,31.0,20.75,20.875
20240801,23,31.0,20.375,26.375
20240802,0,31.0,25.583333333333332,21.5
20240802,1,31.0,26.875,20.5
20240802,2,31.0,24.375,25.125
20240802,3,31.0,19.25,25.125
20240802,4,31.0,13.5,20.625
20240802,5,31.0,21.166666666666668,18.083333333333332
20240802,6,31.0,28.0,24.714285714285715
20240802,7,31.0,36.714285714285715,24.428571428571427
20240802,8,31.0,29.714285714285715,23.142857142857142
20240802,9,31.0,28.285714285714285,23.0
20240802,10,19.5,24.25,21.125
20240802,11,19.5,23.75,21.125
20240802,12,19.5,25.0,22.25
20240802,13,19.5,26.375,22.25
20240802,14,19.5,24.5,22.25
20240802,15,19.5,24.666666666666668,22.833333333333332
20240802,16,19.5,25.0,21.857142857142858
20240802,17,19.5,24.428571428571427,20.714285714285715
20240802,18,19.5,27.142857142857142,17.857142857142858
20240802,19,20.357142857142858,26.285714285714285,18.714285714285715
20240802,20,21.0,31.125,21.0
20240802,21,21.0,29.5,21.0
20240802,22,21.0,30.0,21.0
20240802,23,21.0,30.0,21.0
20240803,0,21.5,30.0,21.0
20240803,1,23.0,30.0,21.0
20240803,2,23.0,30.0,21.0
20240803,3,23.0,30.0,21.0
20240803,4,23.0,30.0,21.0
20240803,5,23.0,30.0,21.0
20240803,6,23.0,30.0,21.0
20240803,7,23.0,30.0,21.0
20240803,8,23.0,20.142857142857142,20.571428571428573
20240803,9,23.0,17.571428571428573,15.857142857142858
20240803,10,23.0,21.125,19.0
20240803,11,22.0,24.5,18.875
20240803,12,21.0,24.125,18.875
20240803,13,21.0,26.0,19.625
20240803,14,21.0,25.0,18.25
20240803,15,21.0,22.666666666666668,18.5
20240803,16,21.0,26.0,19.571428571428573
20240803,17,21.0,26.285714285714285,19.857142857142858
20240803,18,21.0,28.714285714285715,18.0
20240803,19,21.0,23.857142857142858,11.857142857142858
20240803,20,21.0,24.0,12.75
20240803,21,21.0,18.125,18.375
20240803,22,21.0,24.125,20.5
20240803,23,21.0,29.125,21.5
20240804,0,21.0,26.25,25.333333333333332
20240804,1,21.0,33.75,22.25
20240804,2,21.0,27.875,24.25
20240804,3,21.0,30.25,24.875
20240804,4,21.0,25.875,18.625
20240804,5,21.0,28.416666666666668,13.083333333333334
20240804,6,21.0,21.285714285714285,14.428571428571429
20240804,7,21.0,23.142857142857142,24.0
20240804,8,21.0,25.571428571428573,19.857142857142858
20240804,9,21.0,19.142857142857142,21.285714285714285
20240804,10,21.0,23.75,19.75
20240804,11,21.0,29.0,19.25
20240804,12,21.0,27.5,19.375
20240804,13,21.0,31.0,19.375
20240804,14,20.5,28.625,16.375
20240804,15,20.0,27.0,17.5
20240804,16,20.0,27.857142857142858,20.0
20240804,17,20.0,30.142857142857142,19.571428571428573
20240804,18,20.0,36.42857142857143,16.142857142857142
20240804,19,20.0,26.0,18.0
20240804,20,20.0,26.125,17.625
20240804,21,20.0,19.125,14.625
20240804,22,20.0,26.375,18.0
20240804,23,20.0,27.125,17.75
20240805,0,20.0,30.5,24.166666666666668
20240805,1,20.0,27.875,23.25
20240805,2,20.0,30.5,20.625
20240805,3,20.0,30.125,16.5
20240805,4,20.0,32.375,21.0
20240805,5,20.0,25.166666666666668,24.0
20240805,6,20.0,24.714285714285715,19.428571428571427
20240805,7,20.0,26.285714285714285,24.571428571428573
20240805,8,20.0,36.57142857142857,17.857142857142858
20240805,9,20.0,28.714285714285715,16.571428571428573
20240805,10,20.0,23.625,20.5
20240805,11,20.0,22.75,23.625
20240805,12,20.0,24.375,23.5
20240805,13,20.0,24.0,23.125
20240805,14,20.0,26.25,22.25
20240805,15,20.0,25.833333333333332,21.166666666666668
20240805,16,20.0,25.571428571428573,21.142857142857142
20240805,17,20.0,24.428571428571427,19.142857142857142
20240805,18,20.0,25.571428571428573,22.0
20240805,19,20.714285714285715,30.142857142857142,19.571428571428573
20240805,20,21.0,32.125,22.25
20240805,21,21.0,26.0,20.75
20240805,22,21.0,20.5,23.75
20240805,23,21.0,21.625,29.25
20240806,0,21.0,23.666666666666668,25.833333333333332
20240806,1,21.0,22.5,18.875
20240806,2,21.0,22.875,24.0
20240806,3,21.0,23.625,31.25
20240806,4,21.0,20.375,20.375
20240806,5,21.0,31.833333333333332,20.916666666666668
20240806,6,21.0,24.428571428571427,25.714285714285715
20240806,7,21.0,23.571428571428573,27.571428571428573
20240806,8,21.0,28.142857142857142,26.0
20240806,9,21.0,28.0,23.142857142857142
20240806,10,21.0,23.0,21.625
20240806,11,21.0,23.75,22.625
20240806,12,21.0,26.125,22.25
20240806,13,21.0,28.625,24.5
20240806,14,21.0,26.125,22.25
20240806,15,21.0,25.75,21.5
20240806,16,21.0,26.714285714285715,24.285714285714285
20240806,17,21.0,26.428571428571427,20.714285714285715
20240806,18,21.0,27.428571428571427,20.285714285714285
20240806,19,21.0,30.285714285714285,20.0
20240806,20,20.6875,29.125,20.875
20240806,21,20.5,24.125,20.625
20240806,22,20.5,21.25,22.625
20240806,23,20.5,25.25,26.0
20240807,0,20.5,24.083333333333332,23.5
20240807,1,20.5,27.5,27.375
20240807,2,20.5,21.875,23.5
20240807,3,20.5,28.75,22.375
20240807,4,20.5,36.375,22.625
20240807,5,20.5,29.0,17.25
20240807,6,20.5,29.857142857142858,28.714285714285715
20240807,7,20.5,26.0,28.571428571428573
20240807,8,20.5,30.571428571428573,24.0
20240807,9,20.5,28.285714285714285,22.0
20240807,10,20.5,26.375,21.625
20240807,11,20.5,23.5,21.25
20240807,12,20.5,22.25,20.625
20240807,13,20.875,22.0,22.875
20240807,14,21.0,25.0,21.375
20240807,15,21.0,25.416666666666668,21.25
20240807,16,21.0,26.428571428571427,20.285714285714285
20240807,17,21.0,23.285714285714285,19.285714285714285
20240807,18,21.0,26.285714285714285,18.857142857142858
20240807,19,21.0,28.428571428571427,18.285714285714285
20240807,20,21.0,27.875,20.625
20240807,21,22.875,21.625,21.0
20240807,22,26.0,22.25,23.125
20240807,23,26.0,22.125,25.25
20240808,0,26.0,23.25,22.916666666666668
20240808,1,26.0,23.75,21.875
20240808,2,26.0,30.0,25.0
20240808,3,26.0,23.0,25.0
20240808,4,26.0,29.875,20.0
20240808,5,26.0,32.5,22.75
20240808,6,26.0,24.285714285714285,24.571428571428573
20240808,7,26.0,23.428571428571427,20.857142857142858
20240808,8,26.0,25.714285714285715,25.285714285714285
20240808,9,26.0,25.857142857142858,22.428571428571427
20240808,10,26.0,24.25,22.25
20240808,11,26.0,23.0,23.5
20240808,12,26.0,24.375,24.75
20240808,13,26.0,24.125,23.375
20240808,14,26.0,26.125,22.25
20240808,15,26.0,24.5,22.583333333333332
20240808,16,26.0,23.0,21.714285714285715
20240808,17,26.0,23.142857142857142,18.428571428571427
20240808,18,26.0,25.571428571428573,20.0
20240808,19,26.0,26.571428571428573,18.428571428571427
20240808,20,20.25,31.25,20.75
20240808,21,21.0,26.875,22.25
20240808,22,21.0,20.5,22.5
20240808,23,21.0,20.125,26.25
20240809,0,21.0,22.583333333333332,24.666666666666668
20240809,1,21.0,23.375,22.625
20240809,2,21.0,24.5,25.375
20240809,3,21.0,31.0,19.75
20240809,4,21.0,21.875,25.875
20240809,5,21.0,27.25,24.166666666666668
20240809,6,21.0,23.857142857142858,25.142857142857142
20240809,7,21.0,24.0,22.857142857142858
20240809,8,21.0,27.428571428571427,24.428571428571427
20240809,9,21.0,27.142857142857142,19.428571428571427
20240809,10,21.0,25.25,21.25
20240809,11,21.0,24.625,19.875
20240809,12,21.0,23.25,21.75
20240809,13,21.0,23.0,25.0
20240809,14,21.0,24.0,22.5
20240809,15,21.0,23.0,21.416666666666668
20240809,16,21.0,24.714285714285715,21.714285714285715
20240809,17,21.0,24.571428571428573,20.714285714285715
20240809,18,21.0,25.0,20.428571428571427
20240809,19,21.0,23.428571428571427,21.0
20240809,20,21.0,31.625,19.875
20240809,21,21.0,25.625,19.75
20240809,22,21.0,21.125,27.0
20240809,23,21.0,22.25,27.875
20240810,0,21.0,23.583333333333332,29.666666666666668
20240810,1,21.0,23.0,27.25
20240810,2,21.0,19.625,20.875
20240810,3,21.0,24.625,27.25
20240810,4,21.0,24.875,27.0
20240810,5,21.0,28.083333333333332,21.833333333333332
20240810,6,21.0,21.428571428571427,24.857142857142858
20240810,7,21.0,20.857142857142858,25.714285714285715
20240810,8,21.0,20.714285714285715,25.285714285714285
20240810,9,21.0,18.857142857142858,21.714285714285715
20240810,10,21.0,18.375,17.25
20240810,11,21.0,21.0,21.875
20240810,12,21.0,24.125,21.75
20240810,13,21.0,23.5,23.0
20240810,14,21.0,25.5,22.875
20240810,15,21.0,25.583333333333332,24.5
20240810,16,21.0,27.0,23.428571428571427
20240810,17,21.0,22.714285714285715,24.857142857142858
20240810,18,20.714285714285715,25.0,23.0
20240810,19,20.0,25.285714285714285,19.0
20240810,20,20.0,25.125,18.875
20240810,21,20.0,19.625,22.875
20240810,22,20.0,24.125,24.625
20240810,23,20.0,23.125,26.125
20240811,0,20.0,26.5,29.416666666666668
20240811,1,20.0,24.75,24.125
20240811,2,20.0,24.75,23.0
20240811,3,20.0,22.125,16.375
20240811,4,20.0,19.875,18.875
20240811,5,20.0,20.0,15.416666666666666
20240811,6,20.0,23.571428571428573,17.285714285714285
20240811,7,20.0,16.142857142857142,20.285714285714285
20240811,8,20.0,21.714285714285715,21.571428571428573
20240811,9,21.428571428571427,18.714285714285715,24.857142857142858
20240811,10,22.5,22.5,22.5
20240811,11,22.5,23.75,22.875
20240811,12,22.5,24.0,22.625
20240811,13,22.5,28.125,23.75
20240811,14,22.5,26.5,22.125
20240811,15,22.5,26.333333333333332,24.75
20240811,16,22.5,27.857142857142858,23.285714285714285
20240811,17,22.5,26.571428571428573,25.285714285714285
20240811,18,22.5,25.142857142857142,21.428571428571427
20240811,19,28.714285714285715,29.0,20.857142857142858
20240811,20,37.0,23.875,28.0
20240811,21,37.0,20.625,23.0
20240811,22,37.0,23.5,22.875
20240811,23,37.0,28.875,25.625
20240812,0,37.0,25.166666666666668,23.75
20240812,1,37.0,28.875,23.0
20240812,2,37.0,33.75,22.0
20240812,3,37.0,31.125,26.5
20240812,4,37.0,30.0,21.875
20240812,5,37.0,21.416666666666668,21.833333333333332
20240812,6,37.0,25.714285714285715,20.0
20240812,7,37.0,24.428571428571427,25.428571428571427
20240812,8,37.0,25.0,23.857142857142858
20240812,9,37.0,29.571428571428573,20.571428571428573
20240812,10,37.0,28.0,21.125
20240812,11,37.0,23.25,22.25
20240812,12,37.0,23.875,23.375
20240812,13,37.0,26.75,23.0
20240812,14,37.0,28.0,22.625
20240812,15,35.625,27.25,24.166666666666668
20240812,16,20.5,23.428571428571427,22.714285714285715
20240812,17,20.5,22.428571428571427,22.142857142857142
20240812,18,20.5,27.142857142857142,20.285714285714285
20240812,19,20.5,27.571428571428573,20.0
20240812,20,20.5,28.5,21.5
20240812,21,20.5,23.875,23.0
20240812,22,20.5,18.125,19.375
20240812,23,20.5,20.75,22.375
20240813,0,21.0,18.166666666666668,23.166666666666668
20240813,1,21.0,27.625,19.875
20240813,2,21.0,20.625,21.0
20240813,3,21.0,23.875,20.25
20240813,4,21.0,21.75,19.875
20240813,5,21.0,33.583333333333336,28.833333333333332
20240813,6,21.0,21.428571428571427,24.571428571428573
20240813,7,21.0,22.857142857142858,21.428571428571427
20240813,8,21.0,25.285714285714285,23.0
20240813,9,21.0,26.857142857142858,22.0
20240813,10,21.0,25.875,23.125
20240813,11,21.0,25.0,22.0
20240813,12,21.0,25.0,21.75
20240813,13,21.0,27.125,22.625
20240813,14,21.0,27.5,22.625
20240813,15,21.0,24.916666666666668,22.5
20240813,16,21.0,22.428571428571427,22.285714285714285
20240813,17,21.0,25.428571428571427,18.714285714285715
20240813,18,21.0,25.571428571428573,18.0
20240813,19,21.0,28.285714285714285,18.714285714285715
20240813,20,21.0,26.25,20.0
20240813,21,21.0,24.375,20.375
20240813,22,21.25,21.375,24.0
20240813,23,21.5,22.75,27.125
20240814,0,21.5,22.0,23.833333333333332
20240814,1,21.5,26.625,21.25
20240814,2,21.5,27.125,26.375
20240814,3,21.5,22.75,25.375
20240814,4,21.5,26.875,18.625
20240814,5,21.5,23.833333333333332,25.75
20240814,6,21.5,24.714285714285715,22.714285714285715
20240814,7,21.5,21.428571428571427,23.285714285714285
20240814,8,21.5,28.142857142857142,22.428571428571427
20240814,9,21.5,26.0,20.428571428571427
20240814,10,21.5,25.625,20.375
20240814,11,21.5,23.125,21.0
20240814,12,21.5,22.75,21.75
20240814,13,21.5,23.5,22.625
20240814,14,21.5,23.25,24.375
20240814,15,21.5,22.75,22.083333333333332
20240814,16,21.5,23.142857142857142,22.571428571428573
20240814,17,21.5,21.857142857142858,21.142857142857142
20240814,18,21.5,20.714285714285715,16.571428571428573
20240814,19,21.5,25.857142857142858,18.571428571428573
20240814,20,21.5,29.0,19.5
20240814,21,21.5,24.875,21.875
20240814,22,21.5,19.625,23.875
20240814,23,21.5,17.75,26.125
20240815,0,21.5,21.166666666666668,26.583333333333332
20240815,1,21.5,23.875,24.625
20240815,2,21.5,22.375,20.125
20240815,3,21.5,21.5,18.0
20240815,4,21.5,30.125,24.625
20240815,5,21.5,23.666666666666668,24.416666666666668
20240815,6,21.5,24.142857142857142,17.285714285714285
20240815,7,21.5,18.285714285714285,23.428571428571427
20240815,8,21.5,21.857142857142858,24.142857142857142
20240815,9,21.5,16.714285714285715,22.142857142857142
20240815,10,21.5,19.25,21.0
20240815,11,21.5,28.5,23.0
20240815,12,21.5,26.625,23.75
20240815,13,21.5,25.25,24.75
20240815,14,21.5,24.75,22.625
20240815,15,21.5,27.666666666666668,22.166666666666668
20240815,16,21.5,28.571428571428573,24.571428571428573
20240815,17,21.5,25.571428571428573,22.142857142857142
20240815,18,21.5,29.285714285714285,21.142857142857142
20240815,19,21.5,30.0,26.428571428571427
20240815,20,21.5,24.5,24.25
20240815,21,21.5,20.625,23.25
20240815,22,21.5,26.125,20.125
20240815,23,21.5,26.375,24.5
20240816,0,21.5,32.333333333333336,28.916666666666668
20240816,1,21.5,25.125,24.25
20240816,2,21.5,22.5,21.0
20240816,3,21.5,24.75,24.375
20240816,4,21.5,30.625,24.375
20240816,5,21.5,22.75,21.583333333333332
20240816,6,21.5,22.0,25.0
20240816,7,21.5,25.285714285714285,25.142857142857142
20240816,8,21.5,25.428571428571427,22.571428571428573
20240816,9,21.5,22.857142857142858,21.285714285714285
20240816,10,21.5,25.375,21.625
20240816,11,21.5,24.0,21.75
20240816,12,21.5,25.5,21.5
20240816,13,21.5,23.125,22.125
20240816,14,21.5,21.75,21.5
20240816,15,21.5,23.083333333333332,21.083333333333332
20240816,16,21.5,22.714285714285715,22.285714285714285
20240816,17,21.5,22.857142857142858,19.714285714285715
20240816,18,21.5,27.0,20.285714285714285
20240816,19,21.5,27.142857142857142,22.142857142857142
20240816,20,21.5,28.25,23.0
20240816,21,21.5,24.5,19.5
20240816,22,21.5,19.875,23.25
20240816,23,21.5,19.0,26.5
20240817,0,21.5,18.916666666666668,23.5
20240817,1,21.5,27.5,24.5
20240817,2,21.5,27.75,24.0
20240817,3,21.5,22.75,27.5
20240817,4,21.5,26.75,22.375
20240817,5,21.5,27.666666666666668,20.416666666666668
20240817,6,21.5,22.571428571428573,21.857142857142858
20240817,7,21.5,21.714285714285715,22.428571428571427
20240817,8,21.5,22.428571428571427,21.0
20240817,9,21.5,19.0,19.714285714285715
20240817,10,21.5,19.125,19.0
20240817,11,21.5,24.625,20.5
20240817,12,21.5,23.875,23.5
20240817,13,21.5,22.375,22.25
20240817,14,21.5,26.75,22.625
20240817,15,21.5,25.166666666666668,21.583333333333332
20240817,16,21.5,24.857142857142858,22.428571428571427
20240817,17,21.5,26.142857142857142,22.571428571428573
20240817,18,21.5,29.285714285714285,22.142857142857142
20240817,19,21.5,26.857142857142858,23.571428571428573
20240817,20,21.5,25.625,25.625
20240817,21,20.75,19.75,23.625
20240817,22,20.0,23.75,21.25
20240817,23,20.0,24.875,28.5
20240818,0,20.0,23.916666666666668,26.583333333333332
20240818,1,20.0,26.5,28.25
20240818,2,20.0,26.625,22.625
20240818,3,20.0,31.875,25.875
20240818,4,20.0,26.5,20.125
20240818,5,20.0,25.166666666666668,23.666666666666668
20240818,6,20.0,20.285714285714285,21.857142857142858
20240818,7,20.0,22.857142857142858,23.714285714285715
20240818,8,20.0,20.0,22.571428571428573
20240818,9,20.0,22.0,23.571428571428573
20240818,10,20.0,22.5,20.5
20240818,11,20.0,21.0,21.375
20240818,12,20.0,29.25,25.75
20240818,13,20.0,28.125,23.625
20240818,14,21.0,27.25,24.5
20240818,15,21.0,26.333333333333332,24.583333333333332
20240818,16,21.0,26.857142857142858,22.571428571428573
20240818,17,21.0,30.0,23.285714285714285
20240818,18,21.0,31.285714285714285,23.285714285714285
20240818,19,21.0,31.0,21.285714285714285
20240818,20,21.0,24.125,20.25
20240818,21,21.0,20.0,22.75
20240818,22,21.0,23.625,23.125
20240818,23,21.0,27.25,22.75
20240819,0,21.0,27.0,23.75
20240819,1,21.0,28.25,21.25
20240819,2,21.0,32.5,20.75
20240819,3,21.0,27.25,21.375
20240819,4,21.0,25.25,19.75
20240819,5,21.0,20.75,21.25
20240819,6,21.0,11.428571428571429,20.0
20240819,7,21.0,20.714285714285715,25.142857142857142
20240819,8,21.0,26.428571428571427,21.285714285714285
20240819,9,21.0,26.428571428571427,20.571428571428573
20240819,10,21.0,26.375,21.625
20240819,11,20.5,26.125,22.625
20240819,12,20.0,27.25,22.875
20240819,13,20.0,28.5,23.75
20240819,14,20.0,26.375,21.75
20240819,15,20.0,23.833333333333332,21.166666666666668
20240819,16,20.0,24.857142857142858,20.714285714285715
20240819,17,20.0,25.285714285714285,20.142857142857142
20240819,18,20.0,30.714285714285715,20.0
20240819,19,20.0,34.142857142857146,20.0
20240819,20,20.0,30.625,19.625
20240819,21,20.0,23.25,19.25
20240819,22,20.5,21.25,26.125
20240819,23,21.0,22.0,24.625
20240820,0,21.0,22.75,26.666666666666668
20240820,1,21.0,27.125,23.625
20240820,2,21.0,22.75,22.875
20240820,3,21.0,24.375,28.875
20240820,4,21.0,18.25,27.25
20240820,5,21.0,17.5,21.5
20240820,6,21.0,21.285714285714285,23.571428571428573
20240820,7,21.0,22.571428571428573,22.0
20240820,8,21.0,27.714285714285715,19.714285714285715
20240820,9,21.0,24.285714285714285,20.714285714285715
20240820,10,21.0,24.375,20.0
20240820,11,21.0,23.75,22.125
20240820,12,21.0,25.5,21.5
20240820,13,21.0,27.625,22.75
20240820,14,21.0,26.125,24.25
20240820,15,21.0,24.166666666666668,25.333333333333332
20240820,16,21.0,22.857142857142858,22.428571428571427
20240820,17,21.0,23.714285714285715,19.857142857142858
20240820,18,21.0,26.428571428571427,20.142857142857142
20240820,19,21.0,26.285714285714285,21.142857142857142
20240820,20,21.0,31.25,21.75
20240820,21,21.0,24.5,25.5
20240820,22,21.0,19.875,24.875
20240820,23,21.0,22.625,24.375
20240821,0,21.0,21.833333333333332,23.5
20240821,1,20.125,27.5,24.875
20240821,2,20.75,27.75,20.0
20240821,3,21.0,26.625,20.0
20240821,4,21.0,23.5,20.125
20240821,5,21.0,27.75,22.833333333333332
20240821,6,21.0,21.142857142857142,21.142857142857142
20240821,7,21.0,24.428571428571427,20.285714285714285
20240821,8,21.0,28.0,25.571428571428573
20240821,9,21.0,24.857142857142858,23.857142857142858
20240821,10,21.0,25.375,24.0
20240821,11,21.0,24.0,24.75
20240821,12,21.0,24.375,24.5
20240821,13,21.0,23.875,22.625
20240821,14,21.0,24.125,23.375
20240821,15,21.0,23.25,23.083333333333332
20240821,16,21.0,23.142857142857142,23.142857142857142
20240821,17,21.0,25.285714285714285,21.714285714285715
20240821,18,21.0,29.0,19.285714285714285
20240821,19,21.0,26.142857142857142,21.0
20240821,20,21.0,28.125,20.25
20240821,21,21.0,25.125,20.125
20240821,22,21.5,21.5,22.25
20240821,23,21.5,18.375,22.75
20240822,0,21.5,23.666666666666668,20.916666666666668
20240822,1,21.5,27.875,20.875
20240822,2,21.5,29.0,25.375
20240822,3,21.5,29.0,20.75
20240822,4,21.5,24.5,20.25
20240822,5,21.5,24.0,19.833333333333332
20240822,6,21.5,25.0,22.142857142857142
20240822,7,21.5,22.428571428571427,24.571428571428573
20240822,8,21.5,24.0,22.571428571428573
20240822,9,21.5,28.428571428571427,22.571428571428573
20240822,10,21.5,26.25,23.25
20240822,11,21.5,25.75,23.5
20240822,12,21.4375,26.625,23.125
20240822,13,21.0,24.25,24.625
20240822,14,21.0,25.5,21.625
20240822,15,21.0,25.333333333333332,22.416666666666668
20240822,16,21.0,24.571428571428573,20.0
20240822,17,21.0,22.0,19.571428571428573
20240822,18,21.0,26.714285714285715,18.571428571428573
20240822,19,21.0,29.0,19.285714285714285
20240822,20,21.0,30.375,20.625
20240822,21,21.0,25.25,22.625
20240822,22,21.0,20.75,23.625
20240822,23,21.0,21.5,26.125
20240823,0,21.0,20.166666666666668,24.0
20240823,1,21.0,23.625,23.625
20240823,2,21.0,23.375,21.875
20240823,3,21.0,26.5,23.0
20240823,4,21.0,28.375,17.375
20240823,5,21.0,25.333333333333332,22.166666666666668
20240823,6,21.0,22.857142857142858,21.571428571428573
20240823,7,21.0,19.0,28.857142857142858
20240823,8,21.0,27.571428571428573,24.142857142857142
20240823,9,21.0,27.428571428571427,22.571428571428573
20240823,10,21.0,25.5,22.625
20240823,11,21.0,24.5,22.5
20240823,12,21.0,26.375,22.5
20240823,13,21.0,27.0,23.375
20240823,14,21.0,25.875,22.5
20240823,15,21.0,25.833333333333332,24.333333333333332
20240823,16,21.0,22.857142857142858,20.0
20240823,17,21.0,23.285714285714285,18.0
20240823,18,21.0,26.142857142857142,19.285714285714285
20240823,19,21.0,28.714285714285715,18.857142857142858
20240823,20,21.0,27.875,19.125
20240823,21,21.0,25.25,20.625
20240823,22,21.0,19.25,23.125
20240823,23,21.0,19.125,24.625
20240824,0,21.0,22.5,23.583333333333332
20240824,1,21.0,21.625,32.125
20240824,2,21.0,25.75,19.125
20240824,3,21.0,26.0,20.0
20240824,4,21.0,19.25,24.375
20240824,5,21.0,21.833333333333332,16.5
20240824,6,21.0,27.428571428571427,19.714285714285715
20240824,7,21.0,17.428571428571427,22.714285714285715
20240824,8,21.0,21.285714285714285,23.857142857142858
20240824,9,21.0,19.428571428571427,29.0
20240824,10,21.0,19.75,20.75
20240824,11,25.875,23.875,19.5
20240824,12,34.0,22.875,19.375
20240824,13,34.0,25.0,21.375
20240824,14,34.0,29.0,23.25
20240824,15,34.0,25.5,22.25
20240824,16,34.0,26.142857142857142,21.857142857142858
20240824,17,34.0,24.428571428571427,19.571428571428573
20240824,18,34.0,23.571428571428573,23.428571428571427
20240824,19,34.0,28.285714285714285,23.428571428571427
20240824,20,34.0,24.25,24.625
20240824,21,34.0,20.375,23.5
20240824,22,34.0,23.625,25.25
20240824,23,34.0,23.75,25.375
20240825,0,34.0,24.333333333333332,30.5
20240825,1,32.375,20.0,21.25
20240825,2,21.0,22.375,22.125
20240825,3,21.0,26.125,26.125
20240825,4,21.0,25.875,20.75
20240825,5,21.0,34.666666666666664,16.916666666666668
20240825,6,21.0,29.857142857142858,25.285714285714285
20240825,7,21.0,23.714285714285715,23.857142857142858
20240825,8,21.0,22.857142857142858,22.571428571428573
20240825,9,21.0,22.428571428571427,22.714285714285715
20240825,10,21.0,18.5,21.375
20240825,11,21.0,19.625,23.0
20240825,12,21.0,22.875,22.375
20240825,13,21.0,27.125,24.0
20240825,14,21.0,26.25,21.5
20240825,15,21.0,25.916666666666668,22.5
20240825,16,21.0,27.571428571428573,24.285714285714285
20240825,17,21.0,26.571428571428573,23.428571428571427
20240825,18,21.0,27.714285714285715,23.714285714285715
20240825,19,21.0,33.857142857142854,24.142857142857142
20240825,20,21.0,27.125,21.625
20240825,21,21.0,19.875,24.125
20240825,22,21.0,26.0,26.625
20240825,23,21.0,27.875,28.875
20240826,0,21.0,28.166666666666668,27.5
20240826,1,21.0,30.75,17.125
20240826,2,19.6875,27.375,18.5
20240826,3,19.5,25.125,20.5
20240826,4,19.5,23.125,26.0
20240826,5,19.5,27.75,22.583333333333332
20240826,6,19.5,24.714285714285715,23.0
20240826,7,19.5,20.571428571428573,21.571428571428573
20240826,8,19.5,28.142857142857142,24.0
20240826,9,19.5,30.714285714285715,20.428571428571427
20240826,10,19.5,26.625,22.875
20240826,11,19.5,27.5,23.125
20240826,12,19.5,28.0,23.25
20240826,13,19.5,26.625,23.125
20240826,14,19.5,26.875,23.0
20240826,15,19.5,22.25,23.833333333333332
20240826,16,19.5,25.285714285714285,24.857142857142858
20240826,17,19.5,24.714285714285715,20.857142857142858
20240826,18,19.5,25.428571428571427,20.285714285714285
20240826,19,19.5,28.142857142857142,20.285714285714285
20240826,20,19.5,32.375,20.125
20240826,21,19.5,25.0,22.375
20240826,22,19.5,22.25,22.75
20240826,23,19.5,19.75,27.125
20240827,0,19.5,23.666666666666668,25.75
20240827,1,19.5,31.0,22.75
20240827,2,19.5,28.375,22.5
20240827,3,20.0625,27.875,26.625
20240827,4,21.0,29.125,18.375
20240827,5,21.0,21.0,24.666666666666668
20240827,6,21.0,22.428571428571427,24.285714285714285
20240827,7,21.0,20.285714285714285,22.571428571428573
20240827,8,21.0,23.571428571428573,20.857142857142858
20240827,9,21.0,25.142857142857142,22.142857142857142
20240827,10,21.0,25.625,21.5
20240827,11,21.0,24.625,22.5
20240827,12,21.0,26.125,22.25
20240827,13,21.0,28.875,22.75
20240827,14,21.0,26.75,23.0
20240827,15,21.0,26.75,23.416666666666668
20240827,16,21.0,26.0,23.714285714285715
20240827,17,21.0,29.0,21.285714285714285
20240827,18,21.0,28.428571428571427,20.142857142857142
20240827,19,21.0,27.857142857142858,20.0
20240827,20,21.0,29.375,20.125
20240827,21,21.0,24.125,20.75
20240827,22,21.0,21.375,24.375
20240827,23,21.0,16.25,24.5
20240828,0,21.0,18.583333333333332,22.75
20240828,1,21.0,25.25,23.25
20240828,2,21.0,32.25,32.25
20240828,3,21.0,23.75,20.25
20240828,4,21.0,24.0,22.25
20240828,5,21.0,22.666666666666668,22.583333333333332
20240828,6,21.0,24.428571428571427,26.428571428571427
20240828,7,21.0,24.0,25.285714285714285
20240828,8,21.0,25.428571428571427,22.142857142857142
20240828,9,21.0,25.0,21.571428571428573
20240828,10,21.0,28.0,22.25
20240828,11,21.0,26.125,23.25
20240828,12,21.0,24.125,23.75
20240828,13,21.0,26.5,25.375
20240828,14,21.0,28.5,24.375
20240828,15,21.0,25.583333333333332,22.083333333333332
20240828,16,21.0,24.571428571428573,21.0
20240828,17,21.0,24.857142857142858,19.428571428571427
20240828,18,21.0,28.428571428571427,21.285714285714285
20240828,19,21.0,27.857142857142858,19.714285714285715
20240828,20,21.0,29.875,21.875
20240828,21,21.0,27.625,20.375
20240828,22,21.0,20.625,23.75
20240828,23,21.0,19.375,24.0
20240829,0,21.0,24.25,24.333333333333332
20240829,1,21.0,22.125,25.625
20240829,2,21.0,24.5,18.125
20240829,3,21.0,20.25,23.125
20240829,4,21.0,25.25,20.25
20240829,5,21.0,21.083333333333332,28.75
20240829,6,21.0,20.714285714285715,29.0
20240829,7,21.0,25.142857142857142,23.857142857142858
20240829,8,21.0,24.714285714285715,22.285714285714285
20240829,9,21.0,29.142857142857142,22.285714285714285
20240829,10,21.0,26.0,22.875
20240829,11,21.0,26.875,22.25
20240829,12,21.0,25.125,22.625
20240829,13,21.0,25.5,24.5
20240829,14,21.0,26.125,23.125
20240829,15,21.0,22.833333333333332,22.25
20240829,16,21.0,27.142857142857142,21.857142857142858
20240829,17,21.0,24.714285714285715,20.714285714285715
20240829,18,20.857142857142858,24.571428571428573,20.285714285714285
20240829,19,20.5,28.428571428571427,20.285714285714285
20240829,20,20.5,30.625,19.0
20240829,21,20.8125,27.375,21.125
20240829,22,21.0,20.125,24.875
20240829,23,21.0,22.75,24.25
20240830,0,21.0,24.583333333333332,23.666666666666668
20240830,1,21.0,26.375,23.125
20240830,2,21.0,24.375,24.375
20240830,3,21.0,24.375,20.75
20240830,4,21.0,18.625,27.625
20240830,5,21.0,21.666666666666668,28.166666666666668
20240830,6,21.0,23.857142857142858,22.714285714285715
20240830,7,21.0,20.857142857142858,24.428571428571427
20240830,8,21.0,29.285714285714285,22.714285714285715
20240830,9,21.0,27.142857142857142,22.285714285714285
20240830,10,21.0,26.125,21.25
20240830,11,21.0,27.375,21.625
20240830,12,21.0,24.75,23.625
20240830,13,21.0,26.25,25.125
20240830,14,21.0,27.125,22.375
20240830,15,21.0,24.083333333333332,21.666666666666668
20240830,16,20.571428571428573,25.571428571428573,21.857142857142858
20240830,17,20.5,25.714285714285715,20.142857142857142
20240830,18,20.5,20.428571428571427,19.428571428571427
20240830,19,20.5,26.428571428571427,19.857142857142858
20240830,20,20.5,27.75,21.5
20240830,21,20.5,23.0,20.625
20240830,22,20.5,21.875,23.25
20240830,23,20.5,22.0,27.375
20240831,0,20.5,25.833333333333332,23.0
20240831,1,20.5,30.125,25.375
20240831,2,20.5,22.5,25.5
20240831,3,20.5,16.0,25.625
20240831,4,20.5,24.625,23.0
20240831,5,20.5,27.833333333333332,23.833333333333332
20240831,6,20.5,23.142857142857142,27.0
20240831,7,20.5,18.571428571428573,25.857142857142858
20240831,8,20.5,19.0,21.285714285714285
20240831,9,20.5,18.714285714285715,20.857142857142858
20240831,10,20.5,20.375,20.625
20240831,11,20.5,24.5,21.25
20240831,12,20.5,25.125,22.25
20240831,13,20.5,23.125,22.75
20240831,14,20.5,23.75,23.0
20240831,15,20.5,24.083333333333332,23.083333333333332
20240831,16,20.5,23.142857142857142,22.142857142857142
20240831,17,20.5,24.285714285714285,23.857142857142858
20240831,18,20.5,26.428571428571427,22.714285714285715
20240831,19,20.5,28.428571428571427,23.714285714285715
20240831,20,20.5,24.75,22.125
20240831,21,20.5,21.25,22.5
20240831,22,20.5,19.375,25.875
20240831,23,20.5,22.625,27.0
20240901,0,20.5,25.0,22.833333333333332
20240901,1,21.8125,27.5,23.375
20240901,2,21.0,28.125,17.875
20240901,3,21.0,23.25,25.625
20240901,4,21.0,16.5,18.0
20240901,5,21.0,17.083333333333332,18.916666666666668
20240901,6,21.0,22.285714285714285,22.285714285714285
20240901,7,21.0,20.714285714285715,26.285714285714285
20240901,8,21.0,23.571428571428573,26.0
20240901,9,21.0,18.0,18.857142857142858
20240901,10,21.0,19.5,22.375
20240901,11,21.0,22.25,22.875
20240901,12,21.0,25.625,22.875
20240901,13,21.0,26.375,24.25
20240901,14,21.0,23.875,24.625
20240901,15,21.0,27.25,23.416666666666668
20240901,16,21.0,29.714285714285715,23.0
20240901,17,21.0,28.285714285714285,22.285714285714285
20240901,18,23.571428571428573,27.714285714285715,23.857142857142858
20240901,19,39.0,26.285714285714285,23.571428571428573
20240901,20,39.0,25.875,22.5
20240901,21,39.0,23.625,20.5
20240901,22,24.75,24.375,24.75
20240901,23,20.0,26.625,26.875
20240902,0,20.0,26.0,21.916666666666668
20240902,1,20.0,28.125,20.0
20240902,2,20.0,34.0,16.25
20240902,3,20.0,30.0,21.625
20240902,4,20.0,33.625,22.375
20240902,5,20.0,25.666666666666668,23.416666666666668
20240902,6,20.0,19.857142857142858,19.428571428571427
20240902,7,20.0,20.428571428571427,23.142857142857142
20240902,8,20.0,25.714285714285715,22.285714285714285
20240902,9,20.0,26.571428571428573,24.285714285714285
20240902,10,20.0,27.125,23.375
20240902,11,20.0,24.625,24.125
20240902,12,20.0,26.625,24.0
20240902,13,20.0,28.25,24.625
20240902,14,20.0,24.75,22.0
20240902,15,20.0,26.583333333333332,22.25
20240902,16,20.0,23.428571428571427,21.714285714285715
20240902,17,20.0,27.714285714285715,22.0
20240902,18,20.0,24.0,20.285714285714285
20240902,19,20.0,27.428571428571427,19.714285714285715
20240902,20,20.0,33.875,20.375
20240902,21,20.0,26.5,20.875
20240902,22,20.0,20.0,25.25
20240902,23,20.0,17.25,26.25
20240903,0,20.0,23.25,22.166666666666668
20240903,1,20.0,24.875,21.5
20240903,2,20.0,26.75,16.125
20240903,3,20.0,28.75,26.0
20240903,4,20.0,23.875,23.625
20240903,5,20.0,19.833333333333332,20.5
20240903,6,20.0,20.571428571428573,28.714285714285715
20240903,7,20.0,23.857142857142858,24.0
20240903,8,20.0,26.0,23.428571428571427
20240903,9,20.0,26.571428571428573,24.285714285714285
20240903,10,20.25,25.875,22.375
20240903,11,21.0,25.5,21.875
20240903,12,21.0,24.0,22.625
20240903,13,21.0,25.5,24.375
20240903,14,21.0,24.125,23.625
20240903,15,21.0,25.916666666666668,23.5
20240903,16,21.0,25.428571428571427,21.571428571428573
20240903,17,21.0,20.857142857142858,21.428571428571427
20240903,18,21.0,22.285714285714285,19.857142857142858
20240903,19,21.0,26.285714285714285,19.714285714285715
20240903,20,21.0,28.25,19.25
20240903,21,21.0,24.0,23.375
20240903,22,21.0,19.25,25.0
20240903,23,21.0,21.0,28.375
20240904,0,27.0,25.166666666666668,21.833333333333332
20240904,1,27.0,30.75,24.625
20240904,2,27.0,28.75,22.375
20240904,3,27.0,23.25,21.125
20240904,4,27.0,36.5,15.0
20240904,5,27.0,25.166666666666668,27.25
20240904,6,27.0,24.142857142857142,22.571428571428573
20240904,7,27.0,24.0,23.285714285714285
20240904,8,34.142857142857146,25.428571428571427,21.857142857142858
20240904,9,37.0,27.857142857142858,20.857142857142858
20240904,10,37.0,25.75,22.0
20240904,11,28.25,23.375,22.375
20240904,12,19.5,25.25,23.0
20240904,13,19.5,24.0,23.375
20240904,14,19.5,27.0,22.375
20240904,15,19.5,30.0,22.25
20240904,16,19.5,26.714285714285715,21.428571428571427
20240904,17,19.5,28.428571428571427,20.285714285714285
20240904,18,19.714285714285715,25.571428571428573,18.571428571428573
20240904,19,21.0,29.0,18.857142857142858
20240904,20,21.0,30.5,19.125
20240904,21,21.0,23.5,20.25
20240904,22,21.0,21.625,20.125
20240904,23,21.0,21.625,22.875
20240905,0,21.0,24.583333333333332,25.333333333333332
20240905,1,21.0,31.0,21.75
20240905,2,21.0,22.5,23.5
20240905,3,21.375,26.0,21.0
20240905,4,21.1875,23.0,21.875
20240905,5,21.0,24.083333333333332,21.5
20240905,6,21.0,20.285714285714285,23.285714285714285
20240905,7,21.0,23.714285714285715,23.0
20240905,8,21.0,26.428571428571427,23.428571428571427
20240905,9,21.0,27.428571428571427,22.285714285714285
20240905,10,21.0,27.25,23.5
20240905,11,21.0,26.25,24.5
20240905,12,21.0,25.875,23.25
20240905,13,21.0,26.875,22.5
20240905,14,21.0,22.375,22.25
20240905,15,21.0,21.5,21.833333333333332
20240905,16,21.0,23.285714285714285,22.285714285714285
20240905,17,21.0,25.714285714285715,20.571428571428573
20240905,18,21.0,25.428571428571427,18.428571428571427
20240905,19,21.0,24.857142857142858,18.428571428571427
20240905,20,21.0,27.0,21.0
20240905,21,21.0,21.625,21.375
20240905,22,21.0,17.125,27.75
20240905,23,21.0,18.125,24.625
20240906,0,21.0,24.666666666666668,24.333333333333332
20240906,1,21.0,27.375,21.5
20240906,2,21.25,22.875,22.875
20240906,3,21.5,21.75,26.375
20240906,4,21.5,17.25,28.625
20240906,5,21.5,22.5,18.833333333333332
20240906,6,21.5,27.428571428571427,19.0
20240906,7,21.5,27.142857142857142,19.857142857142858
20240906,8,21.5,27.0,23.0
20240906,9,21.5,26.0,21.0
20240906,10,21.5,25.875,21.5
20240906,11,21.5,24.375,22.125
20240906,12,20.625,21.75,22.875
20240906,13,20.5,23.5,22.5
20240906,14,20.5,19.5,17.5
20240906,15,20.5,21.916666666666668,21.0
20240906,16,20.5,18.285714285714285,19.571428571428573
20240906,17,20.5,24.714285714285715,18.714285714285715
20240906,18,20.5,24.428571428571427,15.571428571428571
20240906,19,20.5,30.0,17.571428571428573
20240906,20,20.5,28.75,21.375
20240906,21,20.5,26.0,23.0
20240906,22,21.5625,21.0,23.5
20240906,23,28.25,20.125,27.0
20240907,0,27.0,20.083333333333332,25.333333333333332
20240907,1,27.0,21.875,24.125
20240907,2,27.0,29.625,17.625
20240907,3,27.0,25.0,19.0
20240907,4,27.0,27.625,25.0
20240907,5,27.0,25.333333333333332,20.333333333333332
20240907,6,27.0,21.285714285714285,22.285714285714285
20240907,7,28.428571428571427,24.142857142857142,21.428571428571427
20240907,8,37.0,22.571428571428573,21.714285714285715
20240907,9,37.0,18.285714285714285,22.428571428571427
20240907,10,27.0,19.75,18.375
20240907,11,21.0,20.0,20.0
20240907,12,21.0,23.5,21.5
20240907,13,21.0,24.25,21.5
20240907,14,21.0,24.125,20.25
20240907,15,21.0,25.416666666666668,22.083333333333332
20240907,16,21.0,25.428571428571427,21.857142857142858
20240907,17,21.0,24.714285714285715,22.0
20240907,18,21.0,24.142857142857142,22.0
20240907,19,21.0,25.142857142857142,21.571428571428573
20240907,20,21.0,25.875,20.875
20240907,21,20.375,22.125,23.625
20240907,22,19.8125,24.625,23.625
20240907,23,19.5,23.875,24.375
20240908,0,19.5,26.25,24.916666666666668
20240908,1,19.5,25.5,26.0
20240908,2,19.5,26.0,29.875
20240908,3,19.5,24.25,28.5
20240908,4,19.5,18.625,20.75
20240908,5,19.5,19.166666666666668,21.25
20240908,6,19.5,21.142857142857142,18.0
20240908,7,19.5,20.0,16.714285714285715
20240908,8,19.5,19.142857142857142,25.714285714285715
20240908,9,19.5,16.857142857142858,21.0
20240908,10,19.5,19.125,25.75
20240908,11,26.4375,25.75,25.75
20240908,12,29.5,28.375,24.625
20240908,13,21.0,27.0,25.75
20240908,14,21.0,25.75,22.75
20240908,15,21.0,30.5,24.916666666666668
20240908,16,21.0,24.285714285714285,24.428571428571427
20240908,17,21.0,27.714285714285715,23.0
20240908,18,21.214285714285715,24.428571428571427,24.0
20240908,19,20.357142857142858,27.0,21.285714285714285
20240908,20,21.0,28.0,26.375
20240908,21,21.0,23.875,24.625
20240908,22,20.5,26.875,24.875
20240908,23,20.0,28.625,27.125
20240909,15,22.5,26.5,23.0
20240909,16,22.5,25.75,22.5
20240909,17,22.5,27.0,20.75
20240909,18,22.5,28.0,20.8
20240909,19,22.5,29.0,20.6
20240909,20,22.5,31.4,20.4
20240909,21,21.3,21.0,20.0
20240909,22,24.33333333333333,19.5,22.83333333333333
20240909,23,31.0,21.25,22.25
20240910,0,31.0,24.428571428571427,19.142857142857142
20240910,1,31.0,20.83333333333333,18.33333333333333
20240910,2,31.0,25.5,25.0
20240910,3,31.0,27.4,18.8
20240910,4,31.0,28.2,17.0
20240910,5,31.0,23.875,25.75
20240910,6,31.0,26.5,18.25
20240910,7,31.0,24.5,23.0
20240910,8,31.0,25.8,22.0
20240910,9,31.0,28.5,24.5
20240910,10,31.0,27.75,22.0
20240910,11,31.0,25.5,21.666666666666668
20240910,12,31.0,25.4,21.4
20240910,13,31.0,28.0,22.6
20240910,14,31.0,28.4,22.8
20240910,15,31.0,25.428571428571427,22.0
20240910,16,31.0,24.0,23.75
20240910,17,21.0,25.2,20.6
20240910,18,21.0,27.0,19.4
20240910,19,21.0,25.5,19.75
20240910,20,21.0,29.0,20.0
20240910,21,21.0,28.8,21.6
20240910,22,21.0,24.2,20.6
20240910,23,21.0,20.5,22.0
20240911,0,21.0,22.571428571428573,21.714285714285715
20240911,1,21.0,27.5,20.0
20240911,2,21.0,26.75,23.25
20240911,3,21.0,32.6,23.6
20240911,4,21.0,28.2,24.0
20240911,5,21.0,28.428571428571427,19.857142857142858
20240911,6,21.0,32.0,23.25
20240911,7,21.0,23.6,21.2
20240911,8,21.0,26.4,21.6
20240911,9,21.0,23.75,22.5
20240911,10,21.0,25.75,21.25
20240911,11,21.0,22.166666666666668,20.83333333333333
20240911,12,21.0,25.0,21.75
20240911,13,21.0,25.2,22.0
20240911,14,21.0,26.4,21.4
20240911,15,21.0,23.857142857142858,22.0
20240911,16,21.0,21.0,22.0
20240911,17,21.0,22.25,20.75
20240911,18,21.0,25.5,21.75
20240911,19,21.0,27.6,23.0
20240911,20,21.0,25.33333333333333,21.33333333333333
20240911,21,21.0,22.75,22.75
20240911,22,20.33333333333333,21.4,24.2
20240911,23,20.0,23.0,25.8
20240912,0,20.0,26.0,21.857142857142858
20240912,1,20.0,28.83333333333333,23.166666666666668
20240912,2,20.0,19.25,26.25
20240912,3,20.0,27.0,27.0
20240912,4,20.0,21.6,26.6
20240912,5,20.0,30.571428571428573,27.428571428571427
20240912,6,20.0,23.5,26.5
20240912,7,20.0,23.2,23.0
20240912,8,20.0,23.5,23.25
20240912,9,20.0,26.5,22.0
20240912,10,20.2,27.6,21.4
20240912,11,21.0,23.2,22.2
20240912,12,21.0,25.25,25.25
20240912,13,21.0,25.166666666666668,24.666666666666668
20240912,14,21.0,22.5,23.75
20240912,15,21.0,23.5,21.0
20240912,16,21.0,21.75,19.0
20240912,17,21.0,20.25,19.5
20240912,18,21.0,21.4,19.2
20240912,19,21.0,27.5,19.25
20240912,20,20.4,31.0,21.0
20240912,21,19.5,22.8,23.4
20240912,22,19.5,21.8,21.0
20240912,23,19.5,19.5,27.75
20240913,0,19.5,26.25,25.25
20240913,1,19.5,26.666666666666668,22.666666666666668
20240913,2,19.5,22.75,20.75
20240913,3,19.5,21.33333333333333,24.166666666666668
20240913,4,19.5,31.25,21.25
20240913,5,19.5,27.857142857142858,22.428571428571427
20240913,6,19.5,17.8,27.6
20240913,7,19.5,23.75,26.75
20240913,8,19.5,24.5,16.0
20240913,9,19.5,28.8,20.2
20240913,10,19.5,26.5,19.5
20240913,11,19.5,26.4,21.6
20240913,12,19.5,24.6,24.0
20240913,13,19.5,26.6,22.2
20240913,14,19.5,26.6,22.0
20240913,15,19.5,24.25,20.875
20240913,16,19.5,16.8,19.4
20240913,17,19.5,22.0,18.75
20240913,18,19.5,27.0,21.25
20240913,19,19.5,28.5,19.5
20240913,20,19.5,29.8,19.4
20240913,21,19.5,24.4,19.8
20240913,22,19.5,18.5,23.166666666666668
20240913,23,19.5,23.8,21.2
20240914,0,19.5,23.625,25.5
20240914,1,19.5,22.2,22.0
20240914,2,19.5,26.5,25.25
20240914,3,19.5,26.5,18.666666666666668
20240914,4,19.5,21.25,27.0
20240914,5,19.5,32.625,18.5
20240914,6,19.5,23.0,20.5
20240914,7,19.5,21.0,31.25
20240914,8,19.5,24.0,24.8
20240914,9,19.5,20.5,25.0
20240914,10,19.5,20.5,17.5
20240914,11,19.5,26.83333333333333,19.666666666666668
20240914,12,19.5,24.25,22.75
20240914,13,19.5,23.83333333333333,23.5
20240914,14,19.5,23.75,22.5
20240914,15,19.5,25.125,22.625
20240914,16,19.5,22.75,23.25
20240914,17,20.7,23.75,24.5
20240914,18,21.0,28.4,24.8
20240914,19,21.0,25.75,23.25
20240914,20,21.0,27.2,22.2
20240914,21,21.0,20.6,21.4
20240914,22,34.0,22.5,21.0
20240914,23,29.166666666666668,23.5,29.33333333333333
20240915,0,19.5,27.875,24.75
20240915,1,19.5,25.2,19.4
20240915,2,20.4,18.0,29.0
20240915,3,22.2,25.2,23.8
20240915,4,23.0,26.25,20.75
20240915,5,23.0,25.375,18.375
20240915,6,23.0,24.0,21.5
20240915,7,23.0,21.4,25.8
20240915,8,23.0,22.75,21.75
20240915,9,23.0,19.75,21.75
20240915,10,23.0,21.75,20.0
20240915,11,23.0,22.4,22.4
20240915,12,23.0,29.2,21.6
20240915,13,23.0,31.8,22.4
20240915,14,21.8,26.4,21.2
20240915,15,20.0,28.0,23.714285714285715
20240915,16,20.0,28.4,23.8
20240915,17,20.0,28.0,22.25
20240915,18,20.0,30.8,22.2
20240915,19,20.0,31.25,24.0
20240915,20,22.4,25.2,22.4
20240915,21,32.0,20.8,23.2
20240915,22,32.0,27.2,23.2
20240915,23,22.4,24.4,29.4
20240916,0,20.0,27.125,31.0
20240916,1,20.8,25.6,24.0
20240916,2,21.0,33.6,19.0
20240916,3,21.0,29.2,22.2
20240916,4,21.0,29.8,21.8
20240916,5,21.0,28.857142857142858,19.0
20240916,6,21.0,25.8,26.2
20240916,7,21.0,24.0,20.75
20240916,8,21.0,29.0,23.0
20240916,9,21.0,21.25,24.25
20240916,10,21.0,24.0,17.4
20240916,11,21.0,29.6,22.4
20240916,12,21.0,29.6,23.6
20240916,13,21.0,30.8,24.4
20240916,14,21.0,28.0,19.6
20240916,15,21.0,29.285714285714285,22.0
20240916,16,21.0,28.4,24.8
20240916,17,21.0,26.75,21.5
20240916,18,21.0,32.5,24.25
20240916,19,20.625,33.5,20.25
20240916,20,20.5,27.4,24.0
20240916,21,20.5,20.0,26.2
20240916,22,20.5,29.4,18.4
20240916,23,20.5,29.2,23.0
20240917,0,20.5,33.0,28.25
20240917,1,20.5,36.2,24.0
20240917,2,20.5,27.75,23.75
20240917,3,20.5,36.2,17.8
20240917,4,20.5,26.8,18.4
20240917,5,20.5,27.125,16.5
20240917,6,20.5,22.75,24.25
20240917,7,20.5,25.8,25.0
20240917,8,20.5,25.0,26.75
20240917,9,20.5,24.33333333333333,28.666666666666668
20240917,10,20.5,24.8,17.8
20240917,11,20.5,25.8,20.8
20240917,12,20.5,34.8,22.6
20240917,13,20.5,36.8,27.6
20240917,14,20.5,36.833333333333336,28.166666666666668
20240917,15,20.5,31.0,23.571428571428573
20240917,16,20.5,30.5,21.5
20240917,17,20.5,34.5,21.75
20240917,18,20.5,26.6,20.0
20240917,19,20.8,29.6,23.4
20240917,20,21.0,26.6,26.0
20240917,21,21.0,20.25,25.5
20240917,22,21.0,25.6,26.8
20240917,23,21.0,28.2,26.6
20240918,0,21.0,30.428571428571427,36.285714285714285
20240918,1,21.0,32.5,27.75
20240918,2,21.0,25.2,24.0
20240918,3,21.0,34.2,21.6
20240918,4,21.0,24.83333333333333,18.33333333333333
20240918,5,21.0,23.625,21.875
20240918,6,21.0,30.0,14.666666666666666
20240918,7,21.0,25.25,21.75
20240918,8,21.0,32.5,19.25
20240918,9,21.0,23.5,25.75
20240918,10,21.0,24.666666666666668,26.666666666666668
20240918,11,21.0,22.8,22.2
20240918,12,21.0,29.4,21.6
20240918,13,21.0,34.2,24.4
20240918,14,21.0,31.25,24.0
20240918,15,21.0,29.142857142857142,22.142857142857142
20240918,16,21.0,33.0,27.2
20240918,17,21.0,32.25,25.25
20240918,18,21.0,29.2,24.4
20240918,19,21.0,31.0,23.2
20240918,20,21.0,24.6,19.6
20240918,21,21.0,22.0,24.2
20240918,22,21.0,24.5,26.0
20240918,23,21.0,29.0,30.8
20240919,0,21.0,29.571428571428573,24.857142857142858
20240919,1,21.0,26.25,24.25
20240919,2,21.0,31.6,19.8
20240919,3,21.0,34.5,26.5
20240919,4,21.0,32.5,27.83333333333333
20240919,5,21.0,27.5,24.375
20240919,6,21.0,24.5,30.5
20240919,7,21.0,24.0,20.0
20240919,8,21.0,25.5,23.25
20240919,9,21.0,27.0,21.75
20240919,10,21.0,26.8,22.6
20240919,11,21.0,27.5,23.5
20240919,12,21.0,30.0,23.6
20240919,13,21.0,28.8,21.8
20240919,14,20.4,28.8,24.2
20240919,15,19.5,26.88888888888889,22.33333333333333
20240919,16,19.5,23.5,23.0
20240919,17,19.5,27.5,20.75
20240919,18,19.5,29.25,21.0
20240919,19,19.5,30.25,20.5
20240919,20,19.5,30.5,21.25
20240919,21,19.5,24.33333333333333,25.33333333333333
20240919,22,19.5,23.6,26.0
20240919,23,19.5,21.6,26.0
20240920,0,19.5,23.142857142857142,25.857142857142858
20240920,1,19.5,31.0,18.75
20240920,2,19.5,30.2,20.8
20240920,3,19.5,29.75,23.75
20240920,4,19.5,32.666666666666664,20.33333333333333
20240920,5,19.5,25.875,21.125
20240920,6,19.5,31.0,30.75
20240920,7,19.5,29.8,24.0
20240920,8,19.5,30.8,21.5
20240920,9,19.5,25.5,22.0
20240920,10,19.5,25.4,21.8
20240920,11,19.5,25.0,21.5
20240920,12,19.5,25.75,21.75
20240920,13,19.5,24.2,22.2
20240920,14,19.5,24.2,22.6
20240920,15,19.5,22.33333333333333,22.444444444444443
20240920,16,19.5,22.0,22.0
20240920,17,19.5,20.4,20.6
20240920,18,28.8,25.0,18.6
20240920,19,35.0,26.25,19.5
20240920,20,35.0,28.25,20.25
20240920,21,35.0,26.0,22.4
20240920,22,35.0,18.5,22.25
20240920,23,35.0,17.8,26.6
20240921,0,35.0,23.142857142857142,27.857142857142858
20240921,1,35.0,20.25,21.5
20240921,2,35.0,25.4,21.4
20240921,3,35.0,32.5,23.25
20240921,4,35.0,30.4,22.2
20240921,5,35.0,28.375,18.875
20240921,6,35.0,18.75,21.0
20240921,7,35.0,24.0,22.8
20240921,8,35.0,19.6,24.8
20240921,9,35.0,21.2,21.0
20240921,10,35.0,20.0,20.6
20240921,11,35.0,22.0,22.25
20240921,12,35.0,23.25,22.5
20240921,13,35.0,20.8,21.6
20240921,14,35.0,23.25,22.75
20240921,15,35.0,24.571428571428573,22.857142857142858
20240921,16,28.0,26.25,23.75
20240921,17,21.0,25.6,23.8
20240921,18,21.0,29.2,23.6
20240921,19,21.0,29.2,24.0
20240921,20,21.0,25.8,26.4
20240921,21,21.0,24.4,22.6
20240921,22,21.0,22.6,23.8
20240921,23,21.0,25.0,28.0
20240922,0,21.0,25.857142857142858,28.0
20240922,1,21.0,31.75,22.75
20240922,2,21.0,25.2,23.2
20240922,3,21.0,18.5,18.5
20240922,4,21.0,29.0,25.0
20240922,5,21.0,23.666666666666668,19.5
20240922,6,21.0,22.0,19.0
20240922,7,21.0,21.75,19.5
20240922,8,21.0,22.2,18.6
20240922,9,21.0,18.0,24.6
20240922,10,21.0,22.0,24.6
20240922,11,21.0,22.4,23.4
20240922,12,21.0,25.2,21.6
20240922,13,21.0,26.0,23.5
20240922,14,21.0,24.0,23.8
20240922,15,21.0,26.0,22.125
20240922,16,21.0,29.2,22.2
20240922,17,21.0,28.8,25.0
20240922,18,21.0,28.6,22.8
20240922,19,21.0,30.25,24.0
20240922,20,21.0,22.4,28.8
20240922,21,21.0,19.2,21.6
20240922,22,21.0,24.5,23.33333333333333
20240922,23,29.0,24.0,25.2
20240923,0,21.0,27.428571428571427,24.857142857142858
20240923,1,21.0,28.75,23.25
20240923,2,21.0,29.6,22.8
20240923,3,21.0,33.0,18.25
20240923,4,21.0,26.0,22.4
20240923,5,21.0,17.5,16.166666666666668
20240923,6,21.0,23.25,24.5
20240923,7,21.0,23.0,23.5
20240923,8,21.0,24.0,22.0
20240923,9,21.0,28.5,22.0
20240923,10,21.0,30.0,22.5
20240923,11,21.0,25.8,23.4
20240923,12,21.0,26.0,22.5
20240923,13,21.0,28.2,23.4
20240923,14,21.0,26.75,24.0
20240923,15,21.0,28.714285714285715,24.142857142857142
20240923,16,21.0,28.75,20.0
20240923,17,22.2,25.0,20.25
20240923,18,21.375,29.75,19.5
20240923,19,21.0,35.333333333333336,20.33333333333333
20240923,20,21.0,29.6,20.4
20240923,21,21.0,29.0,21.5
20240923,22,21.0,20.8,22.0
20240923,23,21.0,21.5,20.5
20240924,0,21.0,28.285714285714285,20.285714285714285
20240924,1,21.0,30.0,23.8
20240924,2,21.0,28.5,18.83333333333333
20240924,3,21.0,27.2,20.4
20240924,4,21.0,30.666666666666668,23.166666666666668
20240924,5,21.0,30.285714285714285,29.714285714285715
20240924,6,21.0,21.2,30.2
20240924,7,21.0,20.6,24.6
20240924,8,21.0,25.8,23.4
20240924,9,21.0,28.75,22.0
20240924,10,21.0,23.6,22.2
20240924,11,21.0,24.666666666666668,21.33333333333333
20240924,12,21.0,23.8,22.6
20240924,13,21.0,25.666666666666668,22.83333333333333
20240924,14,21.0,25.4,22.8
20240924,15,21.0,26.25,22.0
20240924,16,21.0,25.6,20.8
20240924,17,21.0,24.6,19.8
20240924,18,21.0,29.0,19.0
20240924,19,21.0,27.75,19.0
20240924,20,21.0,31.0,20.0
20240924,21,21.0,25.2,21.4
20240924,22,21.0,20.5,21.5
20240924,23,21.0,23.0,25.4
20240925,0,21.0,24.571428571428573,23.857142857142858
20240925,1,21.0,27.2,25.8
20240925,2,21.0,30.666666666666668,21.0
20240925,3,21.0,32.4,17.0
20240925,6,21.0,25.0,27.0
20240925,7,21.0,22.8,21.8
20240925,8,21.0,28.0,28.2
20240925,9,21.0,25.6,23.6
20240925,10,21.0,27.6,22.2
20240925,11,21.0,24.6,22.0
20240925,12,21.0,23.8,21.4
20240925,13,21.0,22.6,23.0
20240925,14,21.0,28.83333333333333,22.83333333333333
20240925,15,21.0,26.5,22.625
20240925,16,21.0,24.5,21.25
20240925,17,21.0,22.75,19.5
20240925,18,21.0,33.25,18.75
20240925,19,21.0,28.5,19.25
20240925,20,21.0,31.0,20.5
20240925,21,21.0,25.8,20.0
20240925,22,21.0,24.5,25.0
20240925,23,21.0,23.4,25.4
20240926,0,21.0,22.125,22.125
20240926,1,21.0,21.2,19.6
20240926,2,21.0,25.5,25.33333333333333
20240926,3,21.0,26.0,25.4
20240926,4,21.0,18.5,21.83333333333333
20240926,5,21.0,18.142857142857142,30.285714285714285
20240926,6,21.0,24.4,24.6
20240926,7,21.0,30.0,25.8
20240926,8,21.0,27.8,20.6
20240926,9,21.0,28.75,19.75
20240926,10,21.0,28.75,20.75
20240926,11,21.0,25.0,23.2
20240926,12,21.0,24.5,22.5
20240926,13,21.0,24.4,22.8
20240926,14,21.0,26.25,22.5
20240926,15,21.0,24.142857142857142,22.0
20240926,16,21.0,26.0,20.8
20240926,17,21.0,23.75,20.0
20240926,18,21.0,24.25,19.0
20240926,19,21.0,27.8,20.0
20240926,20,20.5,31.0,21.0
20240926,21,21.0,20.25,24.0
20240926,22,21.0,21.4,22.8
20240926,23,21.0,21.75,27.0
20240927,0,21.0,22.625,21.5
20240927,1,21.0,31.6,21.4
20240927,2,21.0,29.166666666666668,30.166666666666668
20240927,3,21.0,22.0,24.5
20240927,4,21.0,21.0,18.6
20240927,5,21.0,21.0,19.0
20240927,6,21.0,18.8,18.2
20240927,7,21.0,18.2,20.2
20240927,8,21.0,23.5,21.25
20240927,9,21.0,28.25,22.0
20240927,10,21.0,27.25,20.75
20240927,11,21.0,22.5,21.666666666666668
20240927,12,21.0,24.0,21.6
20240927,13,21.0,23.8,23.2
20240927,14,21.0,22.6,24.0
20240927,15,21.0,25.714285714285715,22.0
20240927,16,21.0,23.25,21.0
20240927,17,21.0,22.8,20.4
20240927,18,21.0,27.0,20.5
20240927,19,21.0,25.0,22.0
20240927,20,21.0,30.75,21.5
20240927,21,21.0,25.5,21.83333333333333
20240927,22,21.0,22.6,22.2
20240927,23,21.0,19.0,22.4
20240928,0,21.0,22.125,23.625
20240928,1,21.0,24.0,27.6
20240928,2,21.0,23.6,25.0
20240928,3,21.0,22.8,22.0
20240928,4,21.0,16.666666666666668,22.5
20240928,5,21.0,25.857142857142858,18.571428571428573
20240928,6,21.0,25.75,24.5
20240928,7,21.0,23.25,25.0
20240928,8,21.0,19.6,25.2
20240928,9,21.0,20.6,20.4
20240928,10,21.0,20.0,18.25
20240928,11,21.0,22.4,20.2
20240928,12,21.0,22.2,21.0
20240928,13,21.0,22.6,22.6
20240928,14,21.0,27.2,23.2
20240928,15,21.0,25.428571428571427,22.571428571428573
20240928,16,21.0,27.4,22.6
20240928,17,21.0,26.4,22.5
20240928,18,21.0,23.25,23.5
20240928,19,21.0,24.0,23.4
20240928,20,21.0,25.25,23.5
20240928,21,21.0,22.166666666666668,22.0
20240928,22,21.0,23.5,24.25
20240928,23,21.0,27.75,22.5
20240929,0,21.75,25.125,26.25
20240929,1,22.5,27.0,28.8
20240929,2,22.5,27.166666666666668,22.5
20240929,3,22.5,28.4,24.6
20240929,4,22.5,25.2,20.8
20240929,5,22.5,29.0,16.285714285714285
20240929,6,22.5,23.0,22.75
20240929,7,22.5,22.75,22.75
20240929,8,22.5,25.4,22.8
20240929,9,22.5,21.6,24.2
20240929,10,22.5,19.75,22.0
20240929,11,22.5,22.6,24.0
20240929,12,22.5,26.83333333333333,25.33333333333333
20240929,13,22.5,27.0,26.25
20240929,14,21.25,26.166666666666668,23.0
20240929,15,21.0,22.166666666666668,24.666666666666668
20240929,16,21.0,22.2,22.4
20240929,17,21.0,27.5,23.0
20240929,18,21.0,25.75,23.0
20240929,19,21.0,25.0,23.4
20240929,20,21.0,25.5,21.5
20240929,21,21.0,22.25,23.0
20240929,22,21.0,23.33333333333333,23.5
20240929,23,21.0,25.0,24.5
20240930,0,21.0,28.0,23.5
20240930,1,21.0,23.5,23.25
20240930,2,21.0,21.83333333333333,22.5
20240930,3,21.0,23.0,26.0
20240930,4,21.0,25.2,13.8
20240930,5,21.214285714285715,23.857142857142858,21.571428571428573
20240930,6,21.5,22.25,30.0
20240930,7,21.5,23.4,27.0
20240930,8,21.5,30.0,22.0
20240930,9,21.5,24.75,15.25
20240930,10,21.5,25.4,18.0
20240930,11,21.5,27.75,23.5
20240930,12,21.5,26.0,23.166666666666668
20240930,13,21.5,25.75,22.0
20240930,14,21.5,27.4,22.4
20240930,15,21.5,24.857142857142858,22.571428571428573
20240930,16,21.0,19.75,21.0
20240930,17,20.5,27.2,20.8
20240930,18,20.5,26.5,21.25
20240930,19,20.5,27.75,23.5
20240930,20,20.5,29.2,19.4
20240930,21,20.7,23.5,24.0
20240930,22,21.0,21.33333333333333,23.0
20240930,23,21.0,23.6,27.0
20241001,0,21.0,21.125,26.375
20241001,1,21.0,27.25,24.5
20241001,2,21.0,22.33333333333333,19.33333333333333
20241001,3,21.0,22.75,29.25
20241001,4,21.0,23.6,28.6
20241001,5,21.0,26.714285714285715,25.285714285714285
20241001,6,21.0,11.75,21.25
20241001,7,21.0,25.8,22.0
20241001,8,21.0,27.0,25.0
20241001,9,21.0,27.75,24.0
20241001,10,21.0,28.0,22.4
20241001,11,21.0,28.6,24.6
20241001,12,21.0,26.666666666666668,23.666666666666668
20241001,13,21.0,28.2,23.2
20241001,14,21.0,26.0,23.0
20241001,15,20.0,26.625,24.875
20241001,16,20.75,27.0,23.25
20241001,17,21.2,24.5,21.5
20241001,18,21.4,27.6,22.0
20241001,19,23.0,33.666666666666664,22.33333333333333
20241001,20,21.0,28.0,19.83333333333333
20241001,21,20.5,23.8,20.6
20241001,22,20.5,22.666666666666668,24.33333333333333
20241001,23,20.5,25.75,26.5
20241002,0,20.5,26.875,23.5
20241002,1,20.5,28.75,21.0
20241002,2,20.666666666666668,37.0,19.166666666666668
20241002,3,21.0,22.5,17.75
20241002,4,21.0,23.0,21.6
20241002,5,21.0,23.5,26.25
20241002,6,21.0,29.0,22.75
20241002,7,21.0,25.25,21.75
20241002,8,21.0,27.2,20.4
20241002,9,21.0,28.0,21.666666666666668
20241002,10,21.0,26.8,22.2
20241002,11,21.0,25.2,22.6
20241002,12,21.0,28.0,24.0
20241002,13,21.0,30.4,24.4
20241002,14,21.0,24.25,25.5
20241002,15,21.0,27.625,23.75
20241002,16,21.0,21.5,23.75
20241002,17,21.0,21.8,20.8
20241002,18,21.0,24.25,19.75
20241002,19,21.0,27.25,19.75
20241002,20,23.33333333333333,28.0,20.5
20241002,21,28.0,23.4,20.2
20241002,22,28.0,21.8,19.4
20241002,23,26.4,21.75,21.75
20241003,0,20.0,24.75,25.0
20241003,1,20.0,23.5,24.25
20241003,2,19.916666666666668,21.666666666666668,19.5
20241003,3,19.5,19.2,17.2
20241003,4,19.5,19.5,17.0
20241003,5,19.5,31.125,20.625
20241003,6,19.5,28.0,23.5
20241003,7,19.5,16.4,24.6
20241003,8,19.5,23.8,25.8
20241003,9,19.5,18.33333333333333,23.666666666666668
20241003,10,20.0,17.5,20.5
20241003,11,21.0,20.75,21.5
20241003,12,21.0,25.83333333333333,22.166666666666668
20241003,13,20.25,24.5,23.75
20241003,14,20.0,26.2,22.4
20241003,15,21.0,28.142857142857142,22.142857142857142
20241003,16,21.0,26.8,23.6
20241003,17,21.0,26.6,22.6
20241003,18,21.0,24.33333333333333,22.33333333333333
20241003,19,21.0,25.2,22.8
20241003,20,21.0,26.0,23.8
20241003,21,39.4,22.8,25.0
20241003,22,44.0,26.5,26.75
20241003,23,44.0,28.0,22.666666666666668
20241004,0,44.0,33.75,20.0
20241004,1,44.0,27.6,23.0
20241004,2,44.0,27.0,27.4
20241004,3,44.0,27.4,24.6
20241004,4,44.0,32.5,27.75
20241004,5,44.0,27.125,20.875
20241004,6,44.0,22.0,21.25
20241004,7,44.0,25.0,22.0
20241004,8,44.0,26.0,23.0
20241004,9,44.0,26.5,21.25
20241004,10,44.0,23.5,21.83333333333333
20241004,11,44.0,27.5,23.0
20241004,12,44.0,27.2,22.0
20241004,13,44.0,25.0,20.6
20241004,14,44.0,26.0,22.4
20241004,15,29.0,25.0,22.714285714285715
20241004,16,20.0,23.25,20.75
20241004,17,20.0,23.0,21.0
20241004,18,20.0,23.0,21.0
20241004,19,20.6,23.0,21.0
20241004,20,29.4,23.0,21.0
20241004,21,35.0,23.0,21.0
20241004,22,35.0,23.0,21.0
20241004,23,35.0,23.0,21.0
20241005,0,35.0,23.0,21.0
20241005,1,35.0,23.0,21.0
20241005,2,35.0,23.0,21.0
20241005,3,35.0,23.0,21.0
20241005,4,35.0,23.0,21.0
20241005,5,35.0,23.0,21.0
20241005,6,35.0,23.0,21.0
20241005,7,35.0,23.0,21.0
20241005,8,35.0,23.0,21.0
20241005,9,35.0,23.0,21.0
20241005,10,25.666666666666668,23.0,21.0
20241005,11,21.0,23.0,21.0
20241005,12,21.0,23.0,21.0
20241005,13,21.0,23.0,21.0
20241005,14,21.0,23.0,21.0
20241005,15,21.0,23.0,21.0
20241005,16,21.0,23.0,21.0
20241005,17,21.0,23.0,21.0
20241005,18,21.0,23.0,21.0
20241005,19,21.0,23.0,21.0
20241005,20,21.0,23.0,21.0
20241005,21,20.666666666666668,23.0,21.0
20241005,22,20.0,23.0,21.0
20241005,23,20.0,23.0,21.0
20241006,0,24.5,23.0,21.0
20241006,1,29.0,23.0,21.0
20241006,2,29.0,23.0,21.0
20241006,3,29.0,23.0,21.0
20241006,4,29.0,23.0,21.0
20241006,5,29.0,23.0,21.0
20241006,6,29.0,23.0,21.0
20241006,7,29.0,23.0,21.0
20241006,8,29.0,23.0,21.0
20241006,9,29.0,23.0,21.0
20241006,10,29.0,23.0,21.0
20241006,11,29.0,23.0,21.0
20241006,12,29.0,23.0,21.0
20241006,13,29.0,23.0,21.0
20241006,14,29.0,23.0,21.0
20241006,15,29.0,23.0,21.0
20241006,16,29.0,23.0,21.0
20241006,17,29.0,23.0,21.0
20241006,18,25.0,23.0,21.0
20241006,19,21.0,23.0,21.0
20241006,20,21.0,23.0,21.0
20241006,21,21.0,23.0,21.0
20241006,22,22.2,23.0,21.0
20241006,23,21.0,23.0,21.0
20241007,0,26.0,23.0,21.0
20241007,1,26.0,23.0,21.0
20241007,2,26.0,23.0,21.0
20241007,3,26.0,23.0,21.0
20241007,4,26.0,23.0,21.0
20241007,5,26.0,23.0,21.0
20241007,6,26.0,23.0,21.0
20241007,7,26.0,23.0,21.0
20241007,8,26.0,23.0,21.0
20241007,9,26.0,23.0,21.0
20241007,10,26.0,23.0,21.0
20241007,11,26.0,23.0,21.0
20241007,12,26.0,23.0,21.0
20241007,13,26.0,23.0,21.0
20241007,14,26.0,23.75,21.5
20241007,15,26.0,22.0,23.5
20241007,16,26.0,21.75,23.0
20241007,17,42.0,22.5,21.75
20241007,18,42.0,25.75,20.5
20241007,19,42.0,28.25,16.75
20241007,20,42.0,29.4,20.6
20241007,21,25.125,28.5,23.0
20241007,22,19.5,20.83333333333333,24.0
20241007,23,19.5,22.2,26.2
20241008,0,19.5,24.125,24.625
20241008,1,19.5,23.6,22.4
20241008,2,19.5,23.666666666666668,22.5
20241008,3,19.5,30.5,21.0
20241008,4,19.5,22.4,25.6
20241008,5,19.5,28.625,22.125
20241008,6,19.5,24.2,28.8
20241008,7,19.5,23.666666666666668,25.0
20241008,8,19.5,27.75,22.5
20241008,9,19.5,28.25,23.5
20241008,10,19.5,27.5,22.5
20241008,11,19.5,23.6,23.4
20241008,12,19.5,26.6,23.8
20241008,13,19.5,26.6,22.6
20241008,14,19.5,28.0,23.0
20241008,15,19.5,24.142857142857142,21.714285714285715
20241008,16,19.5,25.4,22.6
20241008,17,19.5,27.0,19.4
20241008,18,19.5,25.75,19.25
20241008,19,19.5,28.8,17.8
20241008,20,19.5,29.4,19.2
20241008,21,19.5,26.75,20.0
20241008,22,19.5,19.83333333333333,22.5
20241008,23,19.5,20.0,25.25
20241009,0,19.5,19.5,26.625
20241009,1,19.5,22.4,23.2
20241009,2,19.5,24.83333333333333,20.33333333333333
20241009,3,19.5,22.5,18.75
20241009,4,19.5,24.75,22.75
20241009,5,19.5,21.285714285714285,15.857142857142858
20241009,6,20.4,21.4,18.6
20241009,7,21.0,18.666666666666668,22.0
20241009,8,21.0,24.6,21.8
20241009,9,21.0,19.8,25.4
20241009,10,21.0,19.75,21.75
20241009,11,21.0,23.666666666666668,26.33333333333333
20241009,12,21.0,26.4,24.4
20241009,13,21.0,29.0,25.0
20241009,14,21.0,30.0,25.0
20241009,15,21.428571428571427,27.5,21.83333333333333
20241009,16,21.5,26.2,24.4
20241009,17,21.125,28.5,23.5
20241009,18,21.0,25.0,23.0
20241009,19,21.0,23.8,22.2
20241009,20,21.0,26.0,21.0
20241009,21,21.0,18.8,27.0
20241009,22,21.0,25.5,22.5
20241009,23,27.75,27.5,25.75
20241010,0,40.0,31.625,26.75
20241010,1,40.0,28.4,22.0
20241010,2,40.0,22.4,18.4
20241010,3,40.0,26.75,24.0
20241010,4,40.0,26.0,30.4
20241010,5,40.0,23.375,32.625
20241010,6,40.0,21.8,20.8
20241010,7,27.33333333333333,28.0,22.0
20241010,8,21.0,27.0,21.5
20241010,9,21.0,25.666666666666668,23.0
20241010,10,21.0,25.666666666666668,21.166666666666668
20241010,11,21.0,24.0,24.0
20241010,12,21.0,24.6,23.0
20241010,13,20.7,26.6,23.0
20241010,14,20.5,25.6,21.8
20241010,15,20.5,21.875,21.625
20241010,16,20.5,23.75,21.75
20241010,17,20.5,26.0,19.75
20241010,18,20.5,24.6,19.6
20241010,19,20.5,27.0,20.25
20241010,20,21.6,33.0,20.5
20241010,21,26.0,23.83333333333333,21.5
20241010,22,26.0,22.25,24.25
20241010,23,26.0,21.2,27.0
20241011,0,26.0,26.5,23.625
20241011,1,26.0,29.0,18.25
20241011,2,26.0,33.4,21.8
20241011,3,26.0,25.4,20.8
20241011,4,26.0,27.6,21.2
20241011,5,26.0,30.25,20.125
20241011,6,26.0,24.5,22.75
20241011,7,26.0,23.5,24.75
20241011,8,26.0,24.2,25.2
20241011,9,26.0,24.25,21.0
20241011,10,26.0,23.6,22.0
20241011,11,26.0,26.0,23.666666666666668
20241011,12,26.0,25.0,22.5
20241011,13,23.0,24.8,23.6
20241011,14,21.0,24.4,21.8
20241011,15,21.0,26.0,21.857142857142858
20241011,16,21.0,24.25,21.25
20241011,17,21.0,23.8,19.8
20241011,18,21.0,24.0,18.25
20241011,19,21.0,27.0,20.25
20241011,20,21.0,29.666666666666668,20.33333333333333
20241011,21,21.0,24.75,20.0
20241011,22,21.0,24.25,23.0
20241011,23,21.0,21.83333333333333,26.83333333333333
20241012,0,21.0,24.625,27.5
20241012,1,21.0,23.0,23.0
20241012,2,21.0,29.4,26.2
20241012,3,21.0,33.2,19.6
20241012,4,21.0,26.25,25.5
20241012,5,21.0,24.5,21.5
20241012,6,21.0,25.75,19.0
20241012,7,21.0,20.75,20.25
20241012,8,21.0,20.6,24.6
20241012,9,21.0,20.25,21.5
20241012,10,21.0,20.2,17.6
20241012,11,21.0,21.6,20.8
20241012,12,21.0,23.4,20.8
20241012,13,21.0,25.4,21.0
20241012,14,23.0,25.2,21.8
20241012,15,26.0,24.125,21.875
20241012,16,26.0,27.0,22.25
20241012,17,26.0,23.6,21.2
20241012,18,26.0,23.0,21.666666666666668
20241012,19,26.0,25.2,22.6
20241012,20,26.0,23.6,21.8
20241012,21,24.0,22.4,21.2
20241012,22,21.0,22.8,22.2
20241012,23,21.0,26.0,24.4
20241013,0,25.666666666666668,27.25,26.75
20241013,1,22.5,26.6,23.6
20241013,2,21.75,24.0,24.0
20241013,3,21.0,29.0,21.6
20241013,4,21.0,27.4,24.2
20241013,5,21.0,28.625,22.125
20241013,6,21.0,21.666666666666668,23.666666666666668
20241013,7,21.0,22.0,25.2
20241013,8,21.0,24.25,24.75
20241013,9,21.0,21.4,24.2
20241013,10,21.0,21.2,25.4
20241013,11,21.0,25.75,25.5
20241013,12,21.857142857142858,29.166666666666668,24.0
20241013,13,23.0,25.6,24.8
20241013,14,27.5,26.0,25.0
20241013,15,32.0,27.875,23.5
20241013,16,25.4,25.0,24.25
20241013,17,21.0,26.666666666666668,25.33333333333333
20241013,18,21.0,26.4,25.0
20241013,19,22.5,33.5,22.25
20241013,20,24.3,25.6,22.8
20241013,21,22.5,20.33333333333333,24.83333333333333
20241013,22,22.5,22.25,24.5
20241013,23,23.8,27.2,24.6
20241014,0,29.0,24.5,23.75
20241014,1,29.0,28.8,21.2
20241014,2,29.0,22.75,17.25
20241014,3,29.0,21.666666666666668,19.5
20241014,4,29.0,20.0,22.0
20241014,5,29.0,28.857142857142858,20.0
20241014,6,29.0,27.0,22.0
20241014,7,29.0,25.6,20.6
20241014,8,29.0,27.25,23.0
20241014,9,29.0,28.6,20.2
20241014,10,29.0,26.75,23.25
20241014,11,29.0,29.8,24.4
20241014,12,29.0,25.5,24.33333333333333
20241014,13,29.0,29.5,23.75
20241014,14,29.0,27.2,23.2
20241014,15,21.0,28.75,23.0
20241014,16,21.0,26.0,21.25
20241014,17,21.0,29.25,19.5
20241014,18,21.0,29.8,19.0
20241014,19,21.0,28.75,19.75
20241014,20,23.0,31.2,22.0
20241014,21,23.0,28.5,22.75
20241014,22,23.0,21.5,24.83333333333333
20241014,23,23.0,17.6,23.6
20241015,0,23.0,25.875,22.875
20241015,1,23.0,26.8,20.4
20241015,2,23.0,31.0,18.25
20241015,3,23.0,27.5,20.5
20241015,4,23.0,24.6,15.2
20241015,5,23.0,24.714285714285715,27.857142857142858
20241015,6,23.0,25.0,33.75
20241015,7,23.0,22.4,22.8
20241015,8,23.0,25.25,23.75
20241015,9,23.0,24.8,22.6
20241015,10,23.0,24.25,21.5
20241015,11,23.0,24.2,22.8
20241015,12,23.0,23.666666666666668,22.33333333333333
20241015,13,22.5,26.0,22.5
20241015,14,21.0,27.8,23.4
20241015,15,21.0,25.875,21.75
20241015,16,21.0,25.666666666666668,22.0
20241015,17,21.0,23.2,20.8
20241015,18,21.0,25.0,20.0
20241015,19,21.0,27.0,20.0
20241015,20,21.0,29.6,21.0
20241015,21,21.0,25.75,19.0
20241015,22,21.0,21.166666666666668,24.5
20241015,23,21.0,22.0,21.8
20241016,0,21.0,25.0,25.125
20241016,1,21.0,25.4,17.4
20241016,2,21.0,27.75,23.5
20241016,3,21.0,27.666666666666668,18.166666666666668
20241016,4,21.0,19.6,27.0
20241016,5,21.0,21.142857142857142,23.714285714285715
20241016,6,21.0,20.5,28.5
20241016,7,21.0,23.6,24.2
20241016,8,21.0,25.75,24.25
20241016,9,21.0,26.2,21.6
20241016,10,21.0,26.75,22.0
20241016,11,21.0,25.6,23.2
20241016,12,21.0,26.2,22.6
20241016,13,21.0,25.4,23.6
20241016,14,21.0,23.8,22.6
20241016,15,21.0,26.571428571428573,22.571428571428573
20241016,16,21.0,28.0,21.0
20241016,17,21.0,24.2,20.6
20241016,18,21.0,27.0,21.75
20241016,19,21.0,29.0,21.4
20241016,20,21.0,30.4,22.4
20241016,21,21.0,32.5,21.5
20241016,22,21.0,22.166666666666668,25.83333333333333
20241016,23,21.0,20.25,26.0
20241017,0,21.0,23.75,22.5
20241017,1,21.0,26.4,23.4
20241017,2,21.0,22.75,22.5
20241017,3,21.0,27.666666666666668,22.166666666666668
20241017,4,21.0,27.2,18.8
20241017,5,21.0,26.0,20.83333333333333
20241017,6,21.0,24.0,32.8
20241017,7,21.0,23.75,20.5
20241017,8,21.0,30.0,23.0
20241017,9,21.0,27.2,22.4
20241017,10,21.0,26.75,25.75
20241017,11,21.0,25.83333333333333,23.83333333333333
20241017,12,21.0,26.0,24.0
20241017,13,21.0,25.6,25.2
20241017,14,21.0,24.33333333333333,23.33333333333333
20241017,15,21.0,22.0,21.428571428571427
20241017,16,21.0,22.0,22.0
20241017,17,21.0,23.8,18.6
20241017,18,21.0,27.33333333333333,19.0
20241017,19,21.0,28.8,19.8
20241017,20,21.0,30.0,23.0
20241017,21,21.0,28.0,21.0
20241017,22,21.0,21.33333333333333,20.83333333333333
20241017,23,21.0,22.5,23.5
20241018,0,21.0,24.75,26.625
20241018,1,21.0,23.0,22.5
20241018,2,21.0,25.75,22.25
20241018,3,21.0,38.66666666666666,24.666666666666668
20241018,4,21.0,30.25,21.25
20241018,5,21.0,25.857142857142858,22.714285714285715
20241018,6,21.0,22.8,14.4
20241018,7,21.0,26.25,22.5
20241018,8,21.0,25.8,22.2
20241018,9,21.0,23.75,18.5
20241018,10,21.0,26.0,21.6
20241018,11,21.0,22.8,22.8
20241018,12,21.0,23.25,22.25
20241018,13,21.0,22.83333333333333,22.0
20241018,14,21.0,24.8,23.4
20241018,15,21.0,25.33333333333333,20.83333333333333
20241018,16,21.0,22.6,21.6
20241018,17,21.0,18.25,20.0
20241018,18,21.0,21.8,15.6
20241018,19,21.0,21.25,19.75
20241018,20,21.0,30.4,21.0
20241018,21,21.0,26.4,20.0
20241018,22,21.0,24.25,24.5
20241018,23,21.0,21.5,24.666666666666668
20241019,0,21.0,24.125,21.125
20241019,1,21.0,26.8,23.0
20241019,2,21.0,36.0,19.25
20241019,3,21.0,26.166666666666668,24.0
20241019,4,21.0,22.0,14.75
20241019,5,21.0,18.857142857142858,16.428571428571427
20241019,6,21.0,23.0,27.8
20241019,7,21.0,19.5,22.75
20241019,8,21.0,23.6,24.0
20241019,9,21.0,19.0,22.33333333333333
20241019,10,21.0,21.666666666666668,20.166666666666668
20241019,11,20.8,22.6,21.4
20241019,12,20.0,24.5,22.0
20241019,13,20.0,24.5,21.33333333333333
20241019,14,20.25,28.5,21.5
20241019,15,20.5,23.0,21.857142857142858
20241019,16,20.916666666666668,26.166666666666668,22.5
20241019,17,21.0,29.25,21.5
20241019,18,21.0,24.2,21.8
20241019,19,21.0,28.666666666666668,22.33333333333333
20241019,20,21.0,26.142857142857142,24.857142857142858
20241019,21,21.0,23.5,26.5
20241019,22,21.0,23.4,27.0
20241019,23,21.0,28.75,27.0
20241020,0,21.0,25.33333333333333,27.22222222222222
20241020,1,21.0,24.8,25.4
20241020,2,21.0,28.5,26.0
20241020,3,21.0,24.0,17.0
20241020,4,21.0,26.75,23.25
20241020,5,21.0,27.857142857142858,22.285714285714285
20241020,6,21.0,25.6,24.6
20241020,7,21.0,24.0,19.25
20241020,8,21.0,22.0,24.4
20241020,9,21.0,23.33333333333333,25.666666666666668
20241020,10,21.0,21.33333333333333,19.33333333333333
20241020,11,21.0,24.5,24.75
20241020,12,21.0,28.4,23.0
20241020,13,22.0,26.25,25.0
20241020,14,23.0,27.83333333333333,25.83333333333333
20241020,15,23.0,27.571428571428573,24.285714285714285
20241020,16,21.0,27.0,24.0
20241020,17,21.0,28.5,25.83333333333333
20241020,18,21.0,24.33333333333333,22.666666666666668
20241020,19,21.0,25.6,22.0
20241020,20,21.0,27.75,23.0
20241020,21,21.0,24.33333333333333,26.166666666666668
20241020,22,21.0,27.75,28.0
20241020,23,21.0,23.6,18.6
20241021,0,21.0,24.125,22.0
20241021,1,21.0,30.0,23.0
20241021,2,21.0,26.5,17.5
20241021,3,21.0,18.0,29.666666666666668
20241021,4,21.0,28.25,23.5
20241021,5,21.0,23.0,17.285714285714285
20241021,6,21.0,16.8,25.0
20241021,7,21.0,18.4,24.2
20241021,8,21.0,27.0,22.5
20241021,9,21.0,23.0,24.25
20241021,10,21.0,26.8,22.2
20241021,11,21.0,25.8,23.6
20241021,12,21.0,26.4,23.6
20241021,13,21.0,25.25,22.5
20241021,14,21.0,27.166666666666668,22.5
20241021,15,21.0,26.428571428571427,22.571428571428573
20241021,16,21.0,23.75,21.25
20241021,17,21.0,30.75,20.5
20241021,18,21.0,30.0,19.75
20241021,19,21.0,30.75,19.5
20241021,20,21.0,30.8,20.2
20241021,21,21.0,23.8,21.6
20241021,22,21.0,21.8,24.6
20241021,23,21.0,20.8,24.0
20241022,0,21.0,22.75,26.5
20241022,1,21.0,26.8,19.0
20241022,2,21.0,22.0,23.2
20241022,3,21.0,26.83333333333333,22.0
20241022,4,21.0,33.0,20.5
20241022,5,21.0,20.714285714285715,22.142857142857142
20241022,6,21.0,19.75,27.0
20241022,7,21.0,22.4,26.4
20241022,8,21.0,26.0,21.0
20241022,9,21.0,28.0,21.2
20241022,10,21.0,27.0,20.75
20241022,11,21.0,25.0,23.666666666666668
20241022,12,21.0,23.6,24.4
20241022,13,21.0,23.6,26.4
20241022,14,21.0,24.0,22.5
20241022,15,21.0,22.166666666666668,22.83333333333333
20241022,16,21.0,22.4,22.4
20241022,17,21.0,25.33333333333333,21.0
20241022,18,21.0,22.8,19.0
20241022,19,21.0,26.75,20.25
20241022,20,21.0,30.4,20.8
20241022,21,21.0,27.0,23.0
20241022,22,21.0,19.0,21.666666666666668
20241022,23,21.0,18.25,27.75
20241023,0,21.0,23.25,27.375
20241023,1,21.0,21.0,20.6
20241023,2,21.0,33.4,20.0
20241023,3,21.0,33.666666666666664,24.666666666666668
20241023,4,21.0,23.8,26.6
20241023,5,21.0,18.285714285714285,27.571428571428573
20241023,6,21.0,19.75,22.5
20241023,7,21.0,22.0,21.6
20241023,8,21.0,26.0,24.666666666666668
20241023,9,21.0,23.2,22.0
20241023,10,23.5,27.0,22.5
20241023,11,26.0,26.166666666666668,24.5
20241023,12,26.0,24.75,25.75
20241023,13,26.0,28.8,24.2
20241023,14,26.0,24.4,22.4
20241023,15,26.0,26.428571428571427,21.428571428571427
20241023,16,26.0,26.4,20.4
20241023,17,26.0,29.0,21.0
20241023,18,26.0,25.2,21.8
20241023,19,26.0,30.5,22.0
20241023,20,26.0,33.8,20.4
20241023,21,26.0,25.25,21.5
20241023,22,26.0,16.0,22.5
20241023,23,26.0,17.75,25.75
20241024,0,26.0,24.125,26.125
20241024,1,26.0,20.0,20.25
20241024,2,26.0,18.8,27.4
20241024,3,26.0,28.8,27.6
20241024,4,26.0,26.2,26.4
20241024,5,26.0,26.25,21.625
20241024,6,26.0,21.5,20.25
20241024,7,26.0,24.5,28.33333333333333
20241024,8,26.0,28.33333333333333,24.0
20241024,9,26.0,26.5,24.33333333333333
20241024,10,26.0,28.75,23.5
20241024,11,23.142857142857142,25.428571428571427,23.0
20241024,12,21.0,24.75,23.75
20241024,13,21.0,24.83333333333333,23.83333333333333
20241024,14,21.9,25.4,24.8
20241024,15,22.5,26.875,23.0
20241024,16,22.5,28.33333333333333,22.83333333333333
20241024,17,22.5,29.666666666666668,19.33333333333333
20241024,18,22.5,26.5,18.166666666666668
20241024,19,22.5,26.75,19.75
20241024,20,22.5,31.0,21.83333333333333
20241024,21,22.5,27.0,21.5
20241024,22,22.5,20.666666666666668,25.5
20241024,23,21.0,22.25,27.25
20241025,0,21.0,24.875,21.5
20241025,1,21.0,30.0,21.25
20241025,2,21.0,21.8,22.0
20241025,3,21.0,29.6,15.6
20241025,4,21.0,19.2,15.8
20241025,5,21.0,26.0,23.285714285714285
20241025,6,21.0,27.75,22.0
20241025,7,21.0,27.6,25.8
20241025,8,21.0,26.666666666666668,22.33333333333333
20241025,9,21.0,29.8,20.8
20241025,10,21.0,28.25,23.25
20241025,11,21.0,24.166666666666668,23.5
20241025,12,21.0,25.75,24.0
20241025,13,21.0,28.6,24.0
20241025,14,21.0,25.75,23.25
20241025,15,21.0,23.25,22.75
20241025,16,21.0,22.2,22.4
20241025,17,37.25,19.5,19.25
20241025,18,60.0,23.0,19.8
20241025,19,21.0,26.4,20.4
20241025,20,21.0,30.0,19.25
20241025,21,21.0,29.2,21.4
20241025,22,21.0,20.6,22.8
20241025,23,21.0,19.8,25.2
20241026,0,21.0,25.25,26.375
20241026,1,21.0,26.0,24.75
20241026,2,21.0,29.0,27.0
20241026,3,21.0,29.4,26.0
20241026,4,21.0,28.8,20.4
20241026,5,21.0,28.428571428571427,16.428571428571427
20241026,6,21.0,28.25,22.25
20241026,7,21.0,22.83333333333333,21.33333333333333
20241026,8,21.0,23.0,26.0
20241026,9,21.0,20.4,20.4
20241026,10,21.0,22.75,20.5
20241026,11,21.0,23.83333333333333,21.5
20241026,12,21.0,26.5,23.25
20241026,13,21.0,26.4,24.4
20241026,14,21.0,25.0,23.5
20241026,15,21.0,25.666666666666668,22.77777777777778
20241026,16,21.0,21.666666666666668,23.33333333333333
20241026,17,21.0,20.8,22.0
20241026,18,21.0,24.5,22.75
20241026,19,21.0,25.0,24.2
20241026,20,21.0,26.0,23.25
20241026,21,21.0,21.4,23.2
20241026,22,21.0,28.25,25.0
20241026,23,22.285714285714285,25.83333333333333,30.5
20241027,0,22.125,25.75,26.875
20241027,1,21.0,24.0,23.0
20241027,2,21.0,23.8,23.4
20241027,3,21.0,27.75,18.5
20241027,4,20.75,19.0,25.5
20241027,5,19.5,26.714285714285715,22.857142857142858
20241027,6,19.5,19.75,17.25
20241027,7,19.5,22.5,22.0
20241027,8,19.5,22.75,24.0
20241027,9,19.5,19.75,20.75
20241027,10,19.5,19.6,20.8
20241027,11,19.5,29.25,24.0
20241027,12,19.5,29.0,23.166666666666668
20241027,13,19.5,30.5,22.0
20241027,14,19.5,30.8,22.8
20241027,15,19.5,27.75,22.875
20241027,16,19.5,27.666666666666668,21.33333333333333
20241027,17,19.5,27.6,23.0
20241027,18,19.5,27.2,26.2
20241027,19,19.5,32.666666666666664,23.33333333333333
20241027,20,19.5,28.33333333333333,23.666666666666668
20241027,21,19.5,23.75,25.25
20241027,22,19.5,23.83333333333333,24.83333333333333
20241027,23,19.5,27.0,26.5
20241028,0,19.5,26.625,26.625
20241028,1,19.5,23.0,17.0
20241028,2,19.5,28.0,26.83333333333333
20241028,3,19.5,28.5,33.75
20241028,4,19.5,23.5,29.83333333333333
20241028,5,19.5,23.571428571428573,22.428571428571427
20241028,6,20.625,20.5,27.25
20241028,7,21.0,23.0,24.5
20241028,8,21.0,24.5,23.0
20241028,9,21.0,24.5,22.5
20241028,10,21.0,28.2,24.6
20241028,11,21.0,26.0,25.0
20241028,12,21.0,26.857142857142858,24.0
20241028,13,21.0,25.5,23.75
20241028,14,21.0,27.8,21.4
20241028,15,20.857142857142858,26.428571428571427,24.142857142857142
20241028,16,21.0,28.75,25.25
20241028,17,21.0,23.5,22.0
20241028,18,21.0,27.33333333333333,21.33333333333333
20241028,19,21.0,29.33333333333333,20.666666666666668
20241028,20,21.0,27.0,21.166666666666668
20241028,21,22.5,27.0,22.0
20241028,22,22.5,20.6,26.8
20241028,23,22.5,21.5,27.75
20241029,0,22.5,21.5,25.5
20241029,1,22.5,25.5,27.75
20241029,2,22.5,25.166666666666668,24.666666666666668
20241029,3,22.5,27.0,22.75
20241029,4,22.5,36.66666666666666,27.166666666666668
20241029,5,22.5,24.428571428571427,27.285714285714285
20241029,6,22.5,22.25,26.75
20241029,7,22.5,26.5,22.5
20241029,8,22.5,26.2,22.6
20241029,9,22.5,26.25,24.25
20241029,10,22.5,26.0,22.6
20241029,11,22.5,24.25,24.0
20241029,12,22.5,24.166666666666668,23.5
20241029,13,22.5,28.25,22.75
20241029,14,22.5,27.33333333333333,23.166666666666668
20241029,15,22.5,23.714285714285715,22.142857142857142
20241029,16,22.5,23.25,21.25
20241029,17,22.5,25.5,19.75
20241029,18,22.5,27.2,19.0
20241029,19,22.5,27.33333333333333,19.0
20241029,20,22.5,29.0,21.6
20241029,21,21.3,21.6,22.0
20241029,22,19.5,23.0,25.8
20241029,23,27.25,24.0,26.0
20241030,0,35.0,22.375,22.125
20241030,1,35.0,27.0,19.5
20241030,2,35.0,26.166666666666668,16.666666666666668
20241030,3,35.0,16.75,21.5
20241030,4,35.0,28.714285714285715,28.285714285714285
20241030,5,35.0,24.857142857142858,22.857142857142858
20241030,6,35.0,22.25,23.25
20241030,7,35.0,23.0,23.666666666666668
20241030,8,25.666666666666668,22.8,22.4
20241030,9,21.0,25.75,22.25
20241030,10,21.0,28.33333333333333,22.0
20241030,11,21.0,26.0,22.75
20241030,12,21.0,24.857142857142858,25.0
20241030,13,21.0,26.0,24.25
20241030,14,21.0,25.0,22.6
20241030,15,21.0,25.83333333333333,23.5
20241030,16,21.0,24.4,23.0
20241030,17,21.0,25.5,20.75
20241030,18,21.0,27.8,20.4
20241030,19,21.0,30.33333333333333,18.666666666666668
20241030,20,21.0,31.33333333333333,20.666666666666668
20241030,21,21.0,25.0,21.8
20241030,22,21.0,21.2,25.2
20241030,23,21.3,23.8,26.0
20241031,0,22.5,24.0,20.25
20241031,1,22.5,25.0,21.75
20241031,2,22.5,24.2,18.2
20241031,3,22.5,25.75,23.25
20241031,4,22.5,25.285714285714285,19.571428571428573
20241031,5,22.5,24.0,26.142857142857142
20241031,6,22.5,23.0,26.2
20241031,7,22.5,26.666666666666668,28.0
20241031,8,22.5,26.4,25.2
20241031,9,22.5,27.0,22.0
20241031,10,22.5,26.8,21.4
20241031,11,22.5,24.5,23.75
20241031,12,22.5,24.33333333333333,22.166666666666668
20241031,13,22.5,27.5,23.25
20241031,14,22.5,25.6,23.4
20241031,15,22.5,25.33333333333333,23.0
20241031,16,22.5,27.2,23.8
20241031,17,22.5,28.25,21.75
20241031,18,22.5,27.2,19.4
20241031,19,22.5,26.25,20.5
20241031,20,22.5,31.0,21.8
20241031,21,22.5,25.5,21.5
20241031,22,22.5,24.75,26.25
20241031,23,22.5,22.0,28.5
20241101,0,22.5,25.0,23.75
20241101,1,22.5,25.5,24.25
20241101,2,22.5,28.4,22.8
20241101,3,22.5,29.5,27.25
20241101,4,22.5,22.5,25.166666666666668
20241101,5,22.5,22.0,23.0
20241101,6,22.5,23.2,26.2
20241101,7,22.5,29.666666666666668,27.33333333333333
20241101,8,22.5,30.6,24.0
20241101,9,22.5,33.25,21.75
20241101,10,22.5,25.2,20.0
20241101,11,22.5,23.25,21.5
20241101,12,22.5,24.8,22.2
20241101,13,22.5,25.4,24.2
20241101,14,22.5,26.0,23.25
20241101,15,22.5,24.0,23.571428571428573
20241101,16,22.5,24.6,22.6
20241101,17,22.5,27.0,20.25
20241101,18,22.5,27.666666666666668,18.0
20241101,19,22.5,28.8,19.0
20241101,20,22.5,30.75,20.5
20241101,21,22.5,27.428571428571427,21.857142857142858
20241101,22,21.75,21.75,24.0
20241101,23,21.0,21.83333333333333,28.33333333333333
20241102,0,21.0,24.625,25.375
20241102,1,21.375,25.25,24.0
20241102,2,21.5,23.0,18.6
20241102,3,21.5,21.5,27.75
20241102,4,21.5,26.285714285714285,20.571428571428573
20241102,5,21.5,24.166666666666668,23.5
20241102,6,21.5,21.166666666666668,25.5
20241102,7,21.5,27.0,20.0
20241102,8,21.5,19.0,32.5
20241102,9,21.5,18.5,23.75
20241102,10,21.5,20.75,18.75
20241102,11,21.5,25.2,19.8
20241102,12,21.5,24.5,24.0
20241102,13,21.5,24.166666666666668,21.33333333333333
20241102,14,21.5,26.0,22.25
20241102,15,21.5,26.625,21.25
20241102,16,21.5,25.25,20.25
20241102,17,21.5,25.6,22.4
20241102,18,21.5,23.666666666666668,23.666666666666668
20241102,19,21.5,29.4,25.0
20241102,20,21.5,26.0,26.8
20241102,21,21.5,22.0,25.25
20241102,22,31.857142857142858,25.83333333333333,26.666666666666668
20241102,23,36.0,25.25,26.25
20241103,0,36.0,27.55555555555556,26.88888888888889
20241103,1,36.0,22.25,19.75
20241103,2,36.0,24.5,26.0
20241103,3,35.5,24.25,27.25
20241103,4,35.0,25.666666666666668,17.333333333333332
20241103,5,35.0,25.83333333333333,20.0
20241103,6,35.0,21.2,21.0
20241103,7,35.0,24.0,23.5
20241103,8,35.0,20.666666666666668,24.33333333333333
20241103,9,35.0,23.666666666666668,28.5
20241103,10,35.0,21.5,23.75
20241103,11,35.0,25.666666666666668,24.5
20241103,12,35.0,27.5,24.25
20241103,13,35.0,29.4,23.0
20241103,14,35.0,28.6,23.0
20241103,15,35.0,29.5,24.0
20241103,16,35.0,32.75,24.0
20241103,17,35.0,28.25,23.75
20241103,18,22.5,29.5,25.5
20241103,19,20.0,27.33333333333333,24.33333333333333
20241103,20,20.0,27.0,23.8
20241103,21,20.0,22.8,26.0
20241103,22,20.0,24.25,23.0
20241103,23,20.0,26.8,27.8
20241104,0,20.0,28.0,27.22222222222222
20241104,1,20.0,28.0,19.75
20241104,2,20.0,25.33333333333333,19.83333333333333
20241104,3,20.0,20.75,21.25
20241104,4,20.0,24.0,17.6
20241104,5,20.0,24.428571428571427,24.285714285714285
20241104,6,20.0,22.5,36.0
20241104,7,20.0,22.25,25.25
20241104,8,20.0,26.5,21.25
20241104,9,20.0,25.6,21.4
20241104,10,20.0,25.5,23.5
20241104,11,20.0,31.2,24.4
20241104,12,20.0,29.4,24.0
20241104,13,20.0,27.25,26.0
20241104,14,20.0,26.428571428571427,25.714285714285715
20241104,15,20.0,24.0,23.5
20241104,16,20.0,26.5,21.0
20241104,17,20.0,25.33333333333333,20.33333333333333
20241104,18,20.0,27.8,20.2
20241104,19,20.0,33.0,21.0
20241104,20,20.0,32.25,20.25
20241104,21,20.0,26.166666666666668,20.666666666666668
20241104,22,20.0,22.25,22.5
20241104,23,20.0,22.83333333333333,22.83333333333333
20241105,0,20.0,27.444444444444443,23.55555555555556
20241105,1,20.0,27.0,27.0
20241105,2,20.0,33.666666666666664,19.0
20241105,3,20.0,28.5,27.0
20241105,4,20.0,31.6,33.2
20241105,5,20.0,32.25,14.875
20241105,6,20.0,25.75,25.0
20241105,7,20.0,22.0,28.0
20241105,8,20.0,25.75,20.5
20241105,9,20.0,27.4,20.8
20241105,10,20.0,26.4,23.6
20241105,11,20.0,26.5,24.5
20241105,12,20.0,27.83333333333333,22.5
20241105,13,20.0,25.0,23.0
20241105,14,20.0,27.857142857142858,24.428571428571427
20241105,15,20.0,26.33333333333333,23.0
20241105,16,20.0,25.33333333333333,21.0
20241105,17,20.0,25.33333333333333,20.0
20241105,18,20.0,25.0,20.25
20241105,19,20.0,27.33333333333333,20.0
20241105,20,20.0,31.5,20.5
20241105,21,20.0,23.33333333333333,18.666666666666668
20241105,22,20.0,26.75,22.25
20241105,23,20.0,29.2,24.6
20241106,0,20.0,28.88888888888889,21.666666666666668
20241106,1,20.0,28.0,22.5
20241106,2,20.0,30.166666666666668,18.33333333333333
20241106,3,20.0,21.5,25.0
20241106,4,20.0,25.2,18.0
20241106,5,20.0,28.625,18.375
20241106,6,20.0,21.5,23.25
20241106,7,20.0,21.6,16.4
20241106,8,20.0,27.25,22.0
20241106,9,20.0,25.0,23.2
20241106,10,20.0,25.6,22.4
20241106,11,20.0,27.0,22.25
20241106,12,20.0,27.5,23.666666666666668
20241106,13,20.0,25.75,22.0
20241106,14,20.0,23.666666666666668,22.166666666666668
20241106,15,20.0,23.666666666666668,24.166666666666668
20241106,16,20.0,25.6,21.6
20241106,17,20.0,25.666666666666668,20.33333333333333
20241106,18,20.25,31.0,20.75
20241106,19,21.0,28.33333333333333,19.83333333333333
20241106,20,21.0,31.25,23.0
20241106,21,21.0,22.0,20.2
20241106,22,21.0,18.8,23.6
20241106,23,21.0,23.0,24.0
20241107,0,21.0,26.77777777777778,24.444444444444443
20241107,1,21.0,28.5,18.75
20241107,2,21.0,27.5,20.0
20241107,3,21.0,26.0,23.25
20241107,4,21.0,25.8,23.4
20241107,5,21.0,28.25,19.625
20241107,6,21.0,20.666666666666668,21.33333333333333
20241107,7,21.0,24.6,23.8
20241107,8,21.0,29.5,22.75
20241107,9,21.0,26.75,24.5
20241107,10,21.0,27.83333333333333,23.5
20241107,11,21.0,25.25,22.5
20241107,12,21.0,26.33333333333333,24.166666666666668
20241107,13,21.0,26.75,24.5
20241107,14,21.0,25.33333333333333,23.0
20241107,15,21.0,23.857142857142858,21.714285714285715
20241107,16,21.0,26.0,22.5
20241107,17,21.0,24.75,21.75
20241107,18,21.0,28.0,19.75
20241107,19,21.0,27.2,23.4
20241107,20,21.0,28.8,21.4
20241107,21,21.0,23.25,24.25
20241107,22,21.0,21.0,22.166666666666668
20241107,23,21.0,21.75,24.0
20241108,0,21.0,22.444444444444443,20.55555555555556
20241108,1,21.0,25.25,24.0
20241108,2,21.0,26.0,18.83333333333333
20241108,3,21.0,29.5,25.5
20241108,4,21.0,28.0,24.5
20241108,5,21.0,28.444444444444443,25.0
20241108,6,21.0,23.666666666666668,26.0
20241108,7,21.0,22.166666666666668,21.33333333333333
20241108,8,21.0,22.5,24.75
20241108,9,21.0,27.666666666666668,22.0
20241108,10,21.0,26.5,23.33333333333333
20241108,11,21.0,23.0,23.75
20241108,12,21.0,24.83333333333333,23.83333333333333
20241108,13,21.0,27.0,23.0
20241108,14,21.0,25.8,24.0
20241108,15,21.0,23.875,24.75
20241108,16,21.0,21.666666666666668,20.666666666666668
20241108,17,21.0,23.666666666666668,20.166666666666668
20241108,18,21.0,26.25,19.75
20241108,19,21.0,24.0,22.0
20241108,20,21.0,33.0,21.166666666666668
20241108,21,21.0,28.0,20.5
20241108,22,21.0,20.666666666666668,22.666666666666668
20241108,23,21.0,20.0,27.5
20241109,0,21.0,22.77777777777778,24.11111111111111
20241109,1,21.0,24.5,22.5
20241109,2,21.0,24.0,22.0
20241109,3,21.0,20.0,18.0
20241109,4,21.0,28.5,26.5
20241109,5,21.0,25.625,18.875
20241109,6,21.0,18.666666666666668,21.0
20241109,7,21.0,19.666666666666668,21.5
20241109,8,21.0,18.0,27.75
20241109,9,21.0,17.333333333333332,22.0
20241109,10,21.0,22.0,19.857142857142858
20241109,11,21.0,24.5,23.25
20241109,12,21.0,27.25,23.25
20241109,13,21.0,24.83333333333333,22.166666666666668
20241109,14,21.0,23.0,22.5
20241109,15,21.0,21.125,21.75
20241109,16,21.0,22.0,22.0
20241109,17,21.0,24.0,19.75
20241109,18,21.0,23.6,23.2
20241109,19,21.0,27.666666666666668,23.33333333333333
20241109,20,21.0,23.0,20.8
20241109,21,21.0,23.83333333333333,22.83333333333333
20241109,22,21.0,22.0,22.25
20241109,23,21.0,29.166666666666668,26.0
20241110,0,21.0,25.11111111111111,24.11111111111111
20241110,1,21.0,22.0,25.25
20241110,2,21.0,22.6,18.2
20241110,3,21.33333333333333,21.6,23.6
20241110,4,22.0,21.5,19.25
20241110,5,22.0,27.0,21.666666666666668
20241110,6,22.0,29.33333333333333,19.0
20241110,7,22.0,23.25,20.5
20241110,8,22.0,22.0,21.6
20241110,9,22.0,21.666666666666668,24.666666666666668
20241110,10,22.0,24.8,26.8
20241110,11,22.0,26.666666666666668,25.0
20241110,12,21.875,26.75,24.25
20241110,13,21.5,27.33333333333333,24.5
20241110,14,21.375,31.75,23.75
20241110,15,21.0,25.375,24.25
20241110,16,21.0,25.5,23.75
20241110,17,21.75,27.25,23.75
20241110,18,22.5,26.8,24.2
20241110,19,22.5,31.0,22.0
20241110,20,35.0,24.5,26.5
20241110,21,35.0,23.166666666666668,26.166666666666668
20241110,22,35.0,22.0,26.0
20241110,23,35.0,25.75,28.25
20241111,0,35.0,30.22222222222222,26.444444444444443
20241111,1,35.0,30.25,18.5
20241111,2,35.0,31.25,27.0
20241111,3,35.0,34.333333333333336,19.33333333333333
20241111,4,35.0,27.25,18.75
20241111,5,35.0,32.44444444444444,27.33333333333333
20241111,6,35.0,29.666666666666668,23.0
20241111,7,35.0,26.25,22.0
20241111,8,35.0,23.5,24.0
20241111,9,35.0,25.33333333333333,21.666666666666668
20241111,10,35.0,28.25,22.25
20241111,11,35.0,26.714285714285715,23.285714285714285
20241111,12,35.0,26.25,23.5
20241111,13,26.6,27.6,24.0
20241111,14,21.0,28.6,22.2
20241111,15,21.0,26.0,23.666666666666668
20241111,16,21.0,24.5,21.0
20241111,17,21.0,25.83333333333333,21.666666666666668
20241111,18,21.0,29.0,19.25
20241111,19,21.0,29.0,20.666666666666668
20241111,20,21.0,32.142857142857146,19.142857142857142
20241111,21,21.0,26.5,24.0
20241111,22,21.0,21.25,23.75
20241111,23,20.285714285714285,23.0,26.0
20241112,0,20.0,23.0,20.22222222222222
20241112,1,20.0,29.25,24.75
20241112,2,20.0,25.75,22.5
20241112,3,20.0,30.666666666666668,17.333333333333332
20241112,4,20.0,29.75,21.75
20241112,5,20.0,25.22222222222222,25.55555555555556
20241112,6,20.0,27.0,27.666666666666668
20241112,7,20.0,24.5,17.25
20241112,8,20.0,27.33333333333333,23.5
20241112,9,20.33333333333333,23.666666666666668,18.33333333333333
20241112,10,21.0,26.25,21.0
20241112,11,21.0,24.428571428571427,23.285714285714285
20241112,12,21.0,25.0,23.25
20241112,13,21.0,27.5,27.25
20241112,14,21.0,27.83333333333333,24.666666666666668
20241112,15,21.0,26.83333333333333,23.0
20241112,16,21.0,24.0,22.0
20241112,17,21.0,26.25,20.0
20241112,18,21.0,24.666666666666668,19.0
20241112,19,21.0,30.0,19.0
20241112,20,20.5,33.25,22.25
20241112,21,20.75,26.25,23.25
20241112,22,21.0,22.142857142857142,25.0
20241112,23,21.0,22.25,23.0
20241113,0,21.0,19.444444444444443,21.11111111111111
20241113,1,21.0,23.5,19.75
20241113,2,21.0,31.75,20.5
20241113,3,21.0,26.5,20.0
20241113,4,21.0,32.0,21.5
20241113,5,21.0,14.11111111111111,23.11111111111111
20241113,6,21.0,17.333333333333332,24.666666666666668
20241113,7,21.0,24.0,23.5
20241113,8,21.0,25.166666666666668,22.0
20241113,9,21.0,24.0,23.666666666666668
20241113,10,21.0,25.0,22.0
20241113,11,21.0,22.0,22.714285714285715
20241113,12,21.0,26.75,23.25
20241113,13,21.0,28.5,22.5
20241113,14,21.285714285714285,27.166666666666668,22.0
20241113,15,21.5,26.166666666666668,22.83333333333333
20241113,16,21.5,21.33333333333333,23.0
20241113,17,21.5,24.25,19.75
20241113,18,21.5,29.666666666666668,18.666666666666668
20241113,19,21.5,28.8,21.0
20241113,20,21.5,33.2,22.0
20241113,21,21.5,24.5,20.0
20241113,22,21.5,21.5,29.166666666666668
20241113,23,21.2,25.2,25.6
20241114,0,21.0,23.3,21.55555555555556
20241114,1,21.0,27.25,20.25
20241114,2,21.0,29.5,30.5
20241114,3,21.0,26.166666666666668,25.166666666666668
20241114,4,21.0,21.25,26.0
20241114,5,21.0,26.33333333333333,23.77777777777778
20241114,6,21.0,19.666666666666668,30.0
20241114,7,21.0,23.0,20.5
20241114,8,21.0,26.2,22.8
20241114,9,21.0,26.25,21.25
20241114,10,21.0,24.25,21.0
20241114,11,21.0,23.5,21.83333333333333
20241114,12,21.0,23.2,24.2
20241114,13,21.0,30.25,23.5
20241114,14,21.0,28.166666666666668,23.0
20241114,15,21.0,25.666666666666668,21.166666666666668
20241114,16,21.0,24.75,21.75
20241114,17,21.0,19.166666666666668,20.0
20241114,18,21.0,22.0,19.33333333333333
20241114,19,21.0,29.0,18.75
20241114,20,21.0,32.666666666666664,21.83333333333333
20241114,21,21.0,27.25,21.75
20241114,22,21.0,21.5,21.25
20241114,23,21.0,20.714285714285715,28.714285714285715
20241115,0,21.0,21.55555555555556,24.88888888888889
20241115,1,21.0,25.0,25.5
20241115,2,21.0,25.75,22.75
20241115,3,21.0,25.0,18.0
20241115,4,21.0,28.75,18.75
20241115,5,21.0,28.875,22.5
20241115,6,21.0,26.25,26.75
20241115,7,21.0,22.0,22.5
20241115,8,21.0,25.0,22.33333333333333
20241115,9,21.0,26.83333333333333,21.666666666666668
20241115,10,21.0,25.75,21.75
20241115,11,21.0,26.5,23.5
20241115,12,21.0,25.285714285714285,22.285714285714285
20241115,13,21.0,29.0,24.25
20241115,14,21.0,27.25,23.25
20241115,15,21.0,28.125,22.875
20241115,16,21.0,25.25,20.75
20241115,17,21.0,23.25,19.0
20241115,18,21.0,25.8,17.8
20241115,19,21.0,27.5,20.0
20241115,20,21.0,32.25,19.75
20241115,21,20.785714285714285,29.166666666666668,21.0
20241115,22,20.5,22.75,24.0
20241115,23,20.5,21.0,21.0
20241116,0,20.5,19.0,25.0
20241116,1,20.5,23.5,27.25
20241116,2,20.5,24.0,24.5
20241116,3,20.5,30.166666666666668,23.5
20241116,4,20.5,21.5,20.5
20241116,5,20.5,27.857142857142858,19.142857142857142
20241116,6,20.5,29.5,21.666666666666668
20241116,7,20.5,27.5,23.25
20241116,8,20.5,25.666666666666668,24.33333333333333
20241116,9,20.5,20.0,21.5
20241116,10,20.5,21.0,21.2
20241116,11,20.625,22.0,21.0
20241116,12,21.0,27.0,21.33333333333333
20241116,13,21.166666666666668,23.166666666666668,22.83333333333333
20241116,14,21.5,24.25,23.75
20241116,15,21.5,25.22222222222222,23.444444444444443
20241116,16,21.5,22.5,22.75
20241116,17,21.5,22.33333333333333,23.666666666666668
20241116,18,21.5,23.5,22.75
20241116,19,21.5,25.5,23.83333333333333
20241116,20,21.5,26.5,27.75
20241116,21,21.5,21.0,22.75
20241116,22,21.5,25.33333333333333,27.33333333333333
20241116,23,21.5,20.75,25.0
20241117,0,21.5,24.55555555555556,26.666666666666668
20241117,1,21.5,24.5,20.75
20241117,2,21.5,23.0,21.5
20241117,3,21.5,21.4,19.4
20241117,4,21.5,25.6,23.2
20241117,5,21.5,29.166666666666668,23.666666666666668
20241117,6,21.5,22.0,21.33333333333333
20241117,7,21.5,20.6,20.8
20241117,8,21.5,24.0,16.333333333333332
20241117,9,21.5,22.25,24.5
20241117,10,21.5,23.142857142857142,24.428571428571427
20241117,11,21.5,27.25,23.0
20241117,12,21.5,32.25,22.5
20241117,13,21.5,27.166666666666668,22.666666666666668
20241117,14,21.5,27.0,22.5
20241117,15,21.5,29.166666666666668,23.33333333333333
20241117,16,21.5,27.8,21.0
20241117,17,21.5,27.2,22.0
20241117,18,21.0,27.5,24.0
20241117,19,21.0,28.0,23.0
20241117,20,21.0,26.83333333333333,25.83333333333333
20241117,21,21.0,21.8,25.0
20241117,22,21.0,22.75,25.5
20241117,23,21.0,27.25,26.0
20241118,0,21.0,26.444444444444443,25.33333333333333
20241118,1,21.0,25.6,19.2
20241118,2,21.0,22.25,17.5
20241118,3,21.0,27.0,17.2
20241118,4,21.0,10.5,26.166666666666668
20241118,5,21.0,22.0,26.0
20241118,6,21.0,24.75,29.0
20241118,7,21.0,25.83333333333333,22.666666666666668
20241118,8,21.0,26.666666666666668,23.0
20241118,9,21.0,29.75,22.0
20241118,10,21.0,28.6,22.4
20241118,11,21.0,27.83333333333333,24.5
20241118,12,21.0,27.25,24.5
20241118,13,21.0,32.0,25.5
20241118,14,21.0,25.714285714285715,22.571428571428573
20241118,15,21.0,25.0,21.666666666666668
20241118,16,21.0,26.0,19.666666666666668
20241118,17,21.0,25.0,20.33333333333333
20241118,18,21.0,27.6,19.0
20241118,19,21.0,26.666666666666668,19.0
20241118,20,21.0,32.25,19.25
20241118,21,21.0,23.428571428571427,21.142857142857142
20241118,22,21.0,24.0,23.0
20241118,23,21.0,21.25,22.5
20241119,0,21.0,26.33333333333333,24.22222222222222
20241119,1,21.0,21.0,22.2
20241119,2,21.0,33.5,22.0
20241119,3,21.0,26.0,33.25
20241119,4,21.0,29.666666666666668,20.5
20241119,5,21.0,24.0,29.5
20241119,6,21.0,23.25,20.0
20241119,7,21.0,27.428571428571427,24.142857142857142
20241119,8,21.0,27.0,24.33333333333333
20241119,9,21.0,29.0,23.25
20241119,10,21.0,27.25,22.5
20241119,11,21.0,26.428571428571427,23.285714285714285
20241119,12,21.0,26.75,23.25
20241119,13,21.0,26.0,23.75
20241119,14,21.0,25.83333333333333,23.33333333333333
20241119,15,21.0,26.285714285714285,22.714285714285715
20241119,16,21.0,22.33333333333333,20.666666666666668
20241119,17,21.0,23.0,19.6
20241119,18,21.0,24.666666666666668,19.666666666666668
20241119,19,21.0,30.0,19.0
20241119,20,21.0,28.0,19.0
20241119,21,21.0,28.0,19.0
20241119,22,21.0,28.0,19.0
20241119,23,21.0,23.0,22.75
20241120,0,21.0,24.444444444444443,25.55555555555556
20241120,1,21.0,27.666666666666668,15.0
20241120,2,21.0,29.75,25.75
20241120,3,21.0,28.75,27.5
20241120,4,21.0,19.166666666666668,28.33333333333333
20241120,5,21.0,19.0,25.0
20241120,6,21.0,21.666666666666668,35.0
20241120,7,21.0,22.75,28.5
20241120,8,21.0,27.714285714285715,25.33333333333333
20241120,9,21.0,29.0,22.33333333333333
20241120,10,21.0,28.25,22.75
20241120,11,21.0,26.4,23.0
20241120,12,21.0,25.166666666666668,24.666666666666668
20241120,13,21.0,23.75,23.75
20241120,14,21.0,26.0,24.0
20241120,15,21.0,24.375,23.75
20241120,16,21.0,22.75,22.25
20241120,17,21.0,24.0,19.666666666666668
20241120,18,21.0,26.2,18.8
20241120,19,21.0,27.666666666666668,19.5
20241120,20,21.0,30.0,20.0
20241120,21,21.0,27.5,22.75
20241120,22,21.5,21.166666666666668,24.0
20241120,23,22.5,21.6,25.8
20241121,0,22.5,23.55555555555556,23.33333333333333
20241121,1,22.5,23.8,22.4
20241121,2,22.5,23.25,27.75
20241121,3,22.5,26.75,27.75
20241121,4,22.5,17.285714285714285,24.0
20241121,5,22.5,23.83333333333333,27.666666666666668
20241121,6,22.5,26.75,27.5
20241121,7,22.5,26.0,26.0
20241121,8,22.5,26.75,21.25
20241121,9,22.5,27.25,20.75
20241121,10,22.25,28.5,23.0
20241121,11,22.0,25.428571428571427,22.142857142857142
20241121,12,22.0,26.25,21.75
20241121,13,22.0,24.25,24.75
20241121,14,22.0,27.75,22.25
20241121,15,22.0,26.11111111111111,21.33333333333333
20241121,16,22.0,24.33333333333333,21.0
20241121,17,21.75,26.75,20.75
20241121,18,21.0,25.0,17.2
20241121,19,21.0,29.0,18.8
20241121,20,21.0,31.25,20.25
20241121,21,21.0,25.25,19.0
20241121,22,21.0,22.428571428571427,25.857142857142858
20241121,23,22.25,21.2,27.0
20241122,0,22.5,27.33333333333333,22.33333333333333
20241122,1,22.5,28.0,26.2
20241122,2,22.5,25.25,22.25
20241122,3,22.5,26.0,23.0
20241122,4,22.5,28.857142857142858,21.571428571428573
20241122,5,22.5,28.5,23.666666666666668
20241122,6,22.5,25.33333333333333,26.666666666666668
20241122,7,22.5,29.6,26.8
20241122,8,22.5,28.166666666666668,22.33333333333333
20241122,9,22.5,26.666666666666668,23.0
20241122,10,22.5,26.25,22.5
20241122,11,22.5,24.6,23.6
20241122,12,22.5,27.428571428571427,23.428571428571427
20241122,13,22.5,28.75,20.5
20241122,14,22.5,23.75,22.0
20241122,15,22.5,22.444444444444443,21.33333333333333
20241122,16,22.5,20.25,20.0
20241122,17,22.5,24.0,20.0
20241122,18,22.5,27.5,15.5
20241122,19,22.5,25.166666666666668,20.33333333333333
20241122,20,22.5,25.0,20.0
20241122,21,22.5,25.0,20.0
20241122,22,22.25,24.0,23.25
20241122,23,21.5,21.0,25.83333333333333
20241123,0,21.5,21.444444444444443,27.55555555555556
20241123,1,21.5,23.8,29.6
20241123,2,21.5,24.75,24.5
20241123,3,21.5,18.5,19.5
20241123,4,21.5,19.166666666666668,22.83333333333333
20241123,5,21.5,23.142857142857142,22.285714285714285
20241123,6,21.5,17.75,18.0
20241123,7,21.5,30.0,22.666666666666668
20241123,8,21.357142857142858,23.142857142857142,25.857142857142858
20241123,9,21.0,20.75,19.5
20241123,10,21.0,19.0,18.5
20241123,11,21.0,24.25,20.25
20241123,12,21.0,24.571428571428573,22.714285714285715
20241123,13,21.0,22.75,20.75
20241123,14,21.0,23.75,23.25
20241123,15,21.0,25.857142857142858,21.857142857142858
20241123,16,21.0,25.166666666666668,21.0
20241123,17,21.0,24.25,23.75
20241123,18,21.0,28.0,24.0
20241123,19,21.0,25.25,25.5
20241123,20,21.0,26.0,23.0
20241123,21,21.0,22.6,19.6
20241123,22,21.0,25.0,24.5
20241123,23,21.0,25.0,31.5
20241124,0,21.0,27.75,26.5
20241124,1,21.0,28.166666666666668,32.666666666666664
20241124,2,21.0,30.25,23.25
20241124,3,21.0,25.5,17.25
20241124,4,21.0,26.4,23.0
20241124,5,21.0,23.875,22.125
20241124,6,21.0,24.25,20.0
20241124,7,21.0,23.33333333333333,14.666666666666666
20241124,8,21.0,24.6,28.0
20241124,9,21.0,21.666666666666668,22.0
20241124,10,21.0,18.5,23.25
20241124,11,21.0,22.5,24.75
20241124,12,21.0,24.0,23.25
20241124,13,21.0,24.5,23.125
20241124,14,21.0,32.0,23.5
20241124,15,21.0,26.666666666666668,23.5
20241124,16,21.0,27.25,22.5
20241124,17,21.0,26.0,23.857142857142858
20241124,18,21.0,25.33333333333333,23.0
20241124,19,21.0,30.75,24.0
20241124,20,21.0,28.5,22.25
20241124,21,21.0,20.8,26.4
20241124,22,21.0,27.0,24.666666666666668
20241124,23,21.0,29.75,24.75
20241125,0,21.0,22.125,25.625
20241125,1,21.0,15.333333333333334,19.5
20241125,2,21.0,26.25,24.0
20241125,3,21.0,27.5,27.0
20241125,4,21.0,26.25,19.0
20241125,5,21.0,28.77777777777778,25.0
20241125,6,21.0,18.25,24.0
20241125,7,21.0,23.33333333333333,23.33333333333333
20241125,8,21.0,27.5,23.0
20241125,9,21.0,26.6,21.2
20241125,10,21.0,27.6,22.8
20241125,11,21.0,26.5,24.0
20241125,12,21.0,27.5,24.25
20241125,13,21.0,25.25,24.75
20241125,14,21.0,27.142857142857142,24.428571428571427
20241125,15,21.0,28.0,22.33333333333333
20241125,16,21.0,24.5,24.0
20241125,17,21.0,22.666666666666668,20.0
20241125,18,21.0,27.714285714285715,20.142857142857142
20241125,19,21.0,33.4,21.0
20241125,20,21.0,27.25,20.75
20241125,21,21.0,20.75,23.75
20241125,22,21.0,20.0,27.0
20241125,23,21.0,21.714285714285715,26.857142857142858
20241126,0,21.0,22.375,27.125
20241126,1,21.0,24.5,21.5
20241126,2,21.0,32.75,13.5
20241126,3,21.0,19.75,19.25
20241126,4,21.0,28.75,18.25
20241126,5,21.0,25.2,23.4
20241126,6,21.0,25.25,19.75
20241126,7,21.0,18.0,22.666666666666668
20241126,8,21.0,19.25,24.5
20241126,9,21.0,24.6,19.8
20241126,10,21.0,28.0,22.83333333333333
20241126,11,21.0,26.5,23.25
20241126,12,21.0,27.25,23.75
20241126,13,21.0,27.5,23.75
20241126,14,21.0,26.125,23.25
20241126,15,21.0,23.0,21.666666666666668
20241126,16,21.0,22.25,20.5
20241126,17,21.0,22.666666666666668,19.0
20241126,18,21.0,25.166666666666668,19.166666666666668
20241126,19,21.0,25.4,19.2
20241126,20,21.0,28.25,19.25
20241126,21,21.0,22.25,20.0
20241126,22,21.0,21.25,25.75
20241126,23,21.0,22.625,27.125
20241127,0,21.0,23.0,21.75
20241127,1,21.0,21.714285714285715,22.571428571428573
20241127,2,21.0,29.0,28.75
20241127,3,21.0,20.75,22.75
20241127,4,21.0,27.5,19.0
20241127,5,21.0,21.11111111111111,19.33333333333333
20241127,6,21.0,24.75,17.5
20241127,7,21.0,25.33333333333333,21.666666666666668
20241127,8,21.0,22.75,19.25
20241127,9,21.0,28.0,18.2
20241127,10,21.0,28.285714285714285,22.571428571428573
20241127,11,21.0,26.5,22.75
20241127,12,21.0,27.0,23.33333333333333
20241127,13,21.0,26.75,23.0
20241127,14,21.0,22.0,20.0
20241127,15,21.0,22.0,18.0
20241127,16,21.0,24.0,21.666666666666668
20241127,17,21.0,27.5,21.0
20241127,18,21.0,30.0,21.0
20241127,19,21.0,26.857142857142858,22.571428571428573
20241127,20,21.0,24.0,19.0
20241127,21,21.0,25.25,25.75
20241127,22,21.0,21.5,29.5
20241127,23,21.0,23.0,24.75
20241128,0,21.0,20.25,21.0
20241128,1,21.0,28.285714285714285,15.285714285714286
20241128,2,21.0,26.0,23.0
20241128,3,21.0,26.25,24.5
20241128,4,21.0,25.75,18.75
20241128,5,21.0,21.3,24.2
20241128,6,21.0,21.0,19.25
20241128,7,21.0,23.666666666666668,19.0
20241128,8,21.0,27.75,19.5
20241128,9,21.0,17.333333333333332,20.0
20241128,10,21.0,24.142857142857142,25.428571428571427
20241128,11,21.0,26.0,23.2
20241128,12,21.0,26.25,24.25
20241128,13,21.0,25.75,25.5
20241128,14,21.0,27.25,22.5
20241128,15,21.0,25.90909090909091,23.0
20241128,16,21.0,25.0,27.666666666666668
20241128,17,21.0,25.0,20.5
20241128,18,21.0,27.0,19.0
20241128,19,21.0,28.25,20.0
20241128,20,21.0,30.0,21.83333333333333
20241128,21,21.0,28.4,20.8
20241128,22,21.0,19.5,21.0
20241128,23,21.0,20.75,24.5
20241129,0,21.0,21.5,26.875
20241129,1,21.0,20.0,23.428571428571427
20241129,2,21.0,25.0,25.75
20241129,3,21.0,30.25,14.75
20241129,4,21.0,31.75,20.0
20241129,5,21.0,24.55555555555556,23.0
20241129,6,21.0,22.4,21.2
20241129,7,21.0,24.666666666666668,28.33333333333333
20241129,8,21.0,26.0,23.75
20241129,9,21.0,25.666666666666668,26.666666666666668
20241129,10,21.0,26.6,23.2
20241129,11,21.0,26.571428571428573,24.0
20241129,12,21.0,22.25,22.5
20241129,13,21.0,26.75,24.75
20241129,14,23.0,25.75,22.75
20241129,15,23.0,24.7,22.2
20241129,16,23.0,21.75,21.75
20241129,17,23.0,21.5,18.5
20241129,18,23.0,21.666666666666668,17.0
20241129,19,23.0,25.75,19.25
20241129,20,23.0,27.2,21.4
20241129,21,23.0,25.0,21.0
20241129,22,23.0,25.0,21.0
20241129,23,21.125,25.0,21.0
20241130,0,20.5,25.0,21.0
20241130,1,20.5,25.0,21.0
20241130,2,20.5,25.0,21.0
20241130,3,20.5,25.0,21.0
20241130,4,20.5,25.0,21.0
20241130,5,20.5,25.0,21.0
20241130,6,20.5,25.0,21.0
20241130,7,20.5,25.0,21.0
20241130,8,20.5,25.0,21.0
20241130,9,20.5,25.0,21.0
20241130,10,20.5,25.0,21.0
20241130,11,20.5,25.0,21.0
20241130,12,20.5,25.0,21.0
20241130,13,20.5,25.0,21.0
20241130,14,20.5,25.0,21.0
20241130,15,20.5,25.0,21.0
20241130,16,20.5,25.0,21.0
20241130,17,19.5,25.0,21.0
20241130,18,19.5,25.0,21.0
20241130,19,19.5,25.0,21.0
20241130,20,19.5,25.0,21.0
20241130,21,19.5,25.0,21.0
20241130,22,19.5,25.0,21.0
20241130,23,19.5,25.0,21.0
20241201,0,19.5,25.0,21.0
20241201,1,19.5,25.0,21.0
20241201,2,19.5,25.0,21.0
20241201,3,19.5,25.0,21.0
20241201,4,19.5,25.0,21.0
20241201,5,19.5,25.0,21.0
20241201,6,19.5,25.0,21.0
20241201,7,19.5,25.0,21.0
20241201,8,19.5,25.0,21.0
20241201,9,19.5,25.0,21.0
20241201,10,19.5,25.0,21.0
20241201,11,19.5,25.0,21.0
20241201,12,19.5,25.0,21.0
20241201,13,19.5,25.0,21.0
20241201,14,19.5,25.0,21.0
20241201,15,19.5,25.0,21.0
20241201,16,19.5,25.0,21.0
20241201,17,19.5,25.0,21.0
20241201,18,19.5,25.0,21.0
20241201,19,19.5,25.0,21.0
20241201,20,19.5,25.0,21.0
20241201,21,19.5,25.0,21.0
20241201,22,19.5,25.0,21.0
20241201,23,19.5,25.0,21.0
20241202,0,19.5,25.0,21.0
20241202,1,19.5,25.0,21.0
20241202,2,19.5,25.0,21.0
20241202,3,19.5,25.0,21.0
20241202,4,19.5,25.0,21.0
20241202,5,19.5,25.0,21.0
20241202,6,19.5,25.0,21.0
20241202,7,19.5,25.0,21.0
20241202,8,19.5,25.0,21.0
20241202,9,19.5,25.0,21.0
20241202,10,19.5,26.75,22.0
20241202,11,19.5,25.166666666666668,24.0
20241202,12,19.5,26.285714285714285,23.857142857142858
20241202,13,19.5,27.25,23.75
20241202,14,19.5,26.5,24.0
20241202,15,19.5,26.0,23.0
20241202,16,19.5,24.2,23.0
20241202,17,19.5,23.857142857142858,21.0
20241202,18,19.5,28.5,19.25
20241202,19,19.5,31.0,19.0
20241202,20,19.5,28.5,19.75
20241202,21,19.5,27.25,20.25
20241202,22,19.5,21.166666666666668,22.166666666666668
20241202,23,19.5,19.0,24.714285714285715
20241203,0,19.5,25.0,22.714285714285715
20241203,1,19.5,26.25,24.5
20241203,2,19.5,29.0,27.5
20241203,3,19.5,34.0,17.5
20241203,4,19.5,35.75,21.5
20241203,5,19.5,26.0,28.857142857142858
20241203,6,19.5,23.428571428571427,23.857142857142858
20241203,7,19.5,27.25,18.75
20241203,8,19.5,24.0,21.25
20241203,9,19.5,25.666666666666668,22.33333333333333
20241203,10,19.5,24.5,26.0
20241203,11,19.5,25.2,23.4
20241203,12,19.5,28.0,23.375
20241203,13,19.5,26.75,23.75
20241203,14,20.25,27.5,23.25
20241203,15,21.0,24.666666666666668,22.5
20241203,16,21.0,25.25,19.0
20241203,17,21.0,23.714285714285715,18.571428571428573
20241203,18,21.0,21.8,19.0
20241203,19,20.666666666666668,29.33333333333333,19.0
20241203,20,20.0,29.75,20.25
20241203,21,20.0,26.25,23.5
20241203,22,20.0,21.0,25.0
20241203,23,20.625,22.0,25.25
20241204,0,21.0,23.714285714285715,20.142857142857142
20241204,1,21.0,26.75,28.125
20241204,2,21.0,29.25,20.0
20241204,3,21.0,27.5,20.5
20241204,4,21.0,37.5,19.75
20241204,5,21.0,25.0,24.857142857142858
20241204,6,21.0,22.0,27.0
20241204,7,21.0,22.25,19.75
20241204,8,21.0,25.0,23.0
20241204,9,21.0,23.666666666666668,22.0
20241204,10,21.0,25.25,22.0
20241204,11,21.0,24.8,19.6
20241204,12,21.0,25.875,21.75
20241204,13,21.0,27.2,21.6
20241204,14,21.0,26.0,22.0
20241204,15,21.0,26.0,22.0
20241204,16,21.0,23.666666666666668,21.33333333333333
20241204,17,21.0,24.0,19.142857142857142
20241204,18,21.0,23.8,19.0
20241204,19,21.0,28.0,19.666666666666668
20241204,20,21.0,28.25,20.75
20241204,21,21.0,28.5,24.25
20241204,22,21.0,24.8,21.6
20241204,23,21.0,22.375,24.5
20241205,0,21.0,24.0,26.428571428571427
20241205,1,21.0,24.75,26.0
20241205,2,21.0,28.0,23.0
20241205,3,21.0,35.25,21.75
20241205,4,21.0,25.0,31.25
20241205,5,21.0,26.0,24.33333333333333
20241205,6,21.0,23.857142857142858,26.0
20241205,7,21.0,22.5,23.25
20241205,8,21.0,26.25,21.75
20241205,9,21.0,26.33333333333333,20.0
20241205,10,21.0,24.0,21.75
20241205,11,21.0,27.2,23.4
20241205,12,21.0,25.375,23.375
20241205,13,21.0,26.2,23.8
20241205,14,21.0,24.0,20.75
20241205,15,21.0,24.5,22.83333333333333
20241205,16,21.0,25.666666666666668,20.666666666666668
20241205,17,21.0,19.571428571428573,18.714285714285715
20241205,18,21.0,21.83333333333333,17.833333333333332
20241205,19,21.0,28.0,19.33333333333333
20241205,20,21.0,30.25,21.5
20241205,21,21.0,26.75,21.5
20241205,22,21.0,21.5,24.25
20241205,23,22.5,22.428571428571427,24.428571428571427
20241206,0,22.5,22.0,25.285714285714285
20241206,1,22.5,20.5,22.5
20241206,2,22.5,23.8,17.0
20241206,3,22.5,28.75,20.25
20241206,4,22.5,26.25,18.5
20241206,5,22.5,25.166666666666668,19.166666666666668
20241206,6,22.5,21.166666666666668,21.666666666666668
20241206,7,22.5,21.0,19.2
20241206,8,22.5,23.25,22.0
20241206,9,22.5,24.666666666666668,19.33333333333333
20241206,10,22.5,27.25,21.25
20241206,11,22.5,28.75,22.0
20241206,12,22.5,25.428571428571427,22.428571428571427
20241206,13,22.5,28.142857142857142,22.571428571428573
20241206,14,22.5,23.666666666666668,23.33333333333333
20241206,15,22.5,24.0,23.0
20241206,16,22.5,25.0,21.0
20241206,17,22.5,20.33333333333333,19.33333333333333
20241206,18,21.5,24.0,19.857142857142858
20241206,19,21.5,28.83333333333333,20.666666666666668
20241206,20,21.5,31.75,19.5
20241206,21,21.5,26.25,21.75
20241206,22,21.5,21.25,20.25
20241206,23,21.5,23.75,26.0
20241207,0,21.5,25.5,27.83333333333333
20241207,1,21.5,26.625,26.625
20241207,2,21.5,29.0,25.4
20241207,3,21.5,28.75,14.75
20241207,4,21.5,24.25,15.25
20241207,5,21.5,26.666666666666668,25.5
20241207,6,21.5,19.5,19.0
20241207,7,21.5,18.714285714285715,21.142857142857142
20241207,8,21.5,23.2,21.6
20241207,9,21.5,20.666666666666668,17.666666666666668
20241207,10,21.5,21.5,19.0
20241207,11,21.5,22.5,21.25
20241207,12,21.5,24.75,23.0
20241207,13,21.5,24.125,22.875
20241207,14,21.5,28.428571428571427,19.571428571428573
20241207,15,21.5,30.666666666666668,21.666666666666668
20241207,16,21.5,26.0,22.666666666666668
20241207,17,21.5,27.0,26.25
20241207,18,21.5,19.666666666666668,24.33333333333333
20241207,19,21.5,25.166666666666668,24.33333333333333
20241207,20,21.5,28.285714285714285,25.428571428571427
20241207,21,21.5,21.0,23.5
20241207,22,21.5,30.0,31.5
20241207,23,21.5,26.5,24.75
20241208,0,21.5,30.285714285714285,24.714285714285715
20241208,1,21.5,25.875,21.125
20241208,2,21.5,25.83333333333333,23.83333333333333
20241208,3,21.5,25.5,19.5
20241208,4,21.5,26.0,19.75
20241208,5,21.5,27.33333333333333,31.0
20241208,6,21.5,20.5,23.5
20241208,7,21.5,14.0,21.714285714285715
20241208,8,21.5,20.6,26.2
20241208,9,21.5,19.0,18.666666666666668
20241208,10,21.5,18.5,22.0
20241208,11,21.5,26.25,20.25
20241208,12,21.5,24.75,20.5
20241208,13,21.5,27.166666666666668,23.166666666666668
20241208,14,21.5,14.625,23.625
20241208,15,21.5,24.83333333333333,23.166666666666668
20241208,16,21.5,27.666666666666668,23.0
20241208,17,21.5,27.75,26.0
20241208,18,21.5,30.33333333333333,25.0
20241208,19,21.5,33.5,28.75
20241208,20,21.5,29.5,23.375
20241208,21,21.5,24.33333333333333,23.5
20241208,22,21.5,27.75,25.75
20241208,23,21.5,28.5,24.0
20241209,0,21.5,29.666666666666668,25.666666666666668
20241209,1,21.5,28.125,21.25
20241209,2,21.5,34.5,23.83333333333333
20241209,3,21.5,33.5,22.25
20241209,4,21.5,25.75,27.5
20241209,5,21.5,23.666666666666668,23.33333333333333
20241209,6,21.5,30.0,24.0
20241209,7,21.5,24.428571428571427,20.714285714285715
20241209,8,21.5,28.285714285714285,22.714285714285715
20241209,9,21.5,24.33333333333333,27.0
20241209,10,21.5,24.25,22.5
20241209,11,21.5,25.5,22.25
20241209,12,21.5,26.5,23.0
20241209,13,21.5,27.0,24.75
20241209,14,21.5,25.0,21.875
20241209,15,21.5,28.5,23.375
20241209,16,21.5,28.33333333333333,21.666666666666668
20241209,17,21.5,26.5,20.5
20241209,18,21.5,28.0,22.0
20241209,19,21.5,30.25,21.0
20241209,20,21.5,26.83333333333333,20.166666666666668
20241209,21,21.5,27.5,21.5
20241209,22,21.5,22.25,29.75
20241209,23,21.5,16.5,24.5
20241210,0,21.5,19.5,24.33333333333333
20241210,1,21.5,20.125,26.0
20241210,2,21.5,33.0,18.0
20241210,3,21.5,19.75,20.75
20241210,4,21.5,30.75,24.0
20241210,5,21.5,20.33333333333333,17.166666666666668
20241210,6,21.5,30.0,26.33333333333333
20241210,7,21.5,23.857142857142858,22.428571428571427
20241210,8,21.5,26.285714285714285,24.857142857142858
20241210,9,21.5,26.33333333333333,22.33333333333333
20241210,10,21.5,29.0,23.75
20241210,11,21.5,29.25,23.5
20241210,12,21.5,26.5,25.25
20241210,13,21.5,25.5,23.0
20241210,14,21.5,26.428571428571427,22.571428571428573
20241210,15,21.5,25.272727272727277,22.545454545454547
20241210,16,28.0,22.33333333333333,21.666666666666668
20241210,17,28.0,23.5,19.75
20241210,18,28.0,27.0,18.33333333333333
20241210,19,28.0,29.0,22.75
20241210,20,28.0,32.0,21.75
20241210,21,28.0,25.75,23.25
20241210,22,28.0,20.285714285714285,21.857142857142858
20241210,23,28.0,23.0,23.285714285714285
20241211,0,28.0,23.166666666666668,25.666666666666668
20241211,1,28.0,22.428571428571427,14.857142857142858
20241211,2,28.0,27.375,20.375
20241211,3,28.0,33.0,17.75
20241211,4,28.0,31.5,18.0
20241211,5,28.0,24.5,20.166666666666668
20241211,6,28.0,22.0,18.666666666666668
20241211,7,28.0,25.75,19.0
20241211,8,28.0,25.0,21.33333333333333
20241211,9,28.0,26.571428571428573,21.0
20241211,10,28.0,26.285714285714285,20.571428571428573
20241211,11,28.0,28.0,22.5
20241211,12,28.0,22.25,23.5
20241211,13,28.0,22.75,23.75
20241211,14,28.0,24.25,21.5
20241211,15,28.0,24.666666666666668,21.0
20241211,16,28.0,23.33333333333333,21.0
20241211,17,28.0,24.285714285714285,19.714285714285715
20241211,18,28.0,23.6,20.8
20241211,19,28.0,29.25,20.0
20241211,20,28.0,28.5,19.75
20241211,21,28.0,24.25,23.0
20241211,22,28.0,20.25,25.25
20241211,23,28.0,21.25,27.5
20241212,0,28.0,19.666666666666668,24.666666666666668
20241212,1,28.0,26.285714285714285,26.714285714285715
20241212,2,28.0,26.25,24.125
20241212,3,28.0,27.6,21.6
20241212,4,28.0,24.75,23.5
20241212,5,28.0,25.5,24.33333333333333
20241212,6,28.0,29.0,20.666666666666668
20241212,7,28.0,28.0,24.0
20241212,8,28.0,25.0,23.666666666666668
20241212,9,28.0,27.714285714285715,22.857142857142858
20241212,10,28.0,23.625,22.375
20241212,11,28.0,28.0,23.0
20241212,12,28.0,22.75,22.75
20241212,13,28.0,24.5,23.0
20241212,14,28.0,26.5,22.5
20241212,15,28.0,25.166666666666668,23.0
20241212,16,28.0,24.75,24.75
20241212,17,28.0,26.714285714285715,21.0
20241212,18,28.0,27.571428571428573,20.571428571428573
20241212,19,28.0,29.5,19.75
20241212,20,28.0,33.25,21.75
20241212,21,24.5,23.75,22.0
20241212,22,21.0,18.75,25.75
20241212,23,21.0,19.0,30.25
20241213,0,21.0,22.5,20.5
20241213,1,21.0,27.714285714285715,20.285714285714285
20241213,2,21.0,24.0,20.0
20241213,3,21.0,30.6,21.6
20241213,4,21.0,23.75,17.0
20241213,5,21.0,20.83333333333333,23.0
20241213,6,21.0,22.33333333333333,23.666666666666668
20241213,7,21.0,20.0,21.75
20241213,8,21.0,25.33333333333333,24.33333333333333
20241213,9,21.0,27.0,22.0
20241213,10,21.0,26.875,22.375
20241213,11,21.0,25.0,23.875
20241213,12,21.0,25.5,21.0
20241213,13,21.0,26.75,23.25
20241213,14,21.0,23.75,23.75
20241213,15,21.0,25.666666666666668,22.666666666666668
20241213,16,21.0,23.33333333333333,21.666666666666668
20241213,17,21.0,23.5,18.75
20241213,18,21.0,26.0,18.5
20241213,19,21.0,27.285714285714285,20.142857142857142
20241213,20,21.0,30.666666666666668,20.666666666666668
20241213,21,21.0,27.5,22.75
20241213,22,21.0,20.0,24.5
20241213,23,21.0,18.75,22.75
20241214,0,21.0,23.33333333333333,23.33333333333333
20241214,1,21.0,27.166666666666668,28.0
20241214,2,21.0,24.875,23.5
20241214,3,21.0,16.833333333333332,21.33333333333333
20241214,4,21.0,23.75,20.75
20241214,5,21.0,28.6,29.4
20241214,6,21.0,22.25,19.75
20241214,7,21.0,26.0,18.33333333333333
20241214,8,21.0,19.25,23.75
20241214,9,21.0,18.0,20.0
20241214,10,21.0,21.0,19.571428571428573
20241214,11,21.0,23.5,21.25
20241214,12,21.0,25.166666666666668,22.5
20241214,13,21.0,28.75,21.75
20241214,14,21.0,26.5,25.0
20241214,15,21.0,27.33333333333333,24.5
20241214,16,21.0,25.666666666666668,26.33333333333333
20241214,17,21.0,26.0,22.5
20241214,18,21.0,26.0,23.0
20241214,19,21.0,24.83333333333333,26.666666666666668
20241214,20,21.0,26.5,23.25
20241214,21,21.0,19.5,22.166666666666668
20241214,22,21.0,26.0,22.75
20241214,23,21.0,23.75,26.0
20241215,0,21.0,27.33333333333333,28.33333333333333
20241215,1,21.0,29.166666666666668,22.83333333333333
20241215,2,21.0,28.375,19.25
20241215,3,21.0,31.0,25.142857142857142
20241215,4,21.0,17.0,11.25
20241215,5,21.0,20.83333333333333,23.33333333333333
20241215,6,21.0,19.666666666666668,24.33333333333333
20241215,7,21.0,18.0,26.25
20241215,8,21.0,23.0,30.666666666666668
20241215,9,21.0,21.0,23.75
20241215,10,21.0,18.25,22.75
20241215,11,21.0,23.5,24.75
20241215,12,21.0,23.375,23.25
20241215,13,21.0,26.0,22.25
20241215,14,21.0,23.0,22.0
20241215,15,21.0,27.5,21.5
20241215,16,21.0,28.25,21.5
20241215,17,21.0,27.666666666666668,24.0
20241215,18,21.0,27.5,21.5
20241215,19,21.0,31.666666666666668,23.0
20241215,20,21.0,29.33333333333333,25.33333333333333
20241215,21,21.0,24.142857142857142,25.0
20241215,22,21.0,30.0,25.571428571428573
20241215,23,21.0,19.25,29.0
20241216,0,21.0,27.166666666666668,27.33333333333333
20241216,1,21.0,27.166666666666668,22.0
20241216,2,21.0,23.875,20.75
20241216,3,21.0,26.5,22.375
20241216,4,21.0,31.75,18.75
20241216,5,21.0,24.33333333333333,27.5
20241216,6,21.0,25.33333333333333,19.666666666666668
20241216,7,21.0,23.75,25.0
20241216,8,21.0,32.0,23.0
20241216,9,21.0,27.5,22.25
20241216,10,21.0,26.5,23.75
20241216,11,21.0,24.666666666666668,23.666666666666668
20241216,12,21.0,25.5,24.625
20241216,13,21.0,26.142857142857142,23.285714285714285
20241216,14,21.0,25.0,23.5
20241216,15,21.0,26.5,21.5
20241216,16,21.0,22.33333333333333,23.666666666666668
20241216,17,21.0,19.75,20.75
20241216,18,21.0,24.33333333333333,21.666666666666668
20241216,19,21.0,31.5,20.0
20241216,20,21.0,29.75,20.75
20241216,21,21.0,25.428571428571427,21.571428571428573
20241216,22,21.0,22.125,24.625
20241216,23,21.0,19.8,26.4
20241217,0,21.0,26.83333333333333,24.5
20241217,1,21.0,30.5,18.75
20241217,2,21.0,26.75,22.0
20241217,3,21.0,33.875,27.125
20241217,4,21.0,34.75,21.0
20241217,5,21.0,27.0,33.333333333333336
20241217,6,21.0,24.5,27.0
20241217,7,21.0,27.666666666666668,21.0
20241217,8,21.0,30.25,25.5
20241217,9,21.0,28.0,23.33333333333333
20241217,10,21.0,29.25,22.0
20241217,11,21.0,26.5,24.33333333333333
20241217,12,21.0,26.5,23.125
20241217,13,21.0,27.0,23.0
20241217,14,21.0,26.25,23.75
20241217,15,21.0,23.83333333333333,21.166666666666668
20241217,16,21.0,23.0,22.0
20241217,17,21.0,25.25,19.0
20241217,18,21.0,25.0,18.33333333333333
20241217,19,21.0,26.25,19.75
20241217,20,21.0,29.25,23.5
20241217,21,21.0,20.0,23.666666666666668
20241217,22,21.0,19.375,22.75
20241217,23,21.0,21.857142857142858,26.428571428571427
20241218,0,21.0,24.666666666666668,23.666666666666668
20241218,1,21.0,29.5,22.25
20241218,2,21.0,25.714285714285715,22.142857142857142
20241218,3,21.0,27.875,21.75
20241218,4,21.0,33.2,31.0
20241218,5,21.0,29.2,23.0
20241218,6,21.0,27.5,25.75
20241218,7,21.0,24.666666666666668,24.33333333333333
20241218,8,21.0,24.5,20.25
20241218,9,21.0,27.33333333333333,20.0
20241218,10,21.0,29.5,21.0
20241218,11,21.0,24.25,22.5
20241218,12,21.0,24.125,23.0
20241218,13,21.0,25.5,23.625
20241218,14,21.0,25.5,23.83333333333333
20241218,15,21.0,25.166666666666668,23.5
20241218,16,21.0,18.0,22.0
20241218,17,21.0,25.25,18.0
20241218,18,21.0,27.0,17.666666666666668
20241218,19,21.0,28.5,19.75
20241218,20,21.0,23.75,21.5
20241218,21,21.0,25.25,22.75
20241218,22,21.0,19.428571428571427,21.857142857142858
20241218,23,21.0,19.875,25.125
20241219,0,21.0,23.5,22.666666666666668
20241219,1,21.0,29.2,26.0
20241219,2,21.0,27.125,23.5
20241219,3,21.0,27.875,21.375
20241219,4,21.0,27.4,27.2
20241219,5,21.0,15.4,28.4
20241219,6,21.0,27.5,30.5
20241219,7,21.0,23.0,23.0
20241219,8,21.0,28.75,21.0
20241219,9,21.0,28.0,21.0
20241219,10,21.0,25.25,24.0
20241219,11,21.0,27.25,23.25
20241219,12,21.0,25.571428571428573,23.0
20241219,13,21.0,25.875,23.5
20241219,14,21.0,23.33333333333333,24.0
20241219,15,21.0,24.666666666666668,21.166666666666668
20241219,16,21.0,23.25,20.0
20241219,17,21.0,20.33333333333333,19.0
20241219,18,21.0,22.75,19.0
20241219,19,21.0,26.33333333333333,20.0
20241219,20,21.0,25.25,20.0
20241219,21,21.0,29.5,26.0
20241219,22,21.0,24.0,24.25
20241219,23,21.0,26.75,23.25
20241220,0,21.0,21.166666666666668,22.5
20241220,1,21.0,24.0,21.75
20241220,2,21.0,20.25,23.0
20241220,3,21.0,25.25,22.25
20241220,4,21.0,26.83333333333333,22.0
20241220,5,21.0,23.545454545454547,25.90909090909091
20241220,6,21.0,28.571428571428573,22.857142857142858
20241220,7,21.0,25.714285714285715,26.0
20241220,8,21.0,26.857142857142858,22.285714285714285
20241220,9,21.0,24.5,22.166666666666668
20241220,10,21.0,25.25,21.25
20241220,11,21.0,22.75,21.0
20241220,12,21.0,26.5,21.0
20241220,13,21.0,27.0,22.0
20241220,14,21.0,24.75,21.75
20241220,15,21.0,24.33333333333333,22.666666666666668
20241220,16,21.0,22.666666666666668,22.0
20241220,17,21.0,21.25,19.0
20241220,18,21.0,20.666666666666668,22.33333333333333
20241220,19,21.0,27.0,20.25
20241220,20,21.0,32.5,20.75
20241220,21,21.0,28.75,22.25
20241220,22,21.0,21.75,22.75
20241220,23,21.0,22.25,24.75
20241221,0,21.0,22.0,23.666666666666668
20241221,1,21.0,26.0,26.25
20241221,2,21.0,26.0,21.25
20241221,3,21.0,21.75,25.25
20241221,4,21.0,21.75,24.25
20241221,5,21.0,20.2,18.2
20241221,6,21.0,25.857142857142858,21.428571428571427
20241221,7,21.0,20.714285714285715,23.285714285714285
20241221,8,21.0,22.0,21.857142857142858
20241221,9,21.0,18.142857142857142,22.0
20241221,10,21.0,21.25,23.625
20241221,11,21.0,23.8,25.6
20241221,12,21.0,23.75,25.25
20241221,13,21.0,22.75,22.5
20241221,14,21.0,16.25,23.0
20241221,15,21.0,26.5,22.83333333333333
20241221,16,21.0,26.666666666666668,24.33333333333333
20241221,17,21.0,25.5,24.0
20241221,18,21.0,21.33333333333333,22.666666666666668
20241221,19,21.0,28.25,24.5
20241221,20,21.0,24.25,23.75
20241221,21,21.0,21.5,23.0
20241221,22,21.0,27.25,19.0
20241221,23,21.0,23.5,23.5
20241222,0,21.0,26.33333333333333,29.166666666666668
20241222,1,21.0,28.0,23.5
20241222,2,21.0,25.5,18.5
20241222,3,21.0,27.5,22.75
20241222,4,21.0,27.5,23.75
20241222,5,21.0,26.88888888888889,19.55555555555556
20241222,6,21.0,21.285714285714285,26.571428571428573
20241222,7,21.0,31.571428571428573,19.142857142857142
20241222,8,21.0,22.857142857142858,21.0
20241222,9,21.0,17.857142857142858,21.857142857142858
20241222,10,21.0,19.25,24.25
20241222,11,21.0,23.125,25.5
20241222,12,21.0,26.0,24.2
20241222,13,21.0,29.75,24.5
20241222,14,21.0,32.0,21.75
20241222,15,21.0,26.33333333333333,23.666666666666668
20241222,16,21.0,26.666666666666668,24.0
20241222,17,21.0,31.0,23.0
20241222,18,21.0,27.666666666666668,24.0
20241222,19,21.0,25.75,22.5
20241222,20,21.0,26.25,24.0
20241222,21,21.0,24.25,25.5
20241222,22,21.0,21.75,23.25
20241222,23,21.0,21.75,22.75
20241223,0,21.0,26.83333333333333,24.166666666666668
20241223,1,21.0,31.75,25.25
20241223,2,21.0,37.0,26.25
20241223,3,21.0,37.5,18.75
20241223,4,21.0,22.25,24.25
20241223,5,21.0,26.0,26.166666666666668
20241223,6,21.0,28.0,26.0
20241223,7,21.0,29.428571428571427,25.285714285714285
20241223,8,21.0,30.285714285714285,25.857142857142858
20241223,9,21.0,28.714285714285715,23.0
20241223,10,21.0,28.875,22.875
20241223,11,21.0,25.125,24.0
20241223,12,21.0,25.25,23.125
20241223,13,21.0,26.166666666666668,24.166666666666668
20241223,14,21.0,25.5,23.0
20241223,15,21.0,26.5,22.666666666666668
20241223,16,21.0,22.5,22.5
20241223,17,21.0,23.0,20.666666666666668
20241223,18,21.0,21.5,18.0
20241223,19,21.0,29.0,20.0
20241223,20,21.0,31.75,25.0
20241223,21,21.0,22.25,24.75
20241223,22,21.0,18.0,25.0
20241223,23,21.0,18.5,22.0
20241224,0,21.0,21.0,24.33333333333333
20241224,1,21.0,25.0,21.25
20241224,2,21.0,24.75,20.75
20241224,3,21.0,24.75,21.5
20241224,4,21.0,22.0,28.25
20241224,5,21.0,27.166666666666668,24.83333333333333
20241224,6,21.0,18.0,24.33333333333333
20241224,7,21.0,25.0,20.75
20241224,8,21.0,22.33333333333333,23.666666666666668
20241224,9,21.0,25.142857142857142,23.142857142857142
20241224,10,21.0,26.5,22.75
20241224,11,21.0,25.5,22.75
20241224,12,21.0,27.375,22.875
20241224,13,21.0,28.125,22.0
20241224,14,21.0,23.375,23.25
20241224,15,21.0,21.08333333333333,23.0
20241224,16,21.0,19.571428571428573,21.285714285714285
20241224,17,21.0,20.4,20.0
20241224,18,21.0,13.5,19.75
20241224,19,21.0,26.33333333333333,21.33333333333333
20241224,20,21.0,31.25,20.5
20241224,21,21.0,28.75,22.25
20241224,22,21.0,23.5,21.5
20241224,23,21.0,22.0,23.0
20241225,0,21.0,23.0,28.166666666666668
20241225,1,21.0,21.0,28.5
20241225,2,21.0,25.25,30.25
20241225,3,21.0,22.75,12.5
20241225,4,21.0,17.25,25.5
20241225,5,21.0,30.666666666666668,23.5
20241225,6,21.0,32.5,25.25
20241225,7,21.0,19.33333333333333,29.0
20241225,8,21.0,22.25,21.0
20241225,9,21.0,18.0,17.0
20241225,10,21.0,24.6,21.2
20241225,11,21.0,26.0,24.625
20241225,12,21.0,23.25,24.875
20241225,13,21.0,27.625,23.875
20241225,14,21.0,22.375,23.25
20241225,15,21.0,25.25,22.58333333333333
20241225,16,21.0,25.857142857142858,24.0
20241225,17,21.0,27.571428571428573,23.428571428571427
20241225,18,21.0,28.571428571428573,29.0
20241225,19,21.0,30.714285714285715,25.428571428571427
20241225,20,21.0,26.5,23.5
20241225,21,21.0,20.25,27.75
20241225,22,21.0,25.875,20.125
20241225,23,20.0625,26.125,30.125
20241226,0,19.5,30.83333333333333,27.0
20241226,1,19.5,30.0,23.25
20241226,2,19.5,32.0,26.0
20241226,3,19.5,25.5,27.5
20241226,4,19.5,31.0,24.25
20241226,5,19.5,26.33333333333333,23.666666666666668
20241226,6,19.5,20.5,26.25
20241226,7,19.5,18.33333333333333,19.0
20241226,8,19.5,24.0,19.25
20241226,9,19.5,31.0,21.0
20241226,10,19.5,28.0,21.75
20241226,11,19.5,23.75,23.5
20241226,12,19.5,26.0,23.0
20241226,13,19.5,25.75,23.0
20241226,14,19.5,26.0,23.25
20241226,15,19.5,28.166666666666668,23.33333333333333
20241226,16,19.5,28.25,21.0
20241226,17,19.5,23.0,19.33333333333333
20241226,18,19.5,22.0,20.5
20241226,19,19.5,25.5,21.0
20241226,20,19.5,29.375,19.625
20241226,21,19.5,27.2,20.0
20241226,22,19.5,20.5,21.0
20241226,23,19.5,21.5,25.0
20241227,0,19.5,22.166666666666668,20.666666666666668
20241227,1,19.5,20.75,25.75
20241227,2,19.5,30.0,22.6
20241227,3,19.5,23.125,21.625
20241227,4,19.5,18.5,21.75
20241227,5,19.5,26.2,23.4
20241227,6,19.5,23.75,24.75
20241227,7,19.5,24.0,22.666666666666668
20241227,8,19.5,24.666666666666668,23.0
20241227,9,19.5,26.166666666666668,22.83333333333333
20241227,10,19.5,27.25,21.25
20241227,11,19.5,24.25,23.0
20241227,12,19.5,24.25,23.0
20241227,13,19.5,23.75,23.75
20241227,14,19.5,25.125,21.875
20241227,15,19.5,23.666666666666668,21.0
20241227,16,19.5,24.5,19.0
20241227,17,19.5,22.33333333333333,19.33333333333333
20241227,18,19.5,21.2,17.8
20241227,19,19.5,28.285714285714285,19.714285714285715
20241227,20,19.5,29.25,19.25
20241227,21,19.5,26.75,20.75
20241227,22,19.5,22.75,26.25
20241227,23,19.5,23.2,24.4
20241228,0,19.5,25.166666666666668,26.166666666666668
20241228,1,19.5,26.0,24.75
20241228,2,19.5,25.285714285714285,21.142857142857142
20241228,3,19.5,23.33333333333333,15.166666666666666
20241228,4,19.5,29.75,19.25
20241228,5,19.5,25.0,19.0
20241228,6,19.5,11.0,21.25
20241228,7,19.5,21.714285714285715,23.0
20241228,8,19.5,18.5,22.75
20241228,9,19.875,21.25,25.0
20241228,10,21.0,21.0,25.0
20241228,11,21.0,25.0,20.0
20241228,12,21.0,24.0,21.0
20241228,13,21.0,25.25,22.25
20241228,14,21.0,23.75,21.75
20241228,15,21.0,22.0,19.166666666666668
20241228,16,21.0,25.285714285714285,21.285714285714285
20241228,17,21.0,25.4,20.2
20241228,18,21.0,25.0,22.666666666666668
20241228,19,21.0,27.5,22.5
20241228,20,21.0,25.5,22.0
20241228,21,21.0,21.714285714285715,24.285714285714285
20241228,22,21.0,23.0,25.5
20241228,23,19.875,18.5,28.75
20241229,0,19.5,23.83333333333333,24.5
20241229,1,19.5,31.0,30.25
20241229,2,19.5,24.125,22.5
20241229,3,19.5,25.75,24.25
20241229,4,19.5,18.5,22.0
20241229,5,19.5,31.666666666666668,17.333333333333332
20241229,6,19.5,18.142857142857142,21.428571428571427
20241229,7,19.5,19.5,20.75
20241229,8,19.5,23.75,18.0
20241229,9,19.5,19.33333333333333,22.666666666666668
20241229,10,19.5,21.75,21.0
20241229,11,19.5,21.125,21.625
20241229,12,19.5,21.75,26.5
20241229,13,19.5,24.25,23.0
20241229,14,19.5,24.25,22.0
20241229,15,19.5,25.3,23.0
20241229,16,19.5,24.75,23.25
20241229,17,19.5,23.666666666666668,24.0
20241229,18,19.5,23.25,24.5
20241229,19,19.5,31.0,21.0
20241229,20,19.5,28.5,21.875
20241229,21,19.5,18.0,33.333333333333336
20241229,22,19.5,25.25,25.0
20241229,23,19.5,30.75,26.75
20241230,0,19.5,28.5,21.83333333333333
20241230,1,19.5,31.0,21.5
20241230,2,19.5,29.75,25.75
20241230,3,19.5,30.75,22.25
20241230,4,19.5,32.5,19.75
20241230,5,19.5,20.4,22.0
20241230,6,19.5,21.142857142857142,22.0
20241230,7,19.5,23.25,21.75
20241230,8,19.5,27.666666666666668,25.33333333333333
20241230,9,19.5,27.5,24.25
20241230,10,19.5,25.75,24.75
20241230,11,19.5,24.571428571428573,23.142857142857142
20241230,12,19.75,24.75,21.75
20241230,13,20.0,25.25,22.0
20241230,14,20.0,25.0,21.25
20241230,15,20.0,23.2,24.1
20241230,16,21.0,26.0,23.666666666666668
20241230,17,21.0,26.0,19.75
20241230,18,21.0,28.33333333333333,19.0
20241230,19,21.0,31.666666666666668,18.83333333333333
20241230,20,21.0,31.0,19.5
20241230,21,21.0,28.0,24.5
20241230,22,21.0,21.75,28.0
20241230,23,21.0,27.0,26.2
20241231,0,21.0,26.0,22.666666666666668
20241231,1,21.0,20.8,23.4
20241231,2,21.0,28.5,14.5
20241231,3,21.0,23.25,23.5
20241231,4,21.0,25.25,26.75
20241231,5,21.0,28.428571428571427,19.571428571428573
20241231,6,21.0,20.0,22.0
20241231,7,21.0,27.666666666666668,26.33333333333333
20241231,8,21.0,27.5,24.25
20241231,9,21.0,25.0,21.0
20241231,10,21.0,25.428571428571427,21.142857142857142
20241231,11,21.0,22.83333333333333,24.166666666666668
20241231,12,21.0,23.5,22.5
20241231,13,21.0,26.75,23.0
20241231,14,21.0,25.166666666666668,23.166666666666668
20241231,15,21.0,25.571428571428573,21.571428571428573
20241231,16,21.0,25.25,20.5
20241231,17,21.0,28.0,20.33333333333333
20241231,18,21.0,29.666666666666668,20.33333333333333
20241231,19,21.0,29.75,21.75
20241231,20,20.875,31.5,21.5
20241231,21,20.5,24.0,22.0
20241231,22,20.5,20.8,26.2
20241231,23,20.5,21.5,26.0
