해당일,시간대,압구정로11길,잠원로상단,잠원로하단
20230701,0,21.0,24.333333333333332,26.25
20230701,1,21.0,31.0,24.0
20230701,2,19.5,27.5,26.5
20230701,3,19.5,28.25,26.5
20230701,4,19.5,28.5,24.25
20230701,5,19.5,18.0,18.0
20230701,6,19.5,27.571428571428573,26.142857142857142
20230701,7,19.5,27.428571428571427,25.714285714285715
20230701,8,19.5,13.5,27.5
20230701,10,19.5,19.125,19.875
20230701,11,19.5,21.625,20.0
20230701,12,19.5,24.5,20.75
20230701,13,19.5,27.5,21.5
20230701,14,20.0625,25.625,21.875
20230701,15,21.0,22.3,22.4
20230701,17,21.0,20.5,24.0
20230701,18,21.0,26.285714285714285,20.142857142857142
20230701,19,20.857142857142858,28.142857142857142,20.714285714285715
20230701,21,20.5,24.8,24.4
20230701,22,21.0,23.0,22.25
20230701,23,21.0,27.666666666666668,24.666666666666668
20230702,0.0,21.0,28.5,25.666666666666668
20230702,1.0,21.0,26.0,26.0
20230702,2.0,19.5,29.75,19.0
20230702,3.0,19.5,28.375,25.5
20230702,4.0,19.5,24.714285714285715,26.142857142857142
20230702,5.0,19.5,23.0,25.0
20230702,6.0,19.5,33.42857142857143,22.142857142857142
20230702,7.0,19.5,25.571428571428573,26.0
20230702,8.0,19.5,24.0,22.333333333333332
20230702,10.0,21.0,22.75,22.25
20230702,11.0,20.25,24.375,22.875
20230702,12.0,19.5,25.666666666666668,21.666666666666668
20230702,13.0,19.5,23.5,24.5
20230702,14.0,20.5,24.75,20.25
20230702,15.0,20.25,28.333333333333332,24.11111111111111
20230702,17.0,19.5,29.0,21.833333333333332
20230702,18.0,20.428571428571427,27.714285714285715,22.571428571428573
20230702,19.0,22.0,32.0,21.333333333333332
20230702,21.0,22.0,25.166666666666668,25.5
20230702,22.0,21.0,24.625,25.5
20230702,23.0,21.0,28.8,25.4
,,20.6,,
20230703,0.0,21.0,33.833333333333336,26.833333333333332
20230703,1.0,20.5,35.0,29.0
20230703,2.0,21.0,31.0,22.75
20230703,3.0,21.0,28.875,23.875
20230703,4.0,21.0,25.285714285714285,23.0
20230703,5.0,21.0,24.0,14.5
20230703,6.0,21.0,24.714285714285715,20.571428571428573
20230703,7.0,21.0,24.285714285714285,23.571428571428573
20230703,8.0,21.0,25.0,22.666666666666668
20230703,10.0,21.0,28.625,21.375
20230703,11.0,21.0,26.875,21.125
20230703,12.0,21.0,24.333333333333332,19.666666666666668
20230703,13.0,21.0,27.666666666666668,21.333333333333332
20230703,14.0,21.0,25.75,21.0
20230703,15.0,21.0,28.444444444444443,20.22222222222222
20230703,17.0,21.0,25.0,19.142857142857142
20230703,18.0,21.0,26.142857142857142,19.0
20230703,19.0,21.0,30.2,19.6
20230703,21.0,21.0,27.714285714285715,21.571428571428573
20230703,22.0,21.0,22.625,21.75
20230703,23.0,21.0,21.75,23.75
,,21.0,,
,,21.0,,
20230704,0.0,21.0,21.75,24.166666666666668
20230704,1.0,21.0,27.0,27.0
20230704,2.0,21.0,29.75,28.0
20230704,3.0,20.5,28.5,20.0
20230704,4.0,20.857142857142858,27.857142857142858,21.857142857142858
20230704,5.0,21.0,22.0,22.0
20230704,6.0,21.0,26.428571428571427,22.857142857142858
20230704,7.0,21.0,25.428571428571427,23.714285714285715
20230704,8.0,21.0,27.333333333333332,23.666666666666668
20230704,9.0,21.0,26.0,24.0
20230704,10.0,21.0,25.625,21.75
20230704,11.0,21.0,26.625,21.125
20230704,12.0,21.0,28.0,23.5
20230704,13.0,21.0,24.0,22.333333333333332
20230704,14.0,21.0,25.25,22.125
20230704,15.0,21.0,24.75,20.125
20230704,16.0,21.0,22.0,19.0
20230704,17.0,21.0,25.285714285714285,19.0
20230704,18.0,21.0,27.571428571428573,18.142857142857142
20230704,19.0,21.0,28.2,19.0
20230704,21.0,21.0,25.625,20.25
20230704,22.0,21.0,27.25,25.25
20230704,23.0,21.0,24.0,24.666666666666668
,,21.0,,
20230705,0,20.5,21.333333333333332,23.25
20230705,1,20.5,28.0,25.0
20230705,2,20.5,25.5,17.0
20230705,3,20.5,32.5,18.125
20230705,4,21.0,36.285714285714285,17.714285714285715
20230705,5,21.0,25.0,26.666666666666668
20230705,6,21.0,22.0,20.571428571428573
20230705,7,21.0,18.714285714285715,19.714285714285715
20230705,8,21.0,23.5,22.0
20230705,9,21.0,21.0,14.0
20230705,10,21.0,27.25,22.0
20230705,11,21.0,25.25,21.75
20230705,12,21.0,25.0,22.5
20230705,13,21.0,25.0,24.5
20230705,14,21.0,22.75,22.125
20230705,15,21.0,25.857142857142858,22.571428571428573
20230705,16,21.0,25.0,22.0
20230705,17,21.0,21.285714285714285,21.142857142857142
20230705,18,21.0,24.428571428571427,20.714285714285715
20230705,19,21.0,26.0,20.5
20230705,20,21.0,30.0,19.0
20230705,21,21.0,30.25,23.625
20230705,22,21.0,22.0,23.125
20230705,23,21.0,23.5,31.5
20230706,0,21.0,28.5,23.25
20230706,1,21.0,31.0,25.0
20230706,2,21.0,22.75,16.75
20230706,3,21.0,34.25,24.5
20230706,4,21.0,26.0,24.714285714285715
20230706,5,21.0,21.0,23.666666666666668
20230706,6,21.0,22.857142857142858,18.0
20230706,7,20.571428571428573,25.0,21.0
20230706,8,19.5,21.0,22.0
20230706,9,19.5,28.5,22.5
20230706,10,19.5,25.875,20.25
20230706,11,19.5,25.125,21.25
20230706,12,19.5,22.0,21.0
20230706,13,20.7,26.5,22.5
20230706,14,21.0,23.625,20.75
20230706,15,21.0,23.714285714285715,22.714285714285715
20230706,16,21.0,23.5,21.0
20230706,17,21.0,27.857142857142858,20.857142857142858
20230706,18,21.0,26.0,20.142857142857142
20230706,19,21.0,27.666666666666668,18.333333333333332
20230706,20,21.0,31.5,21.5
20230706,21,21.0,26.125,20.875
20230706,22,21.375,19.75,20.625
20230706,23,22.0,21.0,30.0
20230707,0,20.5,22.666666666666668,22.0
20230707,1,20.5,28.0,19.0
20230707,2,21.0,30.6,21.75
20230707,3,21.0,27.125,23.25
20230707,4,21.0,28.0,22.666666666666668
20230707,5,21.0,24.0,13.666666666666666
20230707,6,21.0,26.714285714285715,24.428571428571427
20230707,7,21.0,28.714285714285715,25.857142857142858
20230707,8,21.0,23.5,24.5
20230707,9,21.0,26.5,20.0
20230707,10,21.0,25.625,22.375
20230707,11,21.0,25.875,23.875
20230707,12,21.0,26.0,24.0
20230707,13,21.0,27.4,21.8
20230707,14,20.25,25.625,22.0
20230707,15,19.5,29.333333333333332,22.166666666666668
20230707,16,19.5,23.0,21.333333333333332
20230707,17,19.5,24.142857142857142,18.714285714285715
20230707,18,19.714285714285715,22.0,19.714285714285715
20230707,19,21.0,22.0,20.0
20230707,20,21.0,31.0,18.0
20230707,21,20.8125,26.875,19.625
20230707,22,21.0,24.125,20.875
20230708,0,21.0,24.166666666666668,25.416666666666668
20230708,1,21.0,31.0,29.0
20230708,2,21.0,34.0,25.2
20230708,3,21.0,26.75,27.375
20230708,4,21.0,23.0,22.833333333333332
20230708,5,21.0,30.0,19.333333333333332
20230708,6,21.0,18.571428571428573,19.714285714285715
20230708,7,21.0,22.857142857142858,17.714285714285715
20230708,8,21.0,22.0,27.0
20230708,9,21.0,21.0,22.5
20230708,10,21.0,22.625,20.5
20230708,11,21.0,24.875,19.75
20230708,13,21.0,25.0,19.2
20230708,14,21.0,26.75,20.75
20230708,15,21.0,26.4,21.6
20230708,16,21.0,22.666666666666668,20.333333333333332
20230708,17,21.0,25.428571428571427,23.428571428571427
20230708,18,21.0,26.0,22.428571428571427
20230708,19,21.0,25.0,22.0
20230708,20,21.375,27.666666666666668,22.0
20230708,21,21.0,22.5,22.0
20230708,22,21.0,20.857142857142858,22.0
20230709,0,21.0,23.916666666666668,21.416666666666668
20230709,1,21.0,26.0,31.0
20230709,2,21.0,32.2,26.8
20230709,3,21.0,28.75,28.375
20230709,4,20.25,35.0,23.666666666666668
20230709,5,19.5,18.5,25.5
20230709,6,19.5,22.857142857142858,21.142857142857142
20230709,7,19.5,16.571428571428573,22.285714285714285
20230709,8,19.5,23.0,31.0
20230709,9,19.5,20.666666666666668,19.666666666666668
20230709,10,19.5,21.25,23.25
20230709,11,19.5,19.625,24.625
20230709,13,19.5,23.166666666666668,21.5
20230709,14,19.5,25.75,24.375
20230709,15,19.5,24.0,22.0
20230709,16,21.0,25.75,23.75
20230709,17,21.0,32.714285714285715,23.714285714285715
20230709,18,21.0,34.714285714285715,22.714285714285715
20230709,20,21.0,27.0,23.25
20230709,21,20.4375,23.75,23.625
20230709,22,19.5,23.666666666666668,25.333333333333332
20230710,0.0,21.0,35.083333333333336,30.333333333333332
20230710,1.0,21.0,30.0,20.0
20230710,2.0,21.0,27.2,31.2
20230710,3.0,21.0,15.375,28.25
20230710,4.0,21.0,21.833333333333332,24.833333333333332
20230710,5.0,21.0,19.5,19.0
20230710,6.0,21.0,26.142857142857142,22.714285714285715
20230710,7.0,21.0,27.0,25.714285714285715
20230710,9.0,21.0,29.333333333333332,19.333333333333332
20230710,10.0,21.0,26.5,20.5
20230710,11.0,21.0,24.428571428571427,23.142857142857142
20230710,13.0,21.0,28.428571428571427,23.571428571428573
20230710,14.0,21.0,25.5,24.0
20230710,15.0,21.0,26.75,22.5
20230710,16.0,21.0,26.2,24.8
20230710,17.0,21.0,25.428571428571427,20.714285714285715
20230710,18.0,21.0,27.142857142857142,19.285714285714285
20230710,20.0,21.0,36.0,20.0
20230710,21.0,21.0,27.125,21.0
20230710,22.0,27.6,20.0,22.4
,,21.0,,
20230711,0,21.0,27.333333333333332,27.75
20230711,1,21.0,21.0,18.0
20230711,2,21.0,31.6,29.2
20230711,3,21.0,24.5,23.875
20230711,4,21.0,28.833333333333332,22.0
20230711,5,21.0,27.75,29.0
20230711,6,21.0,25.714285714285715,22.0
20230711,7,21.0,26.285714285714285,21.142857142857142
20230711,9,21.0,26.75,17.5
20230711,10,21.0,22.75,22.25
20230711,11,21.0,24.285714285714285,23.0
20230711,13,21.0,27.142857142857142,23.428571428571427
20230711,14,21.0,23.5,22.75
20230711,15,21.0,22.666666666666668,23.0
20230711,16,21.0,22.8,18.8
20230711,17,21.0,29.714285714285715,18.857142857142858
20230711,18,21.0,25.333333333333332,17.833333333333332
20230711,20,21.0,32.0,21.166666666666668
20230711,21,21.0,29.75,22.875
20230711,22,21.0,27.2,22.4
20230711,23,21.0,21.0,17.0
20230712,0,21.0,24.0,24.583333333333332
20230712,1,21.0,29.0,21.0
20230712,2,21.0,35.6,29.0
20230712,3,21.0,33.375,28.75
20230712,4,21.0,34.6,27.4
20230712,5,21.0,19.25,25.25
20230712,6,21.0,22.428571428571427,32.142857142857146
20230712,7,21.0,23.0,20.857142857142858
20230712,9,21.0,25.25,22.5
20230712,10,21.0,29.625,22.875
20230712,11,21.0,28.166666666666668,24.666666666666668
20230712,13,21.0,27.428571428571427,23.0
20230712,14,21.0,24.5,22.25
20230712,15,21.0,23.0,22.0
20230712,16,22.0,25.833333333333332,23.666666666666668
20230712,17,22.0,25.428571428571427,21.0
20230712,18,22.0,22.0,18.4
20230712,20,21.0,28.714285714285715,19.142857142857142
20230712,21,21.0,26.5,22.625
20230712,22,21.0,24.25,23.75
20230712,23,21.0,29.0,39.0
20230713,0.0,21.0,25.5,23.666666666666668
20230713,1.0,21.0,39.0,24.0
20230713,2.0,21.0,24.4,21.0
20230713,3.0,21.0,27.125,23.625
20230713,4.0,21.0,31.0,24.8
20230713,5.0,21.0,27.0,22.4
20230713,6.0,21.0,26.142857142857142,21.428571428571427
20230713,7.0,21.0,25.714285714285715,23.0
20230713,9.0,21.0,26.5,23.75
20230713,10.0,21.0,24.875,23.25
20230713,11.0,21.0,25.0,22.5
20230713,13.0,21.0,25.375,22.625
20230713,14.0,21.0,23.875,23.125
20230713,15.0,21.0,21.5,23.0
20230713,16.0,21.0,22.0,21.428571428571427
20230713,17.0,21.0,25.857142857142858,20.857142857142858
20230713,18.0,21.0,22.8,19.2
20230713,20.0,21.0,34.0,19.714285714285715
20230713,21.0,21.0,25.75,21.875
20230713,22.0,21.0,21.333333333333332,18.666666666666668
20230713,23.0,21.0,19.666666666666668,23.0
,,21.0,,
20230714,0,21.0,23.0,21.416666666666668
20230714,1,21.0,35.0,17.0
20230714,2,21.0,25.0,30.0
20230714,3,21.0,27.875,27.25
20230714,4,21.0,35.0,24.2
20230714,5,21.0,26.0,35.0
20230714,6,21.0,20.25,24.25
20230714,7,21.0,28.833333333333332,21.166666666666668
20230714,8,21.0,26.166666666666668,22.166666666666668
20230714,9,21.0,26.0,25.0
20230714,10,21.0,30.0,22.0
20230714,11,21.0,29.5,24.5
20230714,12,21.0,22.5,23.0
20230714,13,21.0,24.2,23.2
20230714,14,25.5,24.5,26.0
20230714,15,30.0,24.0,24.0
20230714,16,24.0,25.666666666666668,23.666666666666668
20230714,17,21.0,28.5,21.5
20230714,18,21.0,24.0,20.0
20230714,19,21.0,26.857142857142858,19.142857142857142
20230714,20,21.0,26.125,19.875
20230714,21,21.0,24.0,22.0
20230714,22,21.0,21.0,21.75
20230714,23,21.0,21.5,27.125
20230715,0.0,21.0,20.75,26.916666666666668
20230715,1.0,21.0,25.0,25.0
20230715,2.0,21.0,39.8,21.2
20230715,3.0,21.0,31.875,21.25
20230715,4.0,21.0,25.2,22.0
20230715,5.0,21.0,30.0,17.2
20230715,6.0,21.0,23.857142857142858,15.0
20230715,7.0,21.0,21.5,20.5
20230715,9.0,21.0,20.8,22.4
20230715,10.0,21.0,22.125,18.75
20230715,11.0,21.0,24.0,22.2
20230715,13.0,21.0,24.75,23.0
20230715,14.0,21.0,26.125,21.375
20230715,15.0,21.0,26.0,20.0
20230715,16.0,21.0,24.2,21.2
20230715,17.0,21.0,25.714285714285715,21.285714285714285
20230715,18.0,21.0,27.166666666666668,22.833333333333332
20230715,20.0,21.0,23.4,22.8
20230715,21.0,21.0,25.875,22.25
20230715,22.0,21.0,26.8,20.6
20230715,23.0,21.0,32.0,32.0
,,21.0,,
20230716,0,21.0,30.363636363636363,26.0
20230716,1,21.0,35.0,28.5
20230716,2,21.0,27.0,22.75
20230716,3,21.0,27.625,20.375
20230716,4,21.0,24.333333333333332,19.666666666666668
20230716,5,21.0,33.0,22.25
20230716,6,21.0,25.0,19.142857142857142
20230716,7,21.0,26.285714285714285,23.428571428571427
20230716,9,21.0,28.25,23.5
20230716,10,21.0,24.0,26.125
20230716,11,21.0,26.833333333333332,22.833333333333332
20230716,12,21.0,22.0,27.0
20230716,13,21.0,26.75,26.5
20230716,14,21.0,27.25,23.75
20230716,15,21.0,26.5,20.5
20230716,16,21.0,26.428571428571427,23.857142857142858
20230716,17,21.0,26.0,22.857142857142858
20230716,18,21.0,25.0,24.666666666666668
20230716,19,21.0,35.0,25.0
20230716,20,21.0,28.5,22.25
20230716,21,21.0,24.125,25.875
20230716,22,21.0,27.0,24.0
20230716,23,21.0,28.25,27.0
20230717,0.0,21.0,30.75,23.666666666666668
20230717,1.0,21.0,36.0,20.0
20230717,2.0,21.0,29.0,28.0
20230717,3.0,21.0,22.166666666666668,25.666666666666668
20230717,4.0,21.0,31.833333333333332,21.0
20230717,5.0,21.0,22.25,23.25
20230717,6.0,21.0,21.285714285714285,25.857142857142858
20230717,7.0,21.0,21.571428571428573,27.0
20230717,9.0,21.0,27.0,20.0
20230717,10.0,21.0,28.5,23.25
20230717,11.0,21.0,27.833333333333332,22.5
20230717,13.0,21.0,27.0,23.875
20230717,14.0,21.0,25.5,22.25
20230717,15.0,21.0,25.0,23.5
20230717,16.0,21.0,26.285714285714285,22.428571428571427
20230717,17.0,21.0,26.0,20.428571428571427
20230717,18.0,21.0,26.75,20.25
20230717,20.0,21.0,30.625,20.25
20230717,21.0,21.0,26.875,20.625
20230717,22.0,21.0,19.0,21.0
20230717,23.0,20.25,20.8,20.6
,,19.5,,
,,21.0,,
20230718,0.0,21.0,21.5,20.5
20230718,2.0,21.0,27.0,16.5
20230718,3.0,21.0,27.75,16.375
20230718,4.0,21.0,29.25,16.75
20230718,5.0,21.0,24.666666666666668,21.166666666666668
20230718,6.0,21.0,23.428571428571427,19.0
20230718,7.0,21.0,27.4,25.0
20230718,9.0,21.0,24.4,20.4
20230718,10.0,21.0,25.75,19.25
20230718,11.0,21.0,24.8,21.4
20230718,13.0,21.0,24.75,23.375
20230718,14.0,21.0,24.625,22.125
20230718,15.0,21.0,25.0,21.5
20230718,16.0,21.0,23.857142857142858,21.857142857142858
20230718,17.0,21.0,27.0,20.0
20230718,18.0,21.0,32.333333333333336,19.0
20230718,19.0,21.0,27.0,23.0
20230718,20.0,21.0,30.625,19.25
20230718,21.0,21.0,27.25,18.625
20230718,22.0,21.0,21.0,21.0
20230718,23.0,21.0,17.6,22.0
,,21.0,,
20230719,0,21.0,21.083333333333332,19.083333333333332
20230719,2,21.0,27.5,21.333333333333332
20230719,3,21.0,36.875,21.125
20230719,4,21.0,35.25,25.5
20230719,5,21.0,20.666666666666668,34.0
20230719,6,21.0,26.142857142857142,28.857142857142858
20230719,7,21.0,22.2,20.6
20230719,9,21.0,29.0,19.833333333333332
20230719,10,21.0,25.125,19.25
20230719,11,21.0,24.666666666666668,20.666666666666668
20230719,12,21.0,24.5,22.5
20230719,13,21.0,26.25,21.75
20230719,14,21.0,24.375,20.375
20230719,15,20.0,25.0,21.0
20230719,16,20.0,22.142857142857142,20.714285714285715
20230719,17,20.0,22.714285714285715,19.285714285714285
20230719,18,20.0,13.0,21.5
20230719,19,21.0,27.0,19.5
20230719,20,21.0,30.857142857142858,21.285714285714285
20230719,21,20.25,28.375,21.75
20230719,22,19.5,20.0,26.0
20230719,23,21.0,19.8,26.0
20230720,0.0,21.0,23.916666666666668,21.833333333333332
20230720,2.0,21.0,22.833333333333332,18.833333333333332
20230720,3.0,21.0,27.0,21.625
20230720,4.0,21.0,23.0,23.75
20230720,5.0,21.0,15.0,18.666666666666668
20230720,6.0,21.0,21.428571428571427,21.142857142857142
20230720,7.0,21.0,25.2,21.4
20230720,9.0,21.0,27.0,20.142857142857142
20230720,10.0,21.0,25.5,21.0
20230720,11.0,21.0,22.666666666666668,23.666666666666668
20230720,12.0,21.0,25.666666666666668,20.666666666666668
20230720,13.0,21.0,25.125,22.0
20230720,14.0,21.0,26.285714285714285,22.428571428571427
20230720,15.0,21.0,26.0,19.75
20230720,16.0,21.0,23.714285714285715,20.142857142857142
20230720,17.0,21.0,28.571428571428573,18.428571428571427
20230720,19.0,20.7,31.75,19.75
20230720,20.0,20.4375,32.0,18.875
20230720,21.0,21.333333333333332,28.0,20.166666666666668
20230720,23.0,21.0,26.285714285714285,23.428571428571427
,,21.0,,
20230721,0.0,21.0,24.0,23.75
20230721,2.0,21.0,27.333333333333332,15.666666666666666
20230721,3.0,21.0,28.5,24.0
20230721,4.0,21.0,30.571428571428573,23.428571428571427
20230721,5.0,21.0,26.0,17.0
20230721,6.0,21.0,21.857142857142858,23.571428571428573
20230721,7.0,21.0,24.857142857142858,26.285714285714285
20230721,9.0,21.0,26.75,23.5
20230721,10.0,21.0,24.75,22.0
20230721,11.0,21.0,23.666666666666668,21.166666666666668
20230721,13.0,21.0,25.571428571428573,22.571428571428573
20230721,14.0,21.0,25.0,21.571428571428573
20230721,15.0,21.0,23.0,23.0
20230721,16.0,21.0,23.166666666666668,20.0
20230721,17.0,21.0,21.166666666666668,18.833333333333332
20230721,18.0,20.666666666666668,22.5,18.833333333333332
20230721,20.0,20.0,31.166666666666668,21.166666666666668
20230721,21.0,21.0,27.875,20.875
20230721,22.0,21.0,23.0,22.0
20230721,23.0,21.0,21.333333333333332,25.0
,,21.0,,
20230722,0.0,21.0,23.25,20.416666666666668
20230722,2.0,21.0,24.666666666666668,22.5
20230722,3.0,21.0,26.25,25.375
20230722,4.0,21.0,27.75,14.25
20230722,5.0,21.0,35.833333333333336,18.666666666666668
20230722,6.0,21.0,31.285714285714285,18.142857142857142
20230722,7.0,21.0,27.0,18.25
20230722,9.0,21.0,21.571428571428573,21.714285714285715
20230722,10.0,21.0,17.25,16.25
20230722,11.0,21.0,19.0,19.0
20230722,12.0,21.0,25.75,21.75
20230722,13.0,21.0,24.125,21.25
20230722,14.0,21.0,26.166666666666668,21.5
20230722,15.0,21.0,29.0,21.0
20230722,16.0,21.0,26.857142857142858,21.428571428571427
20230722,17.0,21.0,26.166666666666668,23.333333333333332
20230722,19.0,21.0,31.0,21.2
20230722,20.0,21.0,26.875,19.125
20230722,21.0,20.0625,22.0,26.8
20230722,23.0,19.5,24.571428571428573,22.0
,,20.375,,
20230723,0.0,20.0,28.545454545454547,24.454545454545453
20230723,1.0,20.0,37.0,33.0
20230723,2.0,20.0,25.0,23.333333333333332
20230723,3.0,20.4375,27.625,20.5
20230723,4.0,20.5,25.0,21.285714285714285
20230723,5.0,20.5,23.0,16.0
20230723,6.0,20.5,22.857142857142858,23.0
20230723,7.0,20.5,23.428571428571427,26.285714285714285
20230723,8.0,20.5,21.5,23.5
20230723,9.0,20.5,15.0,35.0
20230723,10.0,20.5,20.875,25.125
20230723,11.0,20.5,22.285714285714285,23.0
20230723,13.0,20.5,27.142857142857142,23.285714285714285
20230723,14.0,20.8125,26.75,21.25
20230723,15.0,21.0,28.0,19.666666666666668
20230723,16.0,19.928571428571427,31.0,25.428571428571427
20230723,17.0,21.0,27.714285714285715,21.0
20230723,18.0,21.0,28.0,26.75
20230723,20.0,21.0,26.75,19.75
20230723,21.0,21.0,19.5,22.375
20230723,22.0,21.0,18.0,16.0
20230723,23.0,21.0,27.6,29.4
,,21.0,,
20230724,0.0,21.0,31.5,26.75
20230724,2.0,21.0,28.666666666666668,21.833333333333332
20230724,3.0,21.0,26.75,22.25
20230724,4.0,21.0,32.5,31.75
20230724,5.0,21.0,24.428571428571427,24.714285714285715
20230724,6.0,21.0,24.857142857142858,24.142857142857142
20230724,7.0,21.0,26.75,22.0
20230724,9.0,21.0,28.571428571428573,20.857142857142858
20230724,10.0,21.0,25.25,22.0
20230724,11.0,21.0,22.5,22.0
20230724,12.0,21.0,26.0,22.5
20230724,13.0,21.0,27.0,24.25
20230724,14.0,21.0,26.857142857142858,22.857142857142858
20230724,16.0,21.0,27.75,23.0
20230724,17.0,21.0,28.0,21.0
20230724,18.0,21.0,27.8,19.2
20230724,19.0,21.0,28.5,18.75
20230724,21.0,21.0,25.714285714285715,21.142857142857142
20230724,22.0,21.0,21.166666666666668,25.333333333333332
20230724,23.0,21.0,23.4,24.6
,,20.75,,
,,20.7,,
20230725,0,21.0,23.166666666666668,19.666666666666668
20230725,3,21.0,28.857142857142858,16.571428571428573
20230725,4,21.0,22.0,21.625
20230725,5,21.0,26.0,17.5
20230725,6,21.0,28.428571428571427,24.571428571428573
20230725,7,21.0,31.142857142857142,23.285714285714285
20230725,8,21.0,33.25,22.75
20230725,9,21.0,30.0,22.0
20230725,10,21.0,29.285714285714285,21.428571428571427
20230725,11,21.0,25.375,22.125
20230725,12,21.0,25.0,23.5
20230725,13,21.0,26.0,22.25
20230725,14,21.0,24.0,22.625
20230725,15,21.0,26.8,23.0
20230725,16,21.0,23.75,21.0
20230725,17,21.0,24.428571428571427,20.142857142857142
20230725,18,21.0,29.833333333333332,19.666666666666668
20230725,20,21.0,29.833333333333332,20.5
20230725,21,21.0,28.5,21.25
20230725,22,21.0,26.333333333333332,23.0
20230725,23,20.5,20.0,21.333333333333332
20230726,0,20.875,18.333333333333332,21.25
20230726,2,21.0,23.5,22.0
20230726,3,21.0,26.875,18.5
20230726,4,21.0,29.666666666666668,18.666666666666668
20230726,5,21.0,26.0,20.714285714285715
20230726,6,21.0,28.428571428571427,32.714285714285715
20230726,7,21.0,25.75,28.75
20230726,8,21.0,27.0,18.0
20230726,9,21.0,27.857142857142858,19.571428571428573
20230726,10,21.0,25.75,19.375
20230726,11,21.0,30.0,19.0
20230726,12,21.0,29.25,20.5
20230726,13,21.0,26.875,21.125
20230726,14,20.333333333333332,25.333333333333332,20.0
20230726,15,20.0,24.4,20.2
20230726,16,20.0,24.571428571428573,19.857142857142858
20230726,17,20.083333333333332,24.666666666666668,18.166666666666668
20230726,19,21.0,29.75,19.75
20230726,20,21.0,30.25,20.375
20230726,21,21.0,28.8,19.2
20230726,22,21.0,22.0,24.0
20230726,23,20.4375,21.0,23.875
20230727,0.0,19.5,29.916666666666668,25.583333333333332
20230727,2.0,21.0,31.0,23.833333333333332
20230727,3.0,21.0,27.0,28.0
20230727,4.0,21.0,27.666666666666668,31.333333333333332
20230727,5.0,21.0,22.571428571428573,25.571428571428573
20230727,6.0,21.0,25.285714285714285,21.285714285714285
20230727,7.0,21.0,28.666666666666668,28.333333333333332
20230727,8.0,21.0,30.0,22.0
20230727,9.0,21.0,29.0,21.714285714285715
20230727,10.0,21.0,25.625,19.125
20230727,11.0,21.0,26.0,18.0
20230727,12.0,21.0,25.0,21.8
20230727,13.0,21.3125,22.875,22.125
20230727,14.0,21.0,20.25,20.75
20230727,15.0,21.0,23.333333333333332,20.333333333333332
20230727,16.0,21.0,25.571428571428573,21.571428571428573
20230727,17.0,20.625,21.25,18.75
20230727,19.0,21.0,28.0,18.714285714285715
20230727,20.0,21.0,30.125,21.0
20230727,21.0,21.0,39.0,20.333333333333332
20230727,22.0,21.0,19.75,22.0
20230727,23.0,21.0,22.142857142857142,22.0
,,21.285714285714285,,
20230728,0,21.833333333333332,24.666666666666668,23.5
20230728,2,19.5,33.6,20.8
20230728,3,19.5,30.875,22.75
20230728,4,19.5,29.25,18.25
20230728,5,19.5,26.666666666666668,20.666666666666668
20230728,6,19.5,25.5,19.5
20230728,7,19.5,24.4,21.6
20230728,8,19.5,30.6,27.0
20230728,10,21.0,26.428571428571427,21.285714285714285
20230728,11,21.0,25.375,21.5
20230728,12,21.0,23.0,26.0
20230728,13,21.0,29.166666666666668,23.166666666666668
20230728,14,21.0,27.0,21.0
20230728,15,21.0,24.0,22.0
20230728,16,21.0,22.857142857142858,22.0
20230728,17,21.0,25.142857142857142,21.142857142857142
20230728,18,21.0,26.5,19.5
20230728,19,21.0,30.333333333333332,20.333333333333332
20230728,20,21.0,30.5,20.875
20230728,21,21.0,31.0,20.8
20230728,22,21.0,23.333333333333332,24.0
20230728,23,21.0,22.875,22.625
20230729,0.0,21.0,23.181818181818183,28.636363636363637
20230729,2.0,21.0,22.125,21.125
20230729,3.0,21.0,36.25,25.0
20230729,5.0,21.0,33.36363636363637,20.818181818181817
20230729,6.0,21.0,27.4,23.2
20230729,7.0,21.0,28.0,44.0
20230729,8.0,21.0,27.285714285714285,24.571428571428573
20230729,9.0,21.0,21.285714285714285,20.857142857142858
20230729,10.0,21.0,20.0,21.0
20230729,11.0,21.0,22.166666666666668,20.833333333333332
20230729,12.0,21.857142857142858,24.5,20.5
20230729,13.0,23.0,27.0,19.0
20230729,14.0,23.0,26.0,20.6
20230729,15.0,23.0,30.1,20.3
20230729,17.0,23.0,29.714285714285715,23.285714285714285
20230729,18.0,21.0,25.857142857142858,22.857142857142858
20230729,19.0,21.0,27.0,18.0
20230729,20.0,21.0,22.5,20.25
20230729,21.0,21.0,21.75,25.75
20230729,22.0,21.0,23.75,24.5
20230729,23.0,21.0,28.75,28.0
,,21.0,,
20230730,0,21.0,26.4,23.8
20230730,1,21.0,20.0,24.0
20230730,2,21.0,29.666666666666668,19.0
20230730,3,21.0,31.142857142857142,21.142857142857142
20230730,4,21.0,30.666666666666668,28.0
20230730,5,21.0,29.0,14.75
20230730,6,21.0,28.166666666666668,27.5
20230730,7,21.0,24.333333333333332,26.0
20230730,9,21.0,23.666666666666668,23.166666666666668
20230730,10,21.0,24.25,22.125
20230730,11,21.0,25.0,23.0
20230730,12,21.0,28.666666666666668,22.166666666666668
20230730,13,21.0,26.125,21.75
20230730,14,21.0,28.5,18.0
20230730,15,21.0,25.22222222222222,22.88888888888889
20230730,16,21.0,25.833333333333332,21.833333333333332
20230730,18,21.0,29.666666666666668,22.333333333333332
20230730,19,21.571428571428573,32.142857142857146,22.571428571428573
20230730,20,22.5,29.666666666666668,23.0
20230730,21,21.0,21.0,25.2
20230730,22,21.0,23.875,25.125
20230730,23,21.0,27.333333333333332,27.0
20230731,0.0,21.0,26.90909090909091,26.181818181818183
20230731,2.0,21.0,25.25,23.375
20230731,3.0,21.0,26.285714285714285,27.0
20230731,5.0,21.0,27.916666666666668,17.416666666666668
20230731,6.0,21.0,22.75,22.5
20230731,7.0,21.0,31.0,28.0
20230731,8.0,21.0,27.714285714285715,24.428571428571427
20230731,9.0,21.0,26.714285714285715,21.857142857142858
20230731,11.0,21.0,25.714285714285715,20.428571428571427
20230731,12.0,21.0,27.5,21.0
20230731,14.0,21.0,25.857142857142858,23.428571428571427
20230731,15.0,21.0,21.666666666666668,21.88888888888889
20230731,16.0,21.0,26.5,20.5
20230731,17.0,21.0,28.0,20.571428571428573
20230731,18.0,21.0,30.857142857142858,19.142857142857142
20230731,20.0,21.0,32.833333333333336,19.5
20230731,21.0,21.0,25.375,19.125
20230731,22.0,21.0,18.0,20.0
20230731,23.0,21.0,18.5,30.833333333333332
,,21.0,,
,,21.642857142857142,,
20230801,0.0,21.40909090909091,26.363636363636363,28.0
20230801,2.0,21.0,27.0,25.25
20230801,3.0,21.0,19.285714285714285,30.571428571428573
20230801,5.0,21.0,22.0,18.8
20230801,6.0,21.0,27.2,24.0
20230801,7.0,21.0,22.0,20.0
20230801,9.0,21.0,27.857142857142858,20.857142857142858
20230801,10.0,21.0,25.5,21.75
20230801,11.0,21.0,24.0,24.0
20230801,12.0,21.0,26.833333333333332,23.333333333333332
20230801,13.0,21.0,26.625,22.125
20230801,14.0,21.0,24.0,26.0
20230801,15.0,20.5,24.428571428571427,22.857142857142858
20230801,16.0,20.0,25.2,22.8
20230801,17.0,20.75,26.0,25.0
20230801,19.0,21.0,26.25,22.0
20230801,20.0,21.0,32.333333333333336,19.333333333333332
20230801,21.0,21.0,30.8,23.0
20230801,23.0,20.75,20.857142857142858,23.0
,,20.666666666666668,,
,,21.4,,
,,21.0,,
,,21.0,,
20230802,0,21.0,24.0,22.4
20230802,1,21.0,25.0,24.0
20230802,2,21.0,24.25,23.25
20230802,3,21.0,26.5,22.5
20230802,4,21.0,24.0,17.666666666666668
20230802,5,21.0,15.833333333333334,34.5
20230802,6,21.0,23.428571428571427,35.42857142857143
20230802,7,21.0,21.5,24.5
20230802,8,21.0,29.333333333333332,22.666666666666668
20230802,9,21.0,28.571428571428573,22.428571428571427
20230802,10,21.0,24.5,20.833333333333332
20230802,11,21.0,20.5,20.5
20230802,12,21.0,26.0,23.0
20230802,13,20.833333333333332,25.166666666666668,22.666666666666668
20230802,14,19.5,23.0,21.5
20230802,15,19.5,22.166666666666668,20.833333333333332
20230802,16,19.5,27.0,22.0
20230802,17,19.5,24.25,19.25
20230802,18,19.5,27.571428571428573,19.142857142857142
20230802,19,19.5,28.0,18.0
20230802,20,21.0,34.0,19.0
20230802,21,21.0,26.75,23.625
20230802,22,21.0,23.166666666666668,26.333333333333332
20230802,23,21.0,19.0,29.0
20230803,0.0,21.0,24.0,23.90909090909091
20230803,1.0,21.0,17.0,33.0
20230803,2.0,20.625,26.125,21.125
20230803,3.0,20.0,24.285714285714285,25.0
20230803,5.0,20.0,23.833333333333332,23.583333333333332
20230803,6.0,20.0,35.666666666666664,20.666666666666668
20230803,7.0,20.0,27.5,20.5
20230803,8.0,20.0,25.857142857142858,24.857142857142858
20230803,9.0,20.0,30.0,22.666666666666668
20230803,11.0,20.0,27.0,22.5
20230803,12.0,20.0,24.428571428571427,22.142857142857142
20230803,14.0,20.0,22.625,24.625
20230803,15.0,20.0,23.428571428571427,23.142857142857142
20230803,16.0,21.0,24.0,23.0
20230803,17.0,21.0,27.142857142857142,22.142857142857142
20230803,18.0,26.142857142857142,27.571428571428573,19.285714285714285
20230803,20.0,30.0,29.5,19.0
20230803,21.0,30.0,26.571428571428573,22.285714285714285
20230803,22.0,30.0,21.0,20.5
20230803,23.0,30.0,23.333333333333332,19.0
,,26.142857142857142,,
,,21.0,,
,,21.0,,
20230807,0,21.0,24.545454545454547,26.272727272727273
20230807,1,21.0,28.0,20.0
20230807,2,21.0,26.875,31.75
20230807,3,21.0,32.166666666666664,26.666666666666668
20230807,4,21.0,26.0,17.0
20230807,5,21.0,32.083333333333336,16.416666666666668
20230807,6,21.0,36.5,17.5
20230807,7,21.0,30.0,26.0
20230807,8,21.0,31.285714285714285,26.142857142857142
20230807,9,21.0,30.75,23.5
20230807,10,21.0,24.0,20.0
20230807,11,21.0,24.0,21.25
20230807,12,21.0,22.0,22.8
20230807,13,21.0,26.666666666666668,23.0
20230807,14,21.0,27.625,22.625
20230807,15,21.0,27.0,22.5
20230807,16,21.0,23.666666666666668,22.333333333333332
20230807,17,21.0,27.571428571428573,20.0
20230807,18,21.0,31.5,19.0
20230807,19,21.0,34.75,20.25
20230807,20,21.0,34.75,22.0
20230807,21,21.0,34.333333333333336,22.333333333333332
20230807,22,21.0,20.0,27.0
20230807,23,21.0,20.875,22.0
20230808,0.0,21.0,27.09090909090909,21.636363636363637
20230808,1.0,19.5,27.0,23.0
20230808,2.0,19.5,32.375,24.875
20230808,3.0,19.5,35.0,16.166666666666668
20230808,4.0,19.5,27.0,26.5
20230808,5.0,19.833333333333332,23.0,24.75
20230808,6.0,21.5,25.0,27.0
20230808,7.0,21.5,24.0,26.25
20230808,8.0,21.5,27.285714285714285,23.142857142857142
20230808,9.0,21.5,25.5,21.0
20230808,10.0,21.0,24.0,21.0
20230808,11.0,21.0,25.5,21.75
20230808,12.0,21.0,24.5,23.0
20230808,14.0,21.0,25.875,22.375
20230808,15.0,21.0,24.428571428571427,19.428571428571427
20230808,17.0,21.0,23.857142857142858,19.714285714285715
20230808,18.0,23.0,26.0,17.714285714285715
20230808,19.0,22.714285714285715,21.0,20.0
20230808,20.0,21.0,34.5,20.0
20230808,21.0,21.0,27.714285714285715,21.428571428571427
20230808,22.0,20.75,22.5,18.0
20230808,23.0,20.428571428571427,28.0,26.333333333333332
,,20.0,,
,,20.0,,
20230809,0.0,20.818181818181817,27.181818181818183,23.181818181818183
20230809,2.0,21.0,26.875,21.125
20230809,3.0,21.0,22.571428571428573,15.714285714285714
20230809,4.0,21.0,9.0,16.0
20230809,5.0,21.0,26.083333333333332,22.75
20230809,6.0,21.0,20.5,30.5
20230809,7.0,21.0,26.25,25.75
20230809,8.0,21.0,30.285714285714285,22.142857142857142
20230809,9.0,21.0,30.5,22.5
20230809,10.0,21.0,23.5,19.5
20230809,11.0,21.0,23.75,22.25
20230809,12.0,21.0,22.8,22.2
20230809,13.0,21.0,26.333333333333332,22.333333333333332
20230809,14.0,21.0,26.375,22.125
20230809,15.0,21.0,25.25,22.0
20230809,16.0,21.0,23.833333333333332,21.833333333333332
20230809,17.0,21.0,25.0,20.285714285714285
20230809,18.0,21.0,23.5,19.5
20230809,19.0,21.0,33.0,20.5
20230809,20.0,21.0,31.0,19.5
20230809,21.0,21.0,28.4,21.4
20230809,22.0,21.0,20.0,21.666666666666668
20230809,23.0,21.5,22.75,23.5
,,21.125,,
20230810,0,21.0,23.272727272727273,24.363636363636363
20230810,1,21.0,38.0,16.0
20230810,2,21.0,21.375,18.5
20230810,3,21.0,27.0,29.5
20230810,4,21.0,24.0,21.0
20230810,5,21.0,28.25,23.916666666666668
20230810,6,21.0,19.0,18.0
20230810,7,21.0,30.0,26.0
20230810,8,21.0,27.4,18.0
20230810,9,21.0,25.833333333333332,21.0
20230810,10,21.0,30.333333333333332,22.666666666666668
20230810,11,20.0,25.5,22.5
20230810,12,20.0,26.0,23.0
20230810,13,20.0,28.333333333333332,22.666666666666668
20230810,14,20.0,24.5,22.0
20230810,15,20.90909090909091,26.363636363636363,23.454545454545453
20230810,16,21.0,20.5,23.5
20230810,17,20.5,28.5,19.0
20230810,18,20.5,27.666666666666668,18.333333333333332
20230810,19,20.5,30.857142857142858,19.571428571428573
20230810,21,21.0,26.857142857142858,18.714285714285715
20230810,22,21.0,21.4,22.6
20230810,23,21.0,20.666666666666668,21.333333333333332
20230811,0,21.0,20.88888888888889,18.88888888888889
20230811,1,21.0,26.0,18.0
20230811,3,21.0,28.5,33.0
20230811,4,21.0,31.8,24.8
20230811,5,21.0,33.0,26.375
20230811,6,21.0,28.0,18.0
20230811,7,21.0,28.833333333333332,22.833333333333332
20230811,8,21.0,28.166666666666668,23.5
20230811,9,21.0,27.5,21.5
20230811,10,21.0,24.0,21.666666666666668
20230811,11,21.0,21.625,19.875
20230811,12,21.0,23.0,20.5
20230811,13,21.0,24.5,21.0
20230811,14,21.0,24.25,25.25
20230811,15,21.0,27.25,22.5
20230811,16,21.0,25.142857142857142,22.0
20230811,17,21.0,20.714285714285715,18.714285714285715
20230811,19,21.0,29.6,17.4
20230811,20,21.0,29.5,21.375
20230811,21,21.0,33.0,21.0
20230811,22,21.0,20.333333333333332,20.333333333333332
20230811,23,21.0,24.875,24.875
20230812,0,19.95,27.0,27.4
20230812,1,19.5,20.0,17.0
20230812,2,19.5,24.5,18.75
20230812,3,19.5,26.166666666666668,21.666666666666668
20230812,4,19.5,25.0,16.0
20230812,5,19.5,20.5,13.833333333333334
20230812,6,19.5,15.0,18.0
20230812,8,19.5,23.4,21.8
20230812,9,19.5,22.571428571428573,20.857142857142858
20230812,10,19.5,20.666666666666668,20.666666666666668
20230812,11,19.5,24.0,21.4
20230812,12,19.5,25.125,21.125
20230812,13,19.5,27.0,19.5
20230812,14,19.5,20.666666666666668,23.666666666666668
20230812,15,19.5,24.0,23.555555555555557
20230812,16,19.5,23.0,23.0
20230812,17,20.571428571428573,26.571428571428573,22.428571428571427
20230812,18,21.0,29.428571428571427,21.142857142857142
20230812,20,21.0,26.0,25.5
20230812,21,21.0,23.0,23.714285714285715
20230812,22,21.0,25.333333333333332,24.166666666666668
20230812,23,21.0,31.0,29.0
20230813,0.0,21.0,26.9,26.6
20230813,2.0,20.5,25.875,23.5
20230813,3.0,20.8125,25.166666666666668,20.833333333333332
20230813,5.0,21.0,28.916666666666668,25.916666666666668
20230813,6.0,21.0,21.333333333333332,17.0
20230813,7.0,21.0,17.333333333333332,26.333333333333332
20230813,8.0,21.0,19.571428571428573,23.857142857142858
20230813,9.0,21.0,26.0,21.4
20230813,11.0,21.0,24.25,23.5
20230813,12.0,21.0,28.571428571428573,23.714285714285715
20230813,13.0,21.0,42.0,21.0
20230813,14.0,21.0,30.714285714285715,22.857142857142858
20230813,15.0,21.0,32.0,23.714285714285715
20230813,16.0,21.0,28.0,15.0
20230813,17.0,21.0,29.571428571428573,20.428571428571427
20230813,18.0,20.285714285714285,32.0,21.571428571428573
20230813,20.0,21.0,27.0,23.75
20230813,21.0,21.0,24.0,27.333333333333332
20230813,22.0,21.0,26.8,28.6
20230813,23.0,21.0,22.0,33.0
,,21.0,,
,,21.4,,
,,20.5,,
20230814,0,20.5,33.4,27.2
20230814,1,20.5,25.0,21.0
20230814,2,20.5,21.125,25.625
20230814,3,20.5,32.0,27.8
20230814,4,20.5,28.5,44.0
20230814,5,20.5,27.083333333333332,23.75
20230814,7,20.5,27.6,24.4
20230814,8,20.5,27.0,24.714285714285715
20230814,9,20.5,30.5,26.5
20230814,10,20.5,25.75,23.25
20230814,11,21.0,27.625,23.5
20230814,12,21.0,22.0,20.0
20230814,13,21.0,25.25,20.75
20230814,14,21.0,26.875,22.0
20230814,15,21.0,25.75,23.333333333333332
20230814,16,21.0,25.285714285714285,22.428571428571427
20230814,17,21.0,26.0,21.166666666666668
20230814,19,21.0,27.428571428571427,19.714285714285715
20230814,20,21.0,30.875,21.0
20230814,22,21.0,22.0,23.125
20230814,23,21.0,22.285714285714285,23.714285714285715
20230815,0.0,21.0,20.6,27.3
20230815,1.0,21.0,20.0,39.0
20230815,2.0,21.0,24.375,24.375
20230815,3.0,21.0,21.8,22.6
20230815,4.0,21.0,29.333333333333332,15.666666666666666
20230815,5.0,21.0,25.0,19.833333333333332
20230815,7.0,21.0,19.5,21.0
20230815,8.0,21.0,21.0,24.571428571428573
20230815,9.0,21.0,20.0,18.5
20230815,10.0,21.0,21.0,19.8
20230815,11.0,21.0,24.5,21.375
20230815,12.0,21.0,25.0,21.5
20230815,13.0,21.0,25.166666666666668,19.166666666666668
20230815,14.0,21.0,27.5,24.0
20230815,15.0,21.0,30.666666666666668,24.666666666666668
20230815,16.0,21.0,26.428571428571427,22.142857142857142
20230815,17.0,21.0,28.333333333333332,22.0
20230815,19.0,21.0,31.0,23.571428571428573
20230815,20.0,21.0,28.714285714285715,23.428571428571427
20230815,21.0,21.0,24.0,22.0
20230815,22.0,21.0,25.857142857142858,19.285714285714285
20230815,23.0,20.25,22.428571428571427,25.142857142857142
,,19.5,,
20230816,0,19.5,28.7,29.3
20230816,1,19.5,32.0,18.0
20230816,2,19.5,34.625,16.25
20230816,3,19.5,34.4,18.0
20230816,4,19.5,24.666666666666668,19.333333333333332
20230816,5,19.5,26.75,27.25
20230816,7,19.5,22.166666666666668,20.666666666666668
20230816,8,19.5,29.714285714285715,24.714285714285715
20230816,9,19.5,29.5,24.0
20230816,10,21.0,26.5,20.5
20230816,11,21.0,23.666666666666668,20.833333333333332
20230816,12,21.0,24.8,23.4
20230816,13,21.0,25.666666666666668,23.0
20230816,14,21.0,23.625,23.125
20230816,15,21.0,27.25,23.25
20230816,16,21.0,23.333333333333332,20.666666666666668
20230816,17,21.166666666666668,25.0,20.5
20230816,18,21.5,31.0,19.0
20230816,19,21.5,33.0,18.25
20230816,20,21.3125,29.5,18.75
20230816,21,21.0,29.0,20.0
20230816,22,21.0,24.4,22.2
20230816,23,21.0,22.375,25.75
20230817,0.0,20.7,26.8,23.5
20230817,1.0,21.0,23.0,23.5
20230817,2.0,21.0,21.428571428571427,19.142857142857142
20230817,3.0,21.0,24.666666666666668,21.666666666666668
20230817,4.0,21.0,27.5,24.5
20230817,5.0,21.0,22.166666666666668,23.916666666666668
20230817,6.0,21.0,26.0,24.0
20230817,7.0,21.0,25.4,23.4
20230817,8.0,21.0,27.428571428571427,22.857142857142858
20230817,9.0,21.0,24.0,25.0
20230817,10.0,21.0,22.75,22.5
20230817,11.0,21.0,23.285714285714285,21.571428571428573
20230817,12.0,21.0,28.333333333333332,21.333333333333332
20230817,13.0,20.7,25.6,23.6
20230817,14.0,20.125,23.75,22.375
20230817,15.0,20.0,24.5,23.0
20230817,16.0,20.0,26.142857142857142,21.142857142857142
20230817,17.0,20.0,28.333333333333332,20.666666666666668
20230817,19.0,21.0,27.428571428571427,18.571428571428573
20230817,20.0,21.0,29.571428571428573,20.571428571428573
20230817,21.0,20.714285714285715,28.0,28.0
20230817,22.0,21.0,23.5,26.75
20230817,23.0,21.0,23.0,28.333333333333332
,,21.0,,
20230818,0,21.0,25.0,19.0
20230818,1,21.0,26.4,23.8
20230818,2,21.0,23.0,16.0
20230818,3,20.5,27.166666666666668,18.666666666666668
20230818,4,20.5,34.25,25.875
20230818,5,20.5,29.5,21.5
20230818,6,20.5,20.0,21.0
20230818,7,20.5,18.8,20.2
20230818,8,20.5,25.0,23.0
20230818,9,20.5,25.285714285714285,21.571428571428573
20230818,10,20.5,29.166666666666668,20.833333333333332
20230818,11,20.5,25.5,23.0
20230818,12,21.0,25.5,22.25
20230818,13,21.0,24.8,21.2
20230818,14,21.0,28.333333333333332,22.0
20230818,15,21.0,26.09090909090909,20.636363636363637
20230818,17,21.0,24.0,17.0
20230818,18,21.0,22.0,19.714285714285715
20230818,19,21.0,24.0,21.0
20230818,20,21.0,30.5,21.666666666666668
20230818,21,21.0,27.875,21.75
20230818,22,21.0,16.0,18.0
20230818,23,21.0,21.142857142857142,25.142857142857142
20230819,0,21.0,21.5,24.9
20230819,1,21.0,13.0,24.0
20230819,2,21.0,17.0,19.25
20230819,3,21.0,12.2,28.0
20230819,4,21.0,28.0,21.333333333333332
20230819,5,21.0,29.90909090909091,20.09090909090909
20230819,7,21.0,18.285714285714285,23.142857142857142
20230819,8,21.0,20.285714285714285,22.571428571428573
20230819,9,21.0,23.0,16.0
20230819,10,21.0,21.8,16.0
20230819,11,21.0,23.875,20.75
20230819,12,21.0,24.0,21.0
20230819,13,21.0,27.142857142857142,22.285714285714285
20230819,14,21.0,25.75,23.25
20230819,15,21.0,30.0,22.333333333333332
20230819,16,21.0,26.0,21.714285714285715
20230819,17,21.0,25.0,21.0
20230819,18,21.0,28.5,22.5
20230819,19,21.0,25.0,20.142857142857142
20230819,20,21.0,22.666666666666668,22.833333333333332
20230819,21,21.0,20.5,21.5
20230819,22,21.0,23.5,22.75
20230819,23,21.0,27.25,28.5
20230820,0.0,21.0,22.1,22.5
20230820,1.0,21.0,26.5,24.0
20230820,2.0,21.0,26.75,20.875
20230820,3.0,21.0,22.8,18.4
20230820,4.0,21.0,56.333333333333336,20.333333333333332
20230820,5.0,21.0,32.18181818181818,18.0
20230820,7.0,21.0,22.571428571428573,28.0
20230820,8.0,21.0,26.142857142857142,26.142857142857142
20230820,9.0,21.0,25.0,34.0
20230820,10.0,21.0,25.833333333333332,21.0
20230820,11.0,21.0,30.25,23.0
20230820,13.0,21.0,28.5,20.875
20230820,14.0,21.0,25.666666666666668,20.833333333333332
20230820,15.0,21.0,24.2,22.4
20230820,16.0,21.0,28.857142857142858,22.714285714285715
20230820,17.0,21.0,28.333333333333332,22.333333333333332
20230820,18.0,21.0,31.333333333333332,20.0
20230820,19.0,20.0,33.142857142857146,22.857142857142858
20230820,20.0,20.0,27.0,22.75
20230820,21.0,20.5,23.75,19.25
20230820,22.0,21.0,26.875,22.625
20230820,23.0,21.0,31.333333333333332,24.333333333333332
,,21.0,,
20230821,0.0,21.0,29.2,24.5
20230821,1.0,19.5,19.0,25.5
20230821,2.0,19.875,32.0,28.0
20230821,3.0,20.5,25.8,26.8
20230821,4.0,20.5,35.666666666666664,16.0
20230821,5.0,20.5,25.181818181818183,22.454545454545453
20230821,7.0,20.5,29.571428571428573,18.428571428571427
20230821,8.0,20.5,25.857142857142858,19.428571428571427
20230821,10.0,20.5,30.428571428571427,22.285714285714285
20230821,11.0,21.0,26.25,23.625
20230821,13.0,21.0,29.125,23.125
20230821,14.0,21.0,26.0,23.333333333333332
20230821,15.0,21.0,27.666666666666668,20.5
20230821,16.0,21.0,25.0,19.428571428571427
20230821,17.0,20.5,27.5,21.5
20230821,18.0,21.0,28.75,18.5
20230821,19.0,21.0,28.428571428571427,19.571428571428573
20230821,20.0,20.6,32.666666666666664,18.333333333333332
20230821,21.0,20.5,28.0,21.0
20230821,22.0,20.5,25.0,21.0
20230821,23.0,21.0,28.0,14.0
,,21.0,,
,,21.0,,
20230822,0.0,21.0,21.3,24.1
20230822,1.0,21.0,28.0,26.0
20230822,2.0,21.0,25.375,19.25
20230822,3.0,21.0,31.0,19.0
20230822,4.0,21.0,35.25,23.0
20230822,5.0,21.0,33.90909090909091,22.727272727272727
20230822,7.0,21.0,24.714285714285715,26.714285714285715
20230822,8.0,21.0,23.285714285714285,25.428571428571427
20230822,10.0,21.0,29.0,21.285714285714285
20230822,11.0,21.0,28.5,20.875
20230822,13.0,21.0,28.25,25.125
20230822,14.0,21.0,24.5,23.666666666666668
20230822,15.0,21.0,24.333333333333332,19.333333333333332
20230822,16.0,21.0,26.0,19.142857142857142
20230822,17.0,21.0,19.0,19.0
20230822,18.0,21.0,33.2,19.2
20230822,19.0,21.0,28.571428571428573,18.142857142857142
20230822,20.0,21.0,33.0,22.333333333333332
20230822,21.0,20.857142857142858,21.0,21.666666666666668
20230822,22.0,21.0,18.0,20.0
20230822,23.0,21.0,25.0,21.0
,,21.0,,
,,21.0,,
20230823,0.0,20.0,27.5,21.6
20230823,1.0,20.0,34.5,39.0
20230823,2.0,20.0,35.125,24.625
20230823,3.0,20.0,21.0,30.25
20230823,4.0,21.0,23.0,29.0
20230823,5.0,21.0,32.18181818181818,28.454545454545453
20230823,7.0,21.0,26.0,21.857142857142858
20230823,8.0,21.0,28.428571428571427,21.0
20230823,10.0,21.0,25.428571428571427,20.285714285714285
20230823,11.0,21.0,21.857142857142858,22.142857142857142
20230823,12.0,21.0,23.0,22.0
20230823,13.0,21.0,18.375,22.0
20230823,14.0,21.0,20.5,21.5
20230823,15.0,21.0,24.857142857142858,21.0
20230823,16.0,21.0,22.285714285714285,21.571428571428573
20230823,17.0,21.0,19.0,21.0
20230823,18.0,21.0,25.0,19.2
20230823,19.0,21.0,26.571428571428573,20.0
20230823,20.0,19.714285714285715,28.0,19.0
20230823,21.0,19.5,20.8,18.8
20230823,22.0,21.0,19.625,22.375
20230823,23.0,21.0,18.0,31.0
,,21.0,,
20230824,0,21.0,25.6,25.3
20230824,1,21.0,23.5,22.5
20230824,2,21.0,30.25,24.375
20230824,3,21.0,24.0,18.75
20230824,4,21.0,26.25,22.75
20230824,5,21.0,30.3,27.2
20230824,7,21.0,24.5,20.333333333333332
20230824,8,21.0,26.285714285714285,21.571428571428573
20230824,9,21.0,26.0,21.5
20230824,10,21.0,27.6,22.2
20230824,11,21.0,26.875,23.25
20230824,12,21.0,27.0,25.0
20230824,13,20.9375,28.428571428571427,22.428571428571427
20230824,14,20.857142857142858,24.571428571428573,21.571428571428573
20230824,15,21.0,25.4,24.8
20230824,16,21.0,24.142857142857142,23.0
20230824,17,21.0,25.0,23.0
20230824,18,21.0,29.5,19.5
20230824,19,21.0,28.714285714285715,20.142857142857142
20230824,20,21.0,34.0,20.333333333333332
20230824,21,21.0,26.6,23.4
20230824,22,21.0,24.125,19.75
20230824,23,21.0,23.0,28.0
20230825,0,21.0,23.0,23.0
20230825,1,21.0,30.0,24.0
20230825,2,20.25,31.875,25.875
20230825,3,19.5,29.25,19.25
20230825,4,20.4,20.75,23.0
20230825,5,21.0,23.1,21.9
20230825,6,21.0,25.0,37.0
20230825,7,21.0,26.428571428571427,27.0
20230825,8,21.0,27.166666666666668,25.166666666666668
20230825,10,21.0,25.25,22.25
20230825,11,21.0,25.333333333333332,22.5
20230825,12,21.0,29.0,20.5
20230825,13,21.0,25.625,21.5
20230825,14,21.0,25.4,21.2
20230825,15,21.0,25.25,21.5
20230825,16,21.0,23.428571428571427,20.857142857142858
20230825,19,21.0,24.5,19.0
20230825,20,21.0,28.5,20.25
20230825,21,21.0,28.0,20.4
20230825,22,21.0,21.0,29.25
20230825,23,21.0,24.625,25.5
20230826,0.0,21.0,22.9,23.8
20230826,1.0,21.0,25.5,27.0
20230826,2.0,21.0,26.0,22.5
20230826,3.0,21.0,30.0,22.25
20230826,4.0,21.0,23.0,17.0
20230826,5.0,21.0,25.1,20.1
20230826,6.0,21.0,25.0,18.0
20230826,7.0,21.0,19.857142857142858,24.571428571428573
20230826,8.0,21.0,22.5,25.166666666666668
20230826,10.0,21.0,20.75,13.875
20230826,11.0,21.0,19.666666666666668,19.333333333333332
20230826,12.0,21.0,27.0,18.5
20230826,13.0,21.0,24.25,20.875
20230826,14.0,21.0,26.25,23.5
20230826,15.0,21.0,25.75,23.375
20230826,16.0,19.5,28.666666666666668,23.166666666666668
20230826,18.0,20.25,26.571428571428573,23.714285714285715
20230826,19.0,21.0,26.285714285714285,22.428571428571427
20230826,21.0,21.0,22.5,26.0
20230826,22.0,20.785714285714285,24.0,17.666666666666668
20230826,23.0,21.0,30.0,24.0
,,21.0,,
,,21.0,,
,,19.5,,
20230827,0.0,19.5,25.3,23.7
20230827,1.0,21.0,50.0,24.5
20230827,2.0,21.0,29.875,19.25
20230827,3.0,21.0,21.0,16.25
20230827,4.0,21.0,29.25,17.5
20230827,5.0,21.0,27.4,13.9
20230827,6.0,21.0,36.0,26.0
20230827,7.0,21.0,25.0,24.0
20230827,8.0,21.0,26.5,25.5
20230827,10.0,21.0,25.125,23.25
20230827,11.0,21.0,29.833333333333332,21.5
20230827,12.0,21.0,29.666666666666668,21.666666666666668
20230827,13.0,21.0,29.0,24.0
20230827,14.0,21.0,31.0,21.75
20230827,15.0,21.0,27.77777777777778,23.555555555555557
20230827,16.0,21.0,26.4,22.8
20230827,17.0,21.0,28.0,23.0
20230827,18.0,21.0,25.571428571428573,23.142857142857142
20230827,19.0,20.428571428571427,30.5,21.5
20230827,20.0,20.5,24.0,25.0
20230827,21.0,21.0,21.875,25.75
20230827,22.0,21.0,24.2,24.0
20230827,23.0,21.0,24.666666666666668,22.666666666666668
,,21.0,,
20230828,0,21.0,32.2,25.6
20230828,1,19.5,30.0,20.0
20230828,2,19.5,29.125,26.875
20230828,3,19.5,23.75,23.5
20230828,4,19.5,29.5,19.75
20230828,5,19.5,29.6,21.1
20230828,6,19.5,30.5,47.5
20230828,7,19.5,22.571428571428573,23.428571428571427
20230828,8,19.5,23.6,23.4
20230828,9,19.5,24.0,16.0
20230828,10,19.5,29.375,20.625
20230828,11,19.5,28.4,21.0
20230828,12,19.5,28.0,23.0
20230828,13,19.5,26.25,23.0
20230828,14,21.0,27.333333333333332,22.666666666666668
20230828,15,21.0,25.0,20.77777777777778
20230828,16,21.0,25.0,22.8
20230828,17,21.0,24.0,20.0
20230828,18,21.0,27.857142857142858,19.714285714285715
20230828,19,21.0,31.333333333333332,21.0
20230828,20,21.0,26.0,19.0
20230828,21,21.0,21.875,21.5
20230828,22,21.0,17.5,21.5
20230828,23,21.0,21.25,23.25
20230829,0,21.0,18.2,22.6
20230829,1,21.0,29.0,24.0
20230829,2,21.0,30.0,30.25
20230829,3,21.0,26.25,27.25
20230829,4,21.0,23.6,18.4
20230829,5,21.0,17.11111111111111,24.666666666666668
20230829,6,21.0,21.0,25.5
20230829,7,21.0,23.714285714285715,22.857142857142858
20230829,8,21.0,22.8,22.6
20230829,9,21.0,27.0,23.0
20230829,10,21.0,29.375,22.25
20230829,11,21.0,28.4,23.2
20230829,12,21.0,21.666666666666668,19.333333333333332
20230829,13,21.0,22.375,23.25
20230829,14,21.0,24.333333333333332,23.0
20230829,15,21.0,24.7,22.8
20230829,16,21.0,27.75,23.0
20230829,17,21.0,24.5,18.0
20230829,18,21.0,26.285714285714285,19.857142857142858
20230829,19,21.0,30.6,21.4
20230829,20,21.0,34.0,22.0
20230829,21,21.0,28.714285714285715,21.285714285714285
20230829,22,19.5,19.0,26.0
20230829,23,21.0,25.0,20.0
20230830,0,21.0,24.3,23.3
20230830,1,21.0,30.0,20.0
20230830,2,21.0,27.875,19.5
20230830,3,21.0,18.5,23.0
20230830,4,21.0,15.6,24.4
20230830,5,21.0,26.11111111111111,27.666666666666668
20230830,6,21.0,18.5,25.5
20230830,7,21.0,22.714285714285715,25.714285714285715
20230830,8,21.0,23.2,22.8
20230830,9,21.0,28.0,21.0
20230830,10,21.0,27.0,23.25
20230830,11,21.0,24.4,23.0
20230830,12,21.0,21.25,22.5
20230830,13,21.0,21.875,23.125
20230830,14,21.0,21.0,25.5
20230830,15,20.3,21.8,21.9
20230830,16,20.5,23.0,20.25
20230830,17,20.166666666666668,25.5,18.0
20230830,18,20.0,25.857142857142858,19.285714285714285
20230830,19,20.0,28.4,21.0
20230830,20,20.0,27.333333333333332,20.333333333333332
20230830,21,20.0,25.25,22.5
20230830,22,20.0,21.333333333333332,25.0
20230830,23,21.0,18.4,25.4
20230831,0.0,20.1,22.5,24.4
20230831,1.0,20.0,14.0,31.0
20230831,2.0,20.0,26.5,20.25
20230831,3.0,20.0,21.666666666666668,17.333333333333332
20230831,4.0,20.0,32.2,17.8
20230831,5.0,20.0,28.333333333333332,21.0
20230831,6.0,20.0,20.0,26.0
20230831,7.0,20.0,20.571428571428573,22.714285714285715
20230831,8.0,20.0,24.8,22.4
20230831,9.0,20.0,27.5,19.5
20230831,10.0,20.0,29.25,21.625
20230831,11.0,20.0,26.5,21.75
20230831,12.0,20.8,25.75,22.5
20230831,13.0,21.0,24.8,20.6
20230831,14.0,21.0,21.0,22.4
20230831,15.0,28.0,23.571428571428573,20.428571428571427
20230831,16.0,28.0,27.714285714285715,21.285714285714285
20230831,18.0,28.0,28.0,17.857142857142858
20230831,19.0,28.0,28.714285714285715,18.857142857142858
20230831,21.0,28.0,23.25,21.375
20230831,22.0,28.0,19.5,22.0
20230831,23.0,24.5,20.666666666666668,24.0
,,21.0,,
20230901,0.0,21.0,23.0,24.666666666666668
20230901,1.0,21.0,21.0,21.25
20230901,2.0,21.0,26.875,20.875
20230901,3.0,21.0,35.0,19.0
20230901,4.0,21.0,24.625,23.375
20230901,5.0,21.0,33.6,25.4
20230901,6.0,21.0,25.142857142857142,30.428571428571427
20230901,7.0,21.0,28.0,27.833333333333332
20230901,9.0,21.0,28.571428571428573,21.142857142857142
20230901,10.0,21.0,26.6,22.0
20230901,11.0,21.0,21.25,21.0
20230901,12.0,21.0,27.125,22.0
20230901,13.0,21.0,23.0,22.0
20230901,14.0,21.0,28.125,22.5
20230901,15.0,21.0,27.0,22.5
20230901,16.0,21.0,26.571428571428573,19.571428571428573
20230901,17.0,21.0,25.0,13.0
20230901,18.0,21.0,29.6,21.4
20230901,19.0,21.0,30.428571428571427,19.714285714285715
20230901,20.0,21.0,30.0,19.5
20230901,21.0,21.0,29.75,20.375
20230901,22.0,21.0,18.0,24.0
20230901,23.0,21.0,23.0,26.125
,,21.0,,
20230902,0,21.0,24.25,24.5
20230902,1,21.0,25.6,23.4
20230902,2,21.0,30.428571428571427,25.285714285714285
20230902,3,21.0,34.0,24.333333333333332
20230902,4,21.0,29.375,26.5
20230902,5,21.0,29.4,24.0
20230902,6,21.0,23.857142857142858,21.428571428571427
20230902,7,21.0,20.0,17.0
20230902,8,21.0,19.714285714285715,21.857142857142858
20230902,9,21.0,21.2,20.6
20230902,10,21.0,17.75,15.75
20230902,11,21.0,19.375,20.25
20230902,12,21.0,19.0,23.0
20230902,13,21.0,21.875,23.75
20230902,14,21.0,21.5,22.5
20230902,15,21.0,22.90909090909091,23.272727272727273
20230902,16,21.0,23.0,27.0
20230902,17,21.0,23.857142857142858,21.857142857142858
20230902,18,21.0,21.8,23.6
20230902,19,21.0,25.5,23.5
20230902,20,21.0,26.0,20.5
20230902,21,21.0,27.5,19.5
20230902,22,21.0,25.714285714285715,22.428571428571427
20230902,23,21.0,26.25,22.5
20230903,0,21.0,25.5,22.125
20230903,1,21.0,28.4,15.4
20230903,2,21.0,27.5,24.333333333333332
20230903,3,21.0,30.333333333333332,26.666666666666668
20230903,4,21.0,28.125,14.875
20230903,5,21.0,27.5,19.5
20230903,6,21.0,22.285714285714285,25.285714285714285
20230903,7,21.0,13.0,17.0
20230903,8,21.0,19.714285714285715,23.285714285714285
20230903,9,21.0,22.25,21.5
20230903,10,21.0,21.2,20.8
20230903,11,20.714285714285715,25.714285714285715,22.428571428571427
20230903,12,20.5,29.0,23.0
20230903,13,20.5,26.125,23.625
20230903,14,20.5,25.0,19.0
20230903,15,20.90909090909091,24.545454545454547,21.90909090909091
20230903,16,21.0,32.0,22.0
20230903,17,21.0,31.285714285714285,23.428571428571427
20230903,18,21.0,28.333333333333332,23.666666666666668
20230903,19,21.0,33.0,23.0
20230903,20,21.0,26.857142857142858,22.857142857142858
20230903,21,21.0,23.0,27.5
20230903,22,21.0,24.875,23.875
20230903,23,21.0,27.0,26.5
20230904,0.0,20.5,32.0,30.25
20230904,1.0,21.0,22.0,15.4
20230904,2.0,21.0,29.5,21.833333333333332
20230904,3.0,21.0,29.666666666666668,21.333333333333332
20230904,4.0,21.0,30.75,20.625
20230904,5.0,21.0,21.0,27.6
20230904,6.0,21.0,22.333333333333332,26.0
20230904,7.0,21.0,28.0,22.0
20230904,8.0,21.0,29.428571428571427,23.857142857142858
20230904,9.0,21.0,26.666666666666668,22.666666666666668
20230904,10.0,21.0,25.5,22.0
20230904,11.0,21.0,26.0,24.428571428571427
20230904,12.0,21.0,30.5,20.0
20230904,13.0,20.375,29.0,22.0
20230904,14.0,20.0,28.0,22.0
20230904,15.0,20.181818181818183,24.727272727272727,20.90909090909091
20230904,17.0,21.0,27.428571428571427,20.857142857142858
20230904,18.0,21.0,27.25,21.25
20230904,19.0,21.0,25.333333333333332,18.666666666666668
20230904,20.0,21.0,30.5,20.625
20230904,21.0,20.5,16.0,23.0
20230904,22.0,20.5,20.375,22.875
20230904,23.0,21.25,23.0,17.0
,,22.5,,
20230905,0,21.0,26.5,21.875
20230905,1,21.0,26.6,22.0
20230905,2,21.0,33.666666666666664,18.5
20230905,3,21.0,23.0,20.0
20230905,4,21.0,38.125,22.0
20230905,5,21.0,17.666666666666668,21.833333333333332
20230905,6,21.0,30.571428571428573,23.428571428571427
20230905,7,21.0,23.0,16.0
20230905,8,21.0,29.142857142857142,20.0
20230905,9,21.0,29.5,19.75
20230905,10,21.0,25.6,22.0
20230905,11,21.0,26.714285714285715,21.0
20230905,12,21.0,26.0,23.666666666666668
20230905,13,21.0,28.75,23.5
20230905,14,21.0,27.0,22.0
20230905,15,21.0,28.727272727272727,21.727272727272727
20230905,16,20.75,26.0,20.0
20230905,17,20.5,26.142857142857142,20.714285714285715
20230905,18,20.5,22.5,19.5
20230905,19,20.5,26.6,22.0
20230905,20,20.166666666666668,29.0,22.166666666666668
20230905,21,20.0,20.666666666666668,20.333333333333332
20230905,22,20.0,19.625,23.5
20230905,23,23.0,22.0,23.0
20230906,0,22.5625,21.875,20.75
20230906,1,21.25,35.0,20.6
20230906,2,21.0,26.833333333333332,23.333333333333332
20230906,3,21.0,34.0,26.25
20230906,4,21.0,33.875,22.0
20230906,5,21.0,17.833333333333332,31.833333333333332
20230906,6,21.0,26.166666666666668,23.666666666666668
20230906,7,21.0,22.0,21.0
20230906,8,21.0,24.285714285714285,22.0
20230906,9,21.0,24.0,21.0
20230906,10,21.0,28.333333333333332,21.833333333333332
20230906,11,21.0,29.6,22.4
20230906,12,21.0,26.5,24.25
20230906,13,21.0,25.428571428571427,21.857142857142858
20230906,14,21.0,23.5,23.5
20230906,15,21.0,22.444444444444443,23.22222222222222
20230906,16,21.0,24.75,21.75
20230906,17,21.0,24.857142857142858,18.857142857142858
20230906,18,21.0,30.0,20.0
20230906,19,21.0,25.285714285714285,18.285714285714285
20230906,20,21.0,30.4,19.2
20230906,21,21.0,22.25,22.5
20230906,22,21.0,21.714285714285715,22.285714285714285
20230906,23,21.0,25.5,23.0
20230907,0,21.0,24.75,26.875
20230907,1,21.0,26.333333333333332,25.166666666666668
20230907,2,21.0,23.666666666666668,25.0
20230907,3,21.0,31.25,24.0
20230907,4,21.0,36.5,18.375
20230907,5,21.0,19.833333333333332,28.0
20230907,6,20.8,26.6,21.8
20230907,7,20.5,29.5,21.5
20230907,8,20.5,27.571428571428573,26.0
20230907,9,20.5,31.5,21.0
20230907,10,20.5,27.142857142857142,21.714285714285715
20230907,11,20.5,30.2,23.8
20230907,12,20.5,27.0,21.8
20230907,13,20.785714285714285,26.857142857142858,23.428571428571427
20230907,14,21.0,26.0,24.0
20230907,15,21.0,24.25,23.375
20230907,16,21.0,27.0,21.75
20230907,17,20.142857142857142,25.571428571428573,20.571428571428573
20230907,18,19.5,35.0,18.0
20230907,19,19.5,26.714285714285715,19.285714285714285
20230907,20,19.5,27.25,20.0
20230907,21,20.0,21.5,23.0
20230907,22,20.4,17.2,22.4
20230907,23,21.0,23.75,23.5
20230908,0,21.0,21.125,24.25
20230908,1,21.0,31.166666666666668,27.166666666666668
20230908,2,21.0,25.0,32.5
20230908,3,21.0,31.333333333333332,22.0
20230908,4,21.0,27.25,23.5
20230908,5,20.0,23.0,23.2
20230908,6,20.0,23.166666666666668,30.666666666666668
20230908,7,20.0,21.5,25.5
20230908,8,20.333333333333332,25.833333333333332,23.0
20230908,9,21.0,25.0,24.0
20230908,10,21.0,26.4,21.0
20230908,11,21.0,25.142857142857142,22.285714285714285
20230908,12,21.0,29.0,24.0
20230908,13,21.0,24.375,23.625
20230908,14,21.0,26.0,21.0
20230908,15,21.5,22.9,23.6
20230908,16,21.0,25.666666666666668,22.666666666666668
20230908,17,21.0,22.833333333333332,20.666666666666668
20230908,18,21.0,28.666666666666668,19.0
20230908,19,21.0,32.75,18.25
20230908,20,21.0,31.142857142857142,21.0
20230908,21,21.0,24.0,20.0
20230908,22,21.125,20.75,24.875
20230908,23,21.25,19.5,24.5
20230909,0,21.5,23.75,27.625
20230909,1,21.0,27.5,26.166666666666668
20230909,2,21.0,25.833333333333332,21.333333333333332
20230909,3,21.0,23.75,18.25
20230909,4,21.0,21.0,20.428571428571427
20230909,5,21.0,27.0,20.0
20230909,6,21.0,21.4,18.2
20230909,7,21.0,20.333333333333332,22.0
20230909,8,21.0,23.142857142857142,23.428571428571427
20230909,9,21.0,23.5,24.5
20230909,10,21.571428571428573,21.285714285714285,21.285714285714285
20230909,11,21.0,22.5,21.5
20230909,12,21.0,29.0,21.6
20230909,13,21.0,28.666666666666668,21.833333333333332
20230909,14,21.0,25.5,21.25
20230909,15,21.0,26.0,21.75
20230909,16,20.666666666666668,25.0,22.2
20230909,17,21.0,26.166666666666668,21.666666666666668
20230909,19,21.0,28.142857142857142,22.428571428571427
20230909,20,21.0,28.8,23.2
20230909,21,21.0,19.2,22.6
20230909,22,21.0,24.333333333333332,21.666666666666668
20230909,23,21.0,29.333333333333332,23.333333333333332
20230910,0,21.0,27.375,26.375
20230910,1,21.0,27.333333333333332,19.5
20230910,2,21.0,32.0,19.5
20230910,3,21.0,32.5,22.75
20230910,4,21.0,24.714285714285715,23.428571428571427
20230910,5,21.0,34.333333333333336,18.333333333333332
20230910,6,21.0,30.0,18.4
20230910,7,21.0,20.666666666666668,24.0
20230910,8,21.0,21.285714285714285,21.0
20230910,9,21.0,16.0,15.0
20230910,10,21.0,19.714285714285715,22.0
20230910,11,21.0,22.0,24.75
20230910,12,21.0,27.5,24.0
20230910,13,21.0,27.666666666666668,23.833333333333332
20230910,14,21.0,21.0,19.5
20230910,15,21.0,26.428571428571427,22.857142857142858
20230910,16,21.0,27.166666666666668,22.5
20230910,17,21.0,29.166666666666668,21.166666666666668
20230910,18,21.0,29.0,22.0
20230910,19,21.0,30.571428571428573,23.0
20230910,20,21.0,29.5,27.0
20230910,21,21.0,23.571428571428573,28.142857142857142
20230910,22,21.0,20.75,24.0
20230910,23,21.0,24.833333333333332,23.0
20230911,0,21.0,27.375,26.625
20230911,1,21.0,32.833333333333336,23.666666666666668
20230911,2,21.0,25.666666666666668,18.833333333333332
20230911,3,21.0,24.75,26.5
20230911,4,21.0,34.57142857142857,38.57142857142857
20230911,5,21.0,27.857142857142858,39.714285714285715
20230911,6,21.0,28.0,31.6
20230911,7,21.0,26.0,22.0
20230911,8,21.0,25.333333333333332,23.0
20230911,9,21.0,27.5,20.0
20230911,10,21.0,28.714285714285715,22.285714285714285
20230911,11,21.0,28.0,24.0
20230911,12,21.0,28.0,22.8
20230911,13,21.0,27.0,22.5
20230911,14,21.5,26.666666666666668,22.0
20230911,15,21.5,27.125,23.375
20230911,16,21.5,26.2,22.2
20230911,17,21.5,22.833333333333332,21.166666666666668
20230911,18,21.0,31.0,20.0
20230911,19,21.0,29.142857142857142,21.571428571428573
20230911,20,21.0,31.333333333333332,21.666666666666668
20230911,21,21.0,24.428571428571427,19.285714285714285
20230911,22,21.0,20.25,22.5
20230911,23,21.0,22.8,25.6
20230912,0,21.0,28.375,24.25
20230912,1,21.0,32.333333333333336,21.666666666666668
20230912,2,21.0,24.5,14.666666666666666
20230912,3,21.0,30.25,21.0
20230912,4,21.0,31.142857142857142,23.714285714285715
20230912,5,21.0,22.833333333333332,26.5
20230912,6,21.0,20.333333333333332,19.833333333333332
20230912,7,21.0,17.0,21.5
20230912,8,21.0,26.285714285714285,22.285714285714285
20230912,9,21.0,29.0,16.5
20230912,10,21.0,24.0,20.857142857142858
20230912,11,21.0,23.2,20.8
20230912,12,21.0,26.75,21.25
20230912,13,21.0,26.857142857142858,22.142857142857142
20230912,14,21.0,20.0,20.0
20230912,15,21.0,24.444444444444443,21.88888888888889
20230912,16,21.0,24.5,22.0
20230912,17,21.0,25.571428571428573,20.285714285714285
20230912,18,21.0,22.0,17.0
20230912,19,21.0,26.0,20.285714285714285
20230912,20,21.0,27.666666666666668,21.333333333333332
20230912,21,21.0,24.0,21.0
20230912,22,21.0,21.4,28.8
20230912,23,21.0,19.2,27.6
20230913,0,21.0,17.125,23.125
20230913,1,21.0,19.666666666666668,19.166666666666668
20230913,2,21.0,32.6,21.2
20230913,3,21.0,30.25,22.75
20230913,4,21.0,25.142857142857142,23.714285714285715
20230913,5,21.0,23.0,23.0
20230913,6,21.0,30.0,26.0
20230913,7,21.0,25.333333333333332,20.333333333333332
20230913,8,21.0,23.571428571428573,22.714285714285715
20230913,9,21.0,23.0,22.0
20230913,10,21.0,28.25,22.0
20230913,11,21.0,25.333333333333332,21.333333333333332
20230913,12,21.0,24.571428571428573,22.142857142857142
20230913,13,21.0,25.4,21.6
20230913,14,21.0,22.75,23.5
20230913,15,21.0,23.285714285714285,22.142857142857142
20230913,16,21.0,21.5,19.666666666666668
20230913,17,21.0,23.333333333333332,21.333333333333332
20230913,18,21.0,24.0,17.5
20230913,19,21.0,23.428571428571427,19.142857142857142
20230913,20,21.0,24.0,19.5
20230913,21,20.785714285714285,22.142857142857142,21.142857142857142
20230913,22,21.0,19.5,24.25
20230913,23,21.0,24.0,29.0
20230914,0,21.0,23.75,28.625
20230914,1,21.0,30.8,24.0
20230914,2,21.0,28.5,22.333333333333332
20230914,3,21.0,28.333333333333332,20.666666666666668
20230914,4,21.0,32.142857142857146,16.571428571428573
20230914,5,21.0,20.166666666666668,19.0
20230914,6,21.0,21.833333333333332,19.333333333333332
20230914,8,21.0,28.857142857142858,24.0
20230914,9,21.0,24.6,21.6
20230914,10,21.0,26.25,22.75
20230914,11,21.0,25.0,23.428571428571427
20230914,12,21.0,24.333333333333332,23.0
20230914,13,21.0,25.666666666666668,22.666666666666668
20230914,14,21.0,24.0,23.5
20230914,15,21.0,24.0,22.818181818181817
20230914,16,21.0,23.0,22.0
20230914,17,21.0,26.142857142857142,21.142857142857142
20230914,18,21.0,26.666666666666668,16.0
20230914,19,21.0,26.0,18.6
20230914,20,21.0,29.833333333333332,20.333333333333332
20230914,21,21.0,19.0,20.0
20230914,22,21.0,20.5,25.0
20230914,23,21.0,23.5,17.0
20230915,0.0,21.0,22.625,25.125
20230915,1.0,21.0,23.166666666666668,18.0
20230915,2.0,21.0,25.0,25.0
20230915,3.0,21.0,28.75,49.75
20230915,4.0,21.0,25.714285714285715,25.571428571428573
20230915,5.0,21.0,19.285714285714285,25.714285714285715
20230915,6.0,21.0,24.5,20.0
20230915,7.0,21.0,23.5,21.5
20230915,8.0,21.0,28.285714285714285,17.285714285714285
20230915,10.0,21.0,25.875,20.25
20230915,11.0,21.0,24.333333333333332,22.0
20230915,12.0,21.0,25.714285714285715,22.142857142857142
20230915,13.0,21.0,25.0,22.0
20230915,14.0,21.0,24.0,23.0
20230915,15.0,21.0,26.0,22.2
20230915,16.0,21.0,24.142857142857142,19.714285714285715
20230915,17.0,21.0,22.25,19.0
20230915,18.0,21.0,25.5,18.25
20230915,19.0,21.0,25.714285714285715,18.428571428571427
20230915,20.0,21.0,27.0,19.5
20230915,21.0,21.0,25.75,21.0
20230915,22.0,21.0,22.5,21.0
20230915,23.0,21.0,24.625,24.0
,,21.0,,
20230916,0,20.125,24.0,25.375
20230916,1,21.0,25.0,23.0
20230916,2,21.0,22.0,21.6
20230916,3,21.0,23.2,20.8
20230916,4,21.0,30.285714285714285,18.571428571428573
20230916,5,21.0,35.42857142857143,25.285714285714285
20230916,6,21.0,30.0,21.75
20230916,7,21.0,28.75,21.75
20230916,8,21.0,22.142857142857142,21.428571428571427
20230916,9,21.0,19.0,11.0
20230916,10,20.875,19.0,11.0
20230916,11,20.75,19.0,11.0
20230916,12,21.0,19.0,11.0
20230916,13,21.0,19.0,11.0
20230916,14,21.0,19.0,11.0
20230916,15,21.0,19.0,11.0
20230916,16,20.142857142857142,19.0,11.0
20230916,17,19.5,19.0,11.0
20230916,18,20.7,19.0,11.0
20230916,19,21.0,19.0,11.0
20230916,20,21.0,19.0,11.0
20230916,21,21.0,19.0,11.0
20230916,22,20.5,19.0,11.0
20230916,23,21.0,19.0,11.0
20230917,0,21.0,19.0,11.0
20230917,1,21.0,19.0,11.0
20230917,2,21.0,19.0,11.0
20230917,3,21.0,19.0,11.0
20230917,4,21.0,19.0,11.0
20230917,5,21.0,19.0,11.0
20230917,6,21.0,19.0,11.0
20230917,7,21.0,19.0,11.0
20230917,8,21.0,19.0,11.0
20230917,9,21.0,19.0,11.0
20230917,10,20.875,19.0,11.0
20230917,11,20.75,19.0,11.0
20230917,12,21.0,19.0,11.0
20230917,13,21.0,19.0,11.0
20230917,14,21.0,19.666666666666668,17.666666666666668
20230917,15,21.0,24.5,24.333333333333332
20230917,16,21.0,26.0,21.571428571428573
20230917,17,21.666666666666668,26.0,22.333333333333332
20230917,18,20.7,26.4,24.4
20230917,19,21.0,24.333333333333332,24.666666666666668
20230917,20,21.0,24.0,25.0
20230917,21,21.0,22.0,21.875
20230917,22,21.0,29.0,23.5
20230917,23,21.0,27.875,28.125
20230918,0,21.0,27.375,22.125
20230918,1,21.0,37.0,18.333333333333332
20230918,2,21.0,30.0,16.8
20230918,3,21.0,30.4,14.6
20230918,4,21.0,32.5,19.333333333333332
20230918,5,21.0,23.571428571428573,25.857142857142858
20230918,6,21.0,25.0,25.0
20230918,7,21.0,20.5,22.5
20230918,8,21.0,23.857142857142858,19.571428571428573
20230918,9,21.0,23.0,19.0
20230918,10,21.0,27.25,23.125
20230918,11,21.0,25.5,23.5
20230918,12,21.0,28.375,21.875
20230918,13,21.0,25.0,26.0
20230918,14,21.0,26.5,22.833333333333332
20230918,15,21.0,22.666666666666668,19.666666666666668
20230918,16,21.0,23.571428571428573,21.857142857142858
20230918,17,21.0,23.666666666666668,19.0
20230918,18,21.0,27.6,18.8
20230918,19,21.0,28.333333333333332,19.833333333333332
20230918,20,21.0,33.0,18.666666666666668
20230918,21,21.0,27.625,20.25
20230918,22,21.0,22.0,22.0
20230918,23,21.0,25.625,24.25
20230919,0,21.0,23.0,28.25
20230919,1,19.75,28.666666666666668,20.833333333333332
20230919,2,19.5,37.8,26.2
20230919,3,19.5,27.4,22.4
20230919,4,19.5,28.166666666666668,22.0
20230919,5,19.5,22.285714285714285,31.714285714285715
20230919,6,19.5,17.0,26.5
20230919,7,19.5,26.75,23.25
20230919,8,19.5,28.0,19.714285714285715
20230919,9,19.5,25.0,20.0
20230919,10,19.5,25.5,21.125
20230919,11,19.5,26.0,22.0
20230919,12,19.5,30.75,20.875
20230919,13,19.5,30.666666666666668,22.0
20230919,14,20.357142857142858,29.285714285714285,21.571428571428573
20230919,15,21.0,25.333333333333332,23.5
20230919,16,21.0,25.571428571428573,22.714285714285715
20230919,17,21.0,24.666666666666668,20.333333333333332
20230919,18,21.0,29.2,19.0
20230919,19,21.0,26.166666666666668,18.0
20230919,20,21.0,31.333333333333332,21.0
20230919,21,21.0,26.625,19.125
20230919,22,21.0,20.0,25.0
20230919,23,20.8125,22.75,27.125
20230920,0,19.75,28.0,29.625
20230920,1,19.5,26.166666666666668,25.333333333333332
20230920,2,19.5,31.8,15.2
20230920,3,19.5,25.4,21.0
20230920,4,19.5,22.833333333333332,17.0
20230920,5,19.5,23.125,22.625
20230920,6,19.5,24.25,15.0
20230920,7,19.5,22.25,27.5
20230920,8,19.5,22.142857142857142,23.714285714285715
20230920,9,21.0,24.0,13.0
20230920,10,21.0,22.75,21.25
20230920,11,21.0,24.0,21.0
20230920,12,21.0,26.375,22.25
20230920,13,21.0,26.333333333333332,22.333333333333332
20230920,14,21.0,25.428571428571427,22.285714285714285
20230920,15,20.833333333333332,24.333333333333332,22.166666666666668
20230920,16,20.571428571428573,24.428571428571427,21.571428571428573
20230920,17,21.0,25.333333333333332,20.666666666666668
20230920,18,21.0,26.0,17.4
20230920,19,20.0,27.0,17.833333333333332
20230920,20,21.0,27.333333333333332,20.333333333333332
20230920,21,21.0,28.375,21.125
20230920,22,21.0,21.0,18.0
20230920,23,21.0,21.0,25.75
20230921,0,21.0,24.375,25.875
20230921,1,21.0,23.0,20.5
20230921,2,21.0,30.0,26.2
20230921,3,21.0,21.4,25.0
20230921,4,21.0,29.333333333333332,25.666666666666668
20230921,5,21.0,24.5,22.5
20230921,6,21.0,23.0,19.666666666666668
20230921,7,21.0,23.5,30.5
20230921,8,21.0,24.285714285714285,22.142857142857142
20230921,9,21.0,26.0,19.0
20230921,10,21.0,25.125,19.125
20230921,11,21.0,24.5,20.0
20230921,12,21.0,27.75,22.125
20230921,13,21.0,27.0,24.333333333333332
20230921,14,21.0,25.428571428571427,24.428571428571427
20230921,15,20.833333333333332,26.333333333333332,23.0
20230921,16,21.285714285714285,25.857142857142858,21.571428571428573
20230921,17,26.0,27.0,18.0
20230921,18,26.0,26.0,18.666666666666668
20230921,19,26.0,28.8,20.6
20230921,20,22.25,28.333333333333332,19.666666666666668
20230921,21,21.0,24.25,21.0
20230921,22,21.0,14.0,14.5
20230921,23,22.25,21.375,28.125
20230922,0,21.0,25.75,22.25
20230922,1,21.0,28.833333333333332,24.666666666666668
20230922,2,21.0,25.4,18.0
20230922,3,21.0,24.0,19.4
20230922,4,21.0,26.8,18.0
20230922,5,21.0,24.666666666666668,20.555555555555557
20230922,6,21.0,21.0,23.0
20230922,7,21.0,27.0,22.5
20230922,8,21.0,22.6,21.8
20230922,9,21.0,28.25,22.25
20230922,10,21.0,28.571428571428573,20.714285714285715
20230922,11,21.75,23.666666666666668,20.666666666666668
20230922,12,21.571428571428573,23.0,21.571428571428573
20230922,13,22.0,27.0,23.666666666666668
20230922,14,21.125,25.375,22.75
20230922,15,21.0,25.285714285714285,21.142857142857142
20230922,16,21.0,21.75,21.25
20230922,17,21.0,20.75,19.5
20230922,18,21.0,18.833333333333332,19.0
20230922,19,21.0,25.5,22.5
20230922,20,21.0,24.375,21.0
20230922,21,21.0,18.0,22.5
20230922,22,21.0,18.625,21.75
20230922,23,21.0,29.0,25.0
20230923,0,21.0,24.714285714285715,23.857142857142858
20230923,1,21.0,30.428571428571427,26.0
20230923,2,21.0,24.75,18.75
20230923,3,20.357142857142858,24.857142857142858,20.285714285714285
20230923,4,19.875,23.5,18.75
20230923,5,21.0,23.818181818181817,20.636363636363637
20230923,6,21.0,18.0,25.0
20230923,7,21.0,24.714285714285715,21.285714285714285
20230923,8,21.0,23.0,26.0
20230923,9,21.0,21.5,24.833333333333332
20230923,10,21.0,18.5,15.5
20230923,11,21.0,22.833333333333332,20.333333333333332
20230923,12,21.0,24.0,20.25
20230923,13,21.0,24.666666666666668,22.333333333333332
20230923,14,21.0,20.75,20.75
20230923,15,21.0,24.0,23.6
20230923,16,21.0,24.0,23.0
20230923,17,21.0,25.285714285714285,20.0
20230923,18,21.0,28.0,22.0
20230923,19,21.0,25.333333333333332,23.166666666666668
20230923,20,21.0,27.0,25.25
20230923,21,21.0,22.833333333333332,20.833333333333332
20230923,22,21.0,23.75,22.0
20230923,23,21.0,25.833333333333332,25.0
20230924,0,21.0,23.714285714285715,25.285714285714285
20230924,1,21.0,22.142857142857142,24.714285714285715
20230924,2,21.0,28.333333333333332,22.666666666666668
20230924,3,21.0,28.857142857142858,21.0
20230924,4,21.0,37.0,12.666666666666666
20230924,5,21.0,20.8,19.8
20230924,6,21.0,20.5,21.5
20230924,7,21.0,21.0,20.714285714285715
20230924,8,21.0,27.0,17.0
20230924,9,21.0,18.714285714285715,22.714285714285715
20230924,10,21.0,19.0,18.666666666666668
20230924,11,21.0,19.571428571428573,24.571428571428573
20230924,12,21.0,21.0,22.333333333333332
20230924,13,27.428571428571427,23.714285714285715,24.285714285714285
20230924,14,30.0,26.0,24.0
20230924,15,23.454545454545453,24.7,21.7
20230924,16,21.0,28.0,23.0
20230924,17,21.0,29.857142857142858,22.285714285714285
20230924,18,21.0,24.0,20.0
20230924,19,21.0,29.285714285714285,22.428571428571427
20230924,20,21.0,25.666666666666668,21.666666666666668
20230924,21,21.5,18.285714285714285,23.714285714285715
20230924,22,21.0,18.0,25.333333333333332
20230924,23,20.75,26.714285714285715,29.571428571428573
20230925,0,20.5,27.571428571428573,29.428571428571427
20230925,1,20.5,29.714285714285715,24.0
20230925,2,20.5,25.333333333333332,23.666666666666668
20230925,3,20.5,30.714285714285715,19.428571428571427
20230925,4,20.5,37.666666666666664,25.666666666666668
20230925,5,20.5,24.0,21.4
20230925,6,20.5,29.5,20.0
20230925,7,20.5,26.857142857142858,38.42857142857143
20230925,8,20.5,28.0,26.0
20230925,9,20.5,28.571428571428573,21.428571428571427
20230925,10,20.5,28.0,23.0
20230925,11,20.5,25.285714285714285,22.285714285714285
20230925,12,20.5,23.666666666666668,22.0
20230925,13,20.5,27.375,22.75
20230925,14,20.5,25.0,24.0
20230925,15,20.5,27.0,23.8
20230925,16,20.5,21.666666666666668,21.666666666666668
20230925,17,20.5,25.857142857142858,19.285714285714285
20230925,18,20.5,23.0,18.0
20230925,19,20.5,28.142857142857142,19.571428571428573
20230925,20,20.5,31.0,19.0
20230925,21,21.5625,23.875,19.625
20230925,22,22.0,25.0,18.0
20230925,23,21.0,24.375,27.875
20230926,0,21.0,28.0,22.857142857142858
20230926,1,21.0,19.857142857142858,19.571428571428573
20230926,2,21.0,28.333333333333332,17.666666666666668
20230926,3,21.0,24.428571428571427,19.714285714285715
20230926,4,21.0,21.333333333333332,24.0
20230926,5,21.0,21.3,27.8
20230926,6,21.0,22.5,19.5
20230926,7,21.0,16.714285714285715,20.0
20230926,8,21.0,23.5,22.0
20230926,9,21.0,28.571428571428573,20.285714285714285
20230926,10,21.0,27.333333333333332,20.666666666666668
20230926,11,21.0,23.125,23.125
20230926,12,21.0,25.0,22.0
20230926,13,21.0,27.125,23.875
20230926,14,21.0,25.0,19.0
20230926,15,21.0,25.4,19.8
20230926,16,21.0,23.0,26.666666666666668
20230926,17,21.0,25.428571428571427,19.142857142857142
20230926,18,21.0,26.0,19.0
20230926,19,21.0,22.571428571428573,18.571428571428573
20230926,20,21.0,27.0,18.666666666666668
20230926,21,21.0,23.375,20.75
20230926,22,21.0,23.0,22.0
20230926,23,21.0,21.875,26.625
20230927,0,21.0,23.285714285714285,26.428571428571427
20230927,1,21.0,23.142857142857142,21.0
20230927,2,21.0,29.666666666666668,18.666666666666668
20230927,3,21.0,25.285714285714285,19.714285714285715
20230927,4,21.0,26.666666666666668,15.0
20230927,5,20.0,20.1,22.0
20230927,6,20.0,22.666666666666668,19.666666666666668
20230927,7,20.0,23.857142857142858,24.285714285714285
20230927,8,20.0,24.0,42.0
20230927,9,20.0,25.285714285714285,26.285714285714285
20230927,10,20.0,26.0,23.5
20230927,11,20.0,27.25,22.875
20230927,12,20.0,26.0,23.0
20230927,13,20.0,25.75,22.625
20230927,14,20.0,28.333333333333332,21.666666666666668
20230927,15,20.0,29.9,21.0
20230927,16,20.5,22.75,20.5
20230927,17,21.0,18.833333333333332,19.0
20230927,18,21.0,31.0,19.0
20230927,19,21.0,26.857142857142858,19.714285714285715
20230927,20,21.0,26.0,20.0
20230927,21,21.0,24.625,21.25
20230927,22,21.0,22.0,27.0
20230927,23,21.0,20.0,21.375
20230928,0,21.0,24.0,21.571428571428573
20230928,1,21.642857142857142,29.0,21.0
20230928,2,22.5,26.0,18.333333333333332
20230928,3,22.5,25.0,22.714285714285715
20230928,4,22.0,35.333333333333336,30.0
20230928,5,21.0,26.363636363636363,17.454545454545453
20230928,6,21.0,27.666666666666668,23.0
20230928,7,21.0,26.285714285714285,23.0
20230928,8,21.0,30.0,16.0
20230928,9,21.0,19.142857142857142,22.857142857142858
20230928,10,21.0,18.0,22.5
20230928,11,21.0,22.375,19.5
20230928,12,21.0,26.0,23.666666666666668
20230928,13,21.0,25.625,24.375
20230928,14,21.0,24.5,23.0
20230928,15,21.0,23.555555555555557,22.333333333333332
20230928,16,21.0,30.25,24.0
20230928,17,21.0,30.833333333333332,22.0
20230928,18,21.0,27.666666666666668,21.666666666666668
20230928,19,21.0,29.0,21.571428571428573
20230928,20,21.0,24.0,25.333333333333332
20230928,21,21.0,25.0,21.125
20230928,22,21.0,24.5,21.0
20230928,23,21.0,24.875,23.375
20230929,0,21.0,27.142857142857142,24.142857142857142
20230929,1,20.5,28.857142857142858,20.428571428571427
20230929,2,20.5,18.333333333333332,25.0
20230929,3,20.5,29.428571428571427,17.428571428571427
20230929,4,20.5,17.0,17.666666666666668
20230929,5,20.5,30.7,18.2
20230929,6,20.5,32.333333333333336,31.333333333333332
20230929,7,20.5,23.857142857142858,20.142857142857142
20230929,8,20.5,27.0,26.0
20230929,9,20.5,24.0,21.142857142857142
20230929,10,20.5,23.0,25.0
20230929,11,20.75,29.375,25.125
20230929,12,21.0,27.0,22.5
20230929,13,21.0,37.625,21.75
20230929,14,21.0,41.5,24.5
20230929,15,21.0,38.22222222222222,23.88888888888889
20230929,16,21.0,36.4,22.0
20230929,17,21.0,35.2,22.4
20230929,18,21.0,28.666666666666668,20.333333333333332
20230929,19,21.0,32.714285714285715,23.285714285714285
20230929,20,21.0,23.5,21.0
20230929,21,20.625,21.875,24.0
20230929,22,21.0,28.666666666666668,27.333333333333332
20230929,23,21.0,25.285714285714285,23.857142857142858
20230930,0,19.928571428571427,31.0,25.857142857142858
20230930,1,22.125,31.142857142857142,24.571428571428573
20230930,2,23.0,23.333333333333332,28.333333333333332
20230930,3,22.0,28.125,24.125
20230930,4,21.0,20.5,23.0
20230930,5,21.0,27.0,14.6
20230930,6,21.0,28.666666666666668,23.333333333333332
20230930,7,21.0,22.428571428571427,29.142857142857142
20230930,8,21.0,20.5,15.5
20230930,9,21.0,23.285714285714285,22.571428571428573
20230930,10,22.0,27.5,21.5
20230930,11,22.5,30.75,22.375
20230930,12,22.5,32.333333333333336,23.0
20230930,13,21.0,30.857142857142858,22.142857142857142
20230930,14,21.0,36.0,17.0
20230930,15,21.0,34.2,23.1
20230930,16,20.25,29.666666666666668,23.333333333333332
20230930,17,20.428571428571427,29.428571428571427,24.428571428571427
20230930,18,21.0,23.0,22.0
20230930,19,21.0,28.142857142857142,23.285714285714285
20230930,20,21.0,31.0,23.0
20230930,21,21.0,20.75,27.375
20230930,22,21.0,27.0,27.0
20230930,23,21.0,30.666666666666668,26.333333333333332
20231001,0.0,21.0,31.6,29.4
20231001,1.0,21.0,36.5,28.0
20231001,2.0,19.5,27.2,22.4
20231001,3.0,19.5,35.0,24.4
20231001,4.0,19.5,28.0,29.0
20231001,5.0,20.5,26.625,22.25
20231001,6.0,21.5,27.0,22.8
20231001,7.0,21.5,26.0,24.8
20231001,8.0,21.5,25.25,24.5
20231001,9.0,21.5,26.0,24.75
20231001,10.0,21.5,19.0,22.0
20231001,11.0,21.5,25.125,24.125
20231001,12.0,21.5,33.0,25.0
20231001,13.0,21.375,33.375,22.875
20231001,14.0,21.0,31.333333333333332,21.666666666666668
20231001,15.0,21.0,32.55555555555556,20.666666666666668
20231001,17.0,21.0,29.571428571428573,24.142857142857142
20231001,18.0,21.0,29.0,25.666666666666668
20231001,19.0,21.0,30.833333333333332,21.833333333333332
20231001,20.0,21.0,32.25,25.25
20231001,21.0,21.0,26.666666666666668,22.833333333333332
20231001,22.0,21.0,25.0,27.0
20231001,23.0,21.0,27.25,26.25
,,20.625,,
20231002,0,21.0,31.285714285714285,27.142857142857142
20231002,1,21.0,24.714285714285715,24.0
20231002,2,21.0,23.333333333333332,17.0
20231002,3,31.0,30.25,23.0
20231002,4,31.0,37.0,15.0
20231002,5,31.0,22.6,25.3
20231002,6,21.0,33.75,22.25
20231002,7,21.0,25.833333333333332,22.0
20231002,8,21.0,32.0,27.0
20231002,9,21.0,31.714285714285715,27.142857142857142
20231002,10,21.0,31.0,23.666666666666668
20231002,11,21.0,28.0,25.0
20231002,12,21.0,28.5,24.5
20231002,13,21.0,30.5,23.25
20231002,14,21.0,29.5,22.5
20231002,15,20.4375,32.0,23.625
20231002,16,21.0,27.0,23.833333333333332
20231002,17,21.0,27.0,19.25
20231002,18,21.0,32.0,19.5
20231002,19,21.0,34.5,20.166666666666668
20231002,21,20.25,29.5,22.0
20231002,22,20.5,27.0,24.0
20231002,23,21.0,19.333333333333332,23.666666666666668
20231003,0,21.0,21.428571428571427,24.285714285714285
20231003,2,20.0,21.142857142857142,19.0
20231003,3,20.0,34.666666666666664,21.666666666666668
20231003,4,20.0,39.0,31.8
20231003,5,20.0,26.0,26.166666666666668
20231003,6,20.0,29.142857142857142,25.571428571428573
20231003,7,20.0,25.0,21.5
20231003,8,20.0,22.142857142857142,28.428571428571427
20231003,9,20.0,30.0,25.666666666666668
20231003,10,20.0,23.166666666666668,24.5
20231003,11,20.0,28.0,25.5
20231003,12,20.0,30.5,22.0
20231003,13,20.0,29.25,23.125
20231003,14,21.0,30.5,23.5
20231003,15,21.0,30.25,23.625
20231003,16,21.0,31.0,30.0
20231003,17,21.0,29.142857142857142,24.571428571428573
20231003,18,21.0,28.0,23.0
20231003,19,20.75,30.166666666666668,21.333333333333332
20231003,20,21.0,33.5,21.75
20231003,21,21.0,28.857142857142858,24.571428571428573
20231003,22,21.333333333333332,30.666666666666668,22.666666666666668
20231003,23,20.5,25.0,24.833333333333332
20231004,0,20.5,28.571428571428573,27.428571428571427
20231004,1,21.0,29.0,21.142857142857142
20231004,2,21.0,34.0,22.666666666666668
20231004,3,21.0,28.625,29.0
20231004,4,21.0,22.5,20.0
20231004,5,21.0,22.9,26.1
20231004,6,21.0,21.75,26.0
20231004,7,21.0,24.833333333333332,24.166666666666668
20231004,8,21.0,30.0,19.5
20231004,9,21.0,29.285714285714285,20.857142857142858
20231004,10,21.0,27.0,23.0
20231004,11,21.0,26.75,22.5
20231004,12,21.0,29.666666666666668,25.0
20231004,13,19.5,29.5,28.5
20231004,14,19.5,28.625,23.25
20231004,15,19.5,25.285714285714285,23.571428571428573
20231004,16,19.5,26.0,22.333333333333332
20231004,17,19.5,24.6,21.4
20231004,18,19.5,25.2,19.8
20231004,19,19.5,30.25,19.25
20231004,20,19.5,28.666666666666668,19.5
20231004,21,20.7,22.5,17.75
20231004,22,21.0,23.833333333333332,24.666666666666668
20231004,23,21.0,29.2,22.8
20231005,0,21.0,19.0,27.285714285714285
20231005,1,20.625,25.714285714285715,24.142857142857142
20231005,2,21.0,22.666666666666668,35.666666666666664
20231005,3,21.0,22.375,21.125
20231005,4,21.0,14.0,25.5
20231005,5,21.0,27.5,18.8
20231005,6,21.0,23.333333333333332,21.0
20231005,7,21.0,18.285714285714285,19.142857142857142
20231005,8,21.0,27.0,25.0
20231005,9,21.0,24.428571428571427,21.714285714285715
20231005,10,21.0,24.0,23.0
20231005,11,21.0,24.0,21.625
20231005,12,21.0,25.0,21.0
20231005,13,21.0,29.875,21.625
20231005,14,21.0,28.0,24.5
20231005,15,21.0,26.25,24.25
20231005,16,21.0,26.0,23.0
20231005,17,21.0,24.2,21.0
20231005,18,21.0,31.0,19.0
20231005,21,21.0,25.142857142857142,20.428571428571427
20231005,22,21.0,19.666666666666668,21.333333333333332
20231005,23,21.0,26.25,27.875
20231006,0.0,21.0,25.142857142857142,26.285714285714285
20231006,1.0,21.0,29.0,18.142857142857142
20231006,2.0,21.0,27.333333333333332,20.666666666666668
20231006,3.0,21.0,30.166666666666668,29.166666666666668
20231006,4.0,21.0,23.5,24.25
20231006,5.0,21.0,19.125,19.875
20231006,6.0,21.0,22.0,23.0
20231006,7.0,21.0,24.428571428571427,23.142857142857142
20231006,8.0,21.0,24.333333333333332,24.666666666666668
20231006,9.0,21.0,25.833333333333332,23.0
20231006,10.0,21.0,26.0,24.0
20231006,11.0,21.0,27.333333333333332,23.166666666666668
20231006,12.0,21.0,26.75,22.5
20231006,13.0,21.0,25.8,23.6
20231006,14.0,21.0,24.0,22.5
20231006,15.0,21.0,26.0,24.0
20231006,17.0,21.0,23.833333333333332,17.833333333333332
20231006,18.0,21.0,27.75,17.25
20231006,19.0,21.0,27.4,18.6
20231006,20.0,21.0,29.8,19.8
20231006,21.0,20.8,25.2,22.6
20231006,22.0,20.416666666666668,22.75,23.5
20231006,23.0,21.0,21.166666666666668,25.0
,,21.0,,
20231007,0,21.0,21.428571428571427,23.285714285714285
20231007,1,21.0,26.285714285714285,22.571428571428573
20231007,2,21.0,24.666666666666668,23.333333333333332
20231007,3,21.0,28.375,23.0
20231007,4,21.0,30.666666666666668,19.0
20231007,5,21.0,25.555555555555557,20.444444444444443
20231007,6,21.0,23.5,24.5
20231007,7,21.0,18.333333333333332,24.833333333333332
20231007,8,21.0,21.666666666666668,21.0
20231007,9,21.0,20.166666666666668,23.166666666666668
20231007,10,21.0,21.5,21.0
20231007,11,21.0,23.0,21.125
20231007,12,20.0,25.333333333333332,20.333333333333332
20231007,13,21.0,23.375,20.75
20231007,14,21.0,22.5,20.0
20231007,15,21.0,23.428571428571427,22.857142857142858
20231007,16,20.666666666666668,26.5,22.833333333333332
20231007,17,21.0,27.0,22.5
20231007,18,21.0,25.0,20.4
20231007,19,21.0,30.4,24.6
20231007,20,21.0,24.25,22.0
20231007,21,21.0,22.166666666666668,22.166666666666668
20231007,22,21.0,26.666666666666668,27.0
20231007,23,21.0,28.0,23.714285714285715
20231008,0,21.0,22.857142857142858,26.285714285714285
20231008,1,19.833333333333332,29.6,22.2
20231008,2,21.0,27.75,29.75
20231008,4,21.0,29.0,21.0
20231008,5,21.0,26.375,22.25
20231008,6,21.0,28.333333333333332,21.333333333333332
20231008,7,20.166666666666668,21.333333333333332,30.333333333333332
20231008,8,20.0,24.0,29.0
20231008,9,20.142857142857142,22.142857142857142,22.857142857142858
20231008,10,21.0,23.0,17.666666666666668
20231008,11,21.0,27.25,21.625
20231008,12,21.0,30.0,23.333333333333332
20231008,13,21.0,29.0,23.75
20231008,14,21.0,25.0,25.0
20231008,15,21.0,33.0,23.5
20231008,16,21.0,29.0,24.333333333333332
20231008,17,21.0,29.0,26.4
20231008,18,21.0,25.5,19.25
20231008,19,21.0,27.666666666666668,23.666666666666668
20231008,20,21.0,24.75,23.75
20231008,21,21.0,20.333333333333332,22.166666666666668
20231008,22,21.0,27.25,24.0
20231008,23,21.0,24.0,29.5
20231009,0,21.0,27.428571428571427,28.285714285714285
20231009,1,21.0,26.285714285714285,34.0
20231009,2,21.0,26.0,24.5
20231009,3,20.5,25.833333333333332,25.833333333333332
20231009,4,20.5,30.0,28.25
20231009,5,20.5,23.6,21.3
20231009,6,20.5,26.0,17.0
20231009,7,20.5,24.857142857142858,21.571428571428573
20231009,8,20.5,34.0,23.0
20231009,9,20.5,23.142857142857142,27.0
20231009,10,20.5,21.0,27.333333333333332
20231009,11,20.5,24.625,26.375
20231009,12,20.5,28.0,24.0
20231009,13,20.8125,27.625,23.5
20231009,14,21.0,25.0,23.0
20231009,15,21.0,27.77777777777778,22.555555555555557
20231009,16,21.0,30.75,23.75
20231009,17,21.2,27.8,22.6
20231009,18,21.0,25.0,18.0
20231009,19,20.625,26.0,23.333333333333332
20231009,20,20.0,27.5,24.666666666666668
20231009,21,21.0,19.0,19.5
20231009,22,21.0,24.0,26.333333333333332
20231009,23,21.0,27.6,27.6
20231010,0,21.0,29.571428571428573,29.857142857142858
20231010,1,21.0,33.57142857142857,19.285714285714285
20231010,2,21.0,32.0,19.0
20231010,3,21.0,25.625,27.875
20231010,4,21.0,20.666666666666668,24.0
20231010,5,21.0,31.444444444444443,21.555555555555557
20231010,6,21.0,28.0,30.0
20231010,7,21.0,30.0,19.333333333333332
20231010,8,21.0,23.4,24.0
20231010,9,21.0,28.5,18.5
20231010,10,21.0,25.0,21.428571428571427
20231010,11,21.0,27.0,21.0
20231010,12,21.0,28.4,24.0
20231010,13,21.0,23.8,26.0
20231010,14,21.0,26.833333333333332,23.833333333333332
20231010,15,21.0,25.0,24.0
20231010,16,21.0,26.0,21.142857142857142
20231010,17,21.0,26.0,22.0
20231010,18,21.0,25.714285714285715,20.428571428571427
20231010,19,21.0,30.0,20.0
20231010,20,21.0,29.8,21.2
20231010,21,21.0,28.4,23.6
20231010,22,21.0,21.0,21.333333333333332
20231010,23,21.0,15.166666666666666,25.166666666666668
20231011,0,21.0,26.142857142857142,19.571428571428573
20231011,1,21.0,28.857142857142858,24.571428571428573
20231011,2,21.0,22.5,25.5
20231011,3,21.0,25.5,16.75
20231011,4,21.0,14.0,32.333333333333336
20231011,5,21.0,25.11111111111111,27.11111111111111
20231011,6,21.0,26.4,19.0
20231011,7,21.0,30.6,22.0
20231011,8,21.0,24.333333333333332,20.333333333333332
20231011,9,21.0,22.428571428571427,20.428571428571427
20231011,10,21.0,23.666666666666668,22.666666666666668
20231011,11,21.0,26.428571428571427,21.571428571428573
20231011,12,21.0,28.0,21.5
20231011,13,21.0,29.833333333333332,23.166666666666668
20231011,14,21.0,28.0,21.5
20231011,15,20.857142857142858,30.0,22.285714285714285
20231011,16,21.0,21.8,22.4
20231011,17,21.0,24.2,24.2
20231011,18,21.0,30.75,25.25
20231011,19,21.0,34.0,19.6
20231011,20,21.0,29.666666666666668,20.666666666666668
20231011,21,21.0,26.25,18.0
20231011,22,21.0,22.5,21.0
20231011,23,21.0,27.625,21.75
20231012,0,21.0,24.285714285714285,25.857142857142858
20231012,1,21.0,23.857142857142858,23.0
20231012,2,21.0,13.0,26.5
20231012,3,21.0,26.125,22.0
20231012,4,21.0,41.0,20.0
20231012,5,21.0,24.0,18.285714285714285
20231012,6,21.0,24.0,21.333333333333332
20231012,7,21.0,27.0,25.333333333333332
20231012,8,21.0,30.0,23.0
20231012,9,21.0,28.75,22.0
20231012,10,21.0,28.0,24.0
20231012,11,21.0,26.0,21.833333333333332
20231012,12,21.0,25.666666666666668,21.666666666666668
20231012,13,21.0,29.142857142857142,22.428571428571427
20231012,14,21.0,29.666666666666668,25.333333333333332
20231012,15,21.0,22.6,24.4
20231012,16,21.0,25.666666666666668,24.333333333333332
20231012,17,21.0,25.0,21.142857142857142
20231012,18,21.0,26.0,20.0
20231012,19,21.0,28.428571428571427,20.428571428571427
20231012,20,21.0,27.5,20.5
20231012,21,21.0,26.5,22.0
20231012,22,21.0,23.333333333333332,24.666666666666668
20231012,23,21.0,24.625,20.125
20231013,0,19.714285714285715,23.714285714285715,27.0
20231013,1,20.75,36.714285714285715,21.857142857142858
20231013,2,21.0,26.5,23.5
20231013,3,21.0,27.375,20.125
20231013,4,21.0,30.5,22.0
20231013,5,21.0,28.0,14.7
20231013,7,21.0,30.2,23.4
20231013,8,21.0,28.0,24.8
20231013,9,21.0,27.75,20.5
20231013,10,21.0,28.5,21.833333333333332
20231013,11,21.0,22.25,22.25
20231013,12,21.0,21.833333333333332,22.0
20231013,13,21.2,28.6,21.0
20231013,14,21.0,24.6,23.2
20231013,15,21.0,26.3,22.3
20231013,16,21.0,23.0,22.5
20231013,17,21.0,21.714285714285715,20.142857142857142
20231013,18,21.0,23.0,19.0
20231013,19,21.0,29.285714285714285,20.571428571428573
20231013,20,21.0,29.5,20.0
20231013,21,21.0,29.428571428571427,22.571428571428573
20231013,22,21.0,21.666666666666668,23.333333333333332
20231013,23,21.0,23.75,23.375
20231014,0,21.0,24.0,24.285714285714285
20231014,1,19.875,24.75,27.25
20231014,2,20.0,22.0,21.0
20231014,3,20.5,21.125,24.5
20231014,4,21.0,24.5,26.0
20231014,5,21.0,27.88888888888889,18.77777777777778
20231014,6,21.0,24.5,17.75
20231014,7,21.0,20.5,20.5
20231014,8,21.0,22.0,23.5
20231014,9,21.0,23.285714285714285,22.571428571428573
20231014,10,21.0,20.333333333333332,20.666666666666668
20231014,11,21.0,25.0,19.714285714285715
20231014,12,21.0,23.0,20.0
20231014,13,21.0,27.428571428571427,21.857142857142858
20231014,14,21.0,29.0,23.0
20231014,15,21.0,26.3,22.3
20231014,16,21.0,24.0,22.5
20231014,17,20.833333333333332,24.5,23.333333333333332
20231014,18,21.0,26.0,23.333333333333332
20231014,19,21.0,28.142857142857142,22.285714285714285
20231014,20,21.666666666666668,26.0,27.0
20231014,21,21.0,21.142857142857142,22.428571428571427
20231014,22,21.0,25.333333333333332,28.333333333333332
20231014,23,21.0,24.571428571428573,26.571428571428573
20231015,0,21.0,28.285714285714285,30.0
20231015,1,21.0,24.125,33.375
20231015,2,21.0,27.0,22.0
20231015,3,21.0,26.75,22.25
20231015,4,21.0,35.5,28.5
20231015,5,21.0,28.22222222222222,23.444444444444443
20231015,6,21.0,22.0,24.4
20231015,7,21.0,17.6,22.4
20231015,8,21.0,21.0,23.333333333333332
20231015,9,21.0,19.857142857142858,23.142857142857142
20231015,10,21.0,24.333333333333332,22.0
20231015,11,20.428571428571427,24.714285714285715,24.142857142857142
20231015,12,20.0,25.666666666666668,23.666666666666668
20231015,13,20.333333333333332,24.833333333333332,22.833333333333332
20231015,14,20.5,32.25,21.0
20231015,15,20.5,28.5,21.666666666666668
20231015,16,20.785714285714285,26.857142857142858,21.571428571428573
20231015,17,21.5,22.666666666666668,22.666666666666668
20231015,18,21.0,27.166666666666668,22.0
20231015,19,21.0,24.75,21.75
20231015,20,21.0,26.4,24.8
20231015,21,21.0,22.6,24.8
20231015,23,21.0,27.333333333333332,26.666666666666668
20231016,0,21.0,26.428571428571427,25.571428571428573
20231016,1,21.0,30.75,19.75
20231016,2,21.0,35.5,16.0
20231016,3,21.0,37.857142857142854,24.0
20231016,4,21.0,40.5,27.0
20231016,5,21.0,29.22222222222222,23.77777777777778
20231016,6,21.0,25.0,37.5
20231016,7,21.0,24.571428571428573,27.0
20231016,8,21.0,30.5,22.0
20231016,9,21.0,27.571428571428573,21.142857142857142
20231016,10,21.0,26.0,24.666666666666668
20231016,11,21.0,27.5,22.125
20231016,12,21.0,31.666666666666668,23.666666666666668
20231016,13,21.0,30.125,25.0
20231016,14,21.0,29.333333333333332,23.5
20231016,15,21.0,24.571428571428573,23.714285714285715
20231016,16,21.0,22.25,22.75
20231016,17,21.0,24.5,20.25
20231016,18,21.0,19.0,20.0
20231016,19,21.0,27.0,20.571428571428573
20231016,20,21.0,31.333333333333332,25.0
20231016,21,20.785714285714285,26.714285714285715,19.285714285714285
20231016,22,21.0,18.666666666666668,25.333333333333332
20231016,23,20.625,24.0,27.25
20231017,0,20.571428571428573,21.0,35.42857142857143
20231017,1,19.5,28.125,18.375
20231017,2,19.5,25.0,24.0
20231017,3,20.75,33.5,20.625
20231017,4,21.5,18.0,25.5
20231017,5,21.5,25.75,23.875
20231017,6,21.5,25.2,25.2
20231017,7,21.5,24.6,22.2
20231017,8,21.5,25.75,23.25
20231017,9,21.5,25.5,24.166666666666668
20231017,10,21.5,19.0,24.25
20231017,11,21.5,23.666666666666668,22.666666666666668
20231017,12,21.5,27.0,21.5
20231017,13,21.5,27.25,23.75
20231017,14,20.625,27.285714285714285,23.571428571428573
20231017,15,20.5,21.571428571428573,21.857142857142858
20231017,16,21.0,22.333333333333332,21.333333333333332
20231017,17,21.0,24.0,20.0
20231017,18,21.0,27.333333333333332,21.166666666666668
20231017,19,21.0,31.8,19.4
20231017,20,21.0,29.4,20.4
20231017,21,21.0,27.0,19.8
20231017,22,21.0,25.0,20.25
20231017,23,21.0,23.6,24.8
20231018,0,21.0,25.125,21.125
20231018,1,21.0,28.0,19.4
20231018,2,21.0,36.2,26.8
20231018,3,21.0,34.5,22.25
20231018,4,21.0,36.666666666666664,21.833333333333332
20231018,5,21.0,27.857142857142858,17.285714285714285
20231018,6,21.0,25.6,21.0
20231018,7,21.0,26.6,19.0
20231018,8,21.0,29.25,18.25
20231018,9,21.0,28.333333333333332,19.333333333333332
20231018,10,21.0,25.5,22.0
20231018,12,21.0,26.0,23.0
20231018,13,21.0,31.0,23.5
20231018,14,20.666666666666668,30.333333333333332,22.666666666666668
20231018,15,20.5,23.5,23.0
20231018,16,20.5,25.0,21.166666666666668
20231018,17,20.5,27.25,20.25
20231018,18,20.5,25.75,21.0
20231018,19,20.5,28.75,21.5
20231018,20,20.4,32.6,20.8
20231018,21,20.0,28.2,19.8
20231018,22,21.0,20.75,25.5
20231018,23,21.0,22.75,23.25
20231019,0,21.0,20.25,22.75
20231019,2,21.0,27.5,32.5
20231019,3,21.0,24.333333333333332,31.333333333333332
20231019,4,19.8,28.4,22.2
20231019,5,19.5,31.0,17.444444444444443
20231019,6,19.5,27.5,22.0
20231019,7,19.5,24.0,22.5
20231019,8,19.5,21.666666666666668,23.666666666666668
20231019,9,19.5,25.25,20.0
20231019,10,19.5,30.5,22.166666666666668
20231019,11,19.5,32.0,23.0
20231019,12,19.5,32.0,23.0
20231019,13,20.4,27.6,23.2
20231019,14,21.0,26.6,23.0
20231019,15,21.0,24.714285714285715,22.571428571428573
20231019,16,21.0,24.25,23.25
20231019,17,21.0,25.0,21.75
20231019,18,21.0,28.6,22.2
20231019,19,21.0,28.6,24.0
20231019,20,21.0,31.666666666666668,22.0
20231019,21,21.0,22.0,21.0
20231019,23,21.0,24.6,24.2
20231020,0,21.0,24.0,25.8
20231020,1,21.0,34.25,25.0
20231020,2,21.0,24.8,21.8
20231020,3,21.0,27.6,19.0
20231020,4,21.0,28.333333333333332,21.833333333333332
20231020,5,21.0,28.125,21.0
20231020,6,21.0,25.25,25.0
20231020,7,21.0,30.25,32.75
20231020,8,21.0,26.75,23.75
20231020,9,21.0,25.8,20.2
20231020,10,21.0,24.0,21.0
20231020,11,21.0,23.2,21.6
20231020,12,21.0,27.25,23.5
20231020,13,21.0,27.0,22.5
20231020,14,21.0,24.0,21.4
20231020,15,21.0,24.4,22.0
20231020,16,21.0,23.5,23.5
20231020,17,21.0,19.6,18.4
20231020,18,21.0,21.6,20.2
20231020,19,21.0,29.0,19.0
20231020,20,21.0,28.75,19.75
20231020,21,21.0,26.4,18.6
20231020,22,21.0,19.25,22.0
20231021,0,21.0,30.0,15.333333333333334
20231021,1,21.0,27.0,35.0
20231021,2,21.0,19.0,19.8
20231021,3,21.0,22.6,19.8
20231021,4,21.0,23.0,32.666666666666664
20231021,5,21.0,22.142857142857142,18.857142857142858
20231021,6,21.0,24.0,18.0
20231021,7,21.0,24.5,23.25
20231021,8,21.0,19.6,24.4
20231021,9,20.7,19.8,22.4
20231021,10,20.5,21.0,19.75
20231021,11,20.5,23.0,21.2
20231021,12,20.5,22.2,23.2
20231021,13,21.0,22.2,21.2
20231021,14,21.0,22.6,21.8
20231021,15,21.0,23.571428571428573,24.428571428571427
20231021,16,20.5,24.0,20.75
20231021,17,20.75,22.5,25.0
20231021,18,21.2,21.2,23.0
20231021,19,21.0,30.25,22.0
20231021,20,21.0,26.2,23.6
20231021,21,21.0,22.333333333333332,23.0
20231021,22,21.0,23.5,27.5
20231021,23,20.75,27.5,25.25
20231022,0,21.0,25.571428571428573,31.428571428571427
20231022,1,21.0,30.0,28.666666666666668
20231022,2,21.0,27.833333333333332,23.666666666666668
20231022,3,21.0,29.25,17.75
20231022,4,21.0,29.0,24.25
20231022,5,21.0,26.75,17.0
20231022,6,21.0,22.5,23.5
20231022,7,21.0,23.75,20.25
20231022,8,21.0,23.8,18.8
20231022,9,21.0,25.5,29.75
20231022,10,20.0,19.5,24.666666666666668
20231022,11,20.0,29.666666666666668,21.333333333333332
20231022,12,20.0,28.2,21.0
20231022,13,20.0,27.5,24.25
20231022,14,19.7,29.0,21.0
20231022,15,20.357142857142858,32.857142857142854,26.0
20231022,16,21.0,30.25,25.5
20231022,17,21.0,31.0,21.5
20231022,18,21.0,30.25,21.75
20231022,19,21.0,32.5,24.0
20231022,20,21.0,27.0,21.0
20231022,21,20.1,22.8,23.6
20231022,22,20.25,22.25,24.0
20231022,23,21.0,24.8,28.0
20231023,0,21.0,27.125,31.5
20231023,1,21.0,31.666666666666668,33.833333333333336
20231023,2,21.0,33.6,20.6
20231023,3,21.0,27.6,32.6
20231023,4,21.0,33.25,28.0
20231023,5,21.0,27.75,26.5
20231023,6,21.0,22.0,20.75
20231023,7,21.0,32.6,24.2
20231023,8,21.0,25.0,19.6
20231023,9,21.0,25.666666666666668,21.666666666666668
20231023,10,21.0,26.666666666666668,22.5
20231023,11,21.0,26.8,22.2
20231023,12,21.0,33.0,22.75
20231023,13,21.0,28.666666666666668,21.333333333333332
20231023,14,21.0,27.0,22.0
20231023,15,21.0,26.666666666666668,23.833333333333332
20231023,16,21.0,23.0,16.0
20231023,17,21.0,25.0,20.0
20231023,18,21.0,25.0,20.0
20231023,19,21.0,26.0,24.0
20231023,20,21.0,34.0,24.0
20231023,21,21.0,24.8,23.4
20231023,22,21.0,22.0,21.25
20231023,23,23.0,21.666666666666668,22.833333333333332
20231024,0,21.25,23.571428571428573,22.142857142857142
20231024,1,21.0,26.833333333333332,22.5
20231024,2,21.0,33.833333333333336,17.5
20231024,3,21.0,38.75,21.25
20231024,4,21.0,28.5,26.75
20231024,5,21.0,29.75,22.625
20231024,6,21.0,19.2,17.4
20231024,7,21.0,21.25,22.25
20231024,8,21.0,27.8,25.4
20231024,9,21.0,29.25,22.0
20231024,10,21.0,26.2,21.8
20231024,11,21.0,26.5,22.25
20231024,12,21.0,32.0,22.666666666666668
20231024,13,21.0,27.333333333333332,23.666666666666668
20231024,14,21.0,25.75,24.25
20231024,15,21.0,27.714285714285715,22.857142857142858
20231024,16,21.0,25.5,21.75
20231024,17,21.0,26.0,21.0
20231024,18,21.0,30.4,19.6
20231024,19,21.0,30.6,19.6
20231024,20,21.0,28.8,20.2
20231024,21,21.0,21.75,20.5
20231024,22,21.0,20.75,22.0
20231024,23,21.0,20.333333333333332,24.5
20231025,0,21.0,23.5,24.375
20231025,1,21.0,23.2,25.2
20231025,2,21.0,28.0,20.0
20231025,3,21.0,37.25,23.75
20231025,4,21.0,33.0,23.666666666666668
20231025,5,21.0,26.25,18.875
20231025,6,21.0,28.8,20.4
20231025,7,21.0,27.8,17.2
20231025,8,21.0,30.333333333333332,23.666666666666668
20231025,9,21.0,26.0,20.0
20231025,10,21.0,27.6,20.2
20231025,11,21.0,27.666666666666668,22.833333333333332
20231025,12,21.0,25.6,23.2
20231025,13,21.0,28.6,23.0
20231025,14,21.0,25.166666666666668,23.5
20231025,15,21.0,25.857142857142858,22.714285714285715
20231025,16,21.0,30.0,19.333333333333332
20231025,17,21.0,29.6,19.4
20231025,18,21.0,26.25,18.25
20231025,19,21.0,32.4,18.6
20231025,20,21.0,27.5,19.0
20231025,21,20.5,24.666666666666668,21.0
20231025,22,21.0,20.833333333333332,22.5
20231025,23,21.0,27.0,22.0
20231026,0,21.0,24.875,19.875
20231026,1,21.0,25.666666666666668,23.0
20231026,2,21.0,29.6,17.0
20231026,3,21.0,27.6,17.2
20231026,4,21.0,21.833333333333332,27.5
20231026,5,21.0,26.75,28.125
20231026,6,21.0,22.0,21.8
20231026,7,21.0,24.333333333333332,32.0
20231026,8,21.0,30.0,26.333333333333332
20231026,9,21.0,27.333333333333332,19.333333333333332
20231026,10,21.0,28.4,21.8
20231026,11,21.0,26.75,23.5
20231026,12,21.0,24.333333333333332,22.0
20231026,13,21.0,28.0,21.6
20231026,14,21.0,29.25,21.75
20231026,15,21.0,27.5,22.833333333333332
20231026,16,21.0,28.666666666666668,21.666666666666668
20231026,17,21.0,28.25,20.5
20231026,18,21.0,28.8,19.8
20231026,19,21.0,29.4,21.8
20231026,20,21.0,32.6,20.6
20231026,21,21.0,27.0,21.4
20231026,22,21.0,23.4,20.6
20231026,23,21.0,18.0,26.5
20231027,0,21.0,20.875,21.875
20231027,1,21.0,28.666666666666668,21.333333333333332
20231027,2,21.0,27.666666666666668,24.666666666666668
20231027,3,21.0,35.5,29.666666666666668
20231027,4,21.0,34.0,18.0
20231027,5,21.0,31.0,15.166666666666666
20231027,6,21.0,24.75,28.5
20231027,7,21.0,26.2,26.4
20231027,8,21.0,25.8,22.6
20231027,9,21.0,28.0,22.0
20231027,10,21.0,28.5,22.25
20231027,11,21.0,25.833333333333332,22.166666666666668
20231027,12,21.0,27.8,22.4
20231027,13,20.6,28.0,24.4
20231027,14,21.0,26.4,24.4
20231027,15,21.0,23.625,22.375
20231027,16,21.0,25.333333333333332,22.0
20231027,17,21.0,22.6,18.8
20231027,18,21.0,23.8,19.4
20231027,19,21.0,28.0,20.8
20231027,20,21.0,29.0,19.666666666666668
20231027,21,21.0,27.166666666666668,20.333333333333332
20231027,22,22.25,21.5,21.5
20231027,23,21.0,21.0,27.0
20231028,0,21.0,25.142857142857142,27.285714285714285
20231028,1,21.0,30.833333333333332,28.166666666666668
20231028,2,21.0,25.75,25.25
20231028,3,21.0,24.0,27.5
20231028,4,21.0,26.0,20.0
20231028,5,20.0,22.428571428571427,24.714285714285715
20231028,6,20.0,22.2,21.2
20231028,7,20.0,26.4,25.6
20231028,8,21.25,23.25,18.5
20231028,9,22.5,18.75,24.0
20231028,10,22.5,20.25,20.625
20231028,11,21.75,24.75,22.75
20231028,12,20.625,27.375,21.875
20231028,13,20.75,25.0,22.125
20231028,14,21.1875,26.625,25.75
20231028,15,21.0,24.5,23.25
20231028,16,21.0,30.285714285714285,23.285714285714285
20231028,17,21.0,32.285714285714285,23.285714285714285
20231028,18,21.0,28.0,22.714285714285715
20231028,19,21.0,29.857142857142858,21.857142857142858
20231028,20,21.0,27.875,24.375
20231028,21,21.0,19.875,22.0
20231028,22,21.0,27.0,27.375
20231028,23,21.0,29.75,26.625
20231029,0,21.0,26.583333333333332,24.166666666666668
20231029,1,21.0,22.0,25.875
20231029,2,20.375,25.25,23.375
20231029,3,20.375,27.25,17.125
20231029,4,21.0,22.5,17.125
20231029,5,21.0,23.333333333333332,21.833333333333332
20231029,6,21.0,23.0,21.428571428571427
20231029,7,21.0,26.857142857142858,19.428571428571427
20231029,8,21.0,27.0,25.857142857142858
20231029,9,21.0,23.0,23.0
20231029,10,21.0,23.125,20.875
20231029,11,21.0,25.75,24.25
20231029,12,21.0,20.0,23.5
20231029,13,21.0,22.75,21.375
20231029,14,21.0,21.875,23.25
20231029,15,21.0,26.666666666666668,24.916666666666668
20231029,16,21.142857142857142,28.428571428571427,22.142857142857142
20231029,17,21.714285714285715,25.857142857142858,21.285714285714285
20231029,18,21.0,27.142857142857142,22.857142857142858
20231029,19,21.0,29.714285714285715,22.857142857142858
20231029,20,21.0,30.875,24.375
20231029,21,21.0,27.125,24.125
20231029,22,21.0,28.25,23.75
20231029,23,21.0,28.125,20.125
20231030,0,20.541666666666668,29.666666666666668,20.5
20231030,1,20.0,31.75,21.25
20231030,2,20.0,30.125,22.0
20231030,3,20.0,30.25,18.625
20231030,4,20.0,26.75,19.375
20231030,5,20.0,30.5,26.75
20231030,6,20.0,21.571428571428573,25.571428571428573
20231030,7,20.0,23.142857142857142,20.714285714285715
20231030,8,20.0,28.0,21.714285714285715
20231030,9,20.0,26.142857142857142,26.285714285714285
20231030,10,20.0,26.75,23.875
20231030,11,20.0,27.875,24.0
20231030,12,20.0,31.125,22.75
20231030,13,20.0,29.875,23.125
20231030,14,20.625,31.0,23.625
20231030,15,21.0,26.416666666666668,22.416666666666668
20231030,16,21.0,27.285714285714285,23.142857142857142
20231030,17,21.0,30.142857142857142,20.571428571428573
20231030,18,21.0,29.0,20.0
20231030,19,20.785714285714285,28.285714285714285,19.714285714285715
20231030,20,19.6875,30.75,21.25
20231030,21,21.0,24.875,23.5
20231030,22,21.0,22.25,23.25
20231030,23,21.0,24.875,28.5
20231101,0,21.0,26.916666666666668,22.75
20231101,1,21.0,25.625,19.875
20231101,2,21.0,28.875,21.125
20231101,3,21.0,30.25,23.25
20231101,4,21.0,24.375,24.125
20231101,5,21.0,27.416666666666668,27.666666666666668
20231101,6,21.0,27.428571428571427,19.0
20231101,7,21.0,26.857142857142858,20.857142857142858
20231101,8,21.0,27.571428571428573,21.0
20231101,9,21.0,24.142857142857142,19.571428571428573
20231101,10,21.0,28.625,22.0
20231101,11,21.0,26.5,21.875
20231101,12,21.0,26.5,24.125
20231101,13,21.0,26.875,24.0
20231101,14,25.5,27.0,22.25
20231101,15,27.0,23.833333333333332,22.75
20231101,16,27.0,26.285714285714285,22.428571428571427
20231101,17,27.0,26.142857142857142,22.285714285714285
20231101,18,27.0,28.428571428571427,21.0
20231101,19,27.0,28.142857142857142,21.857142857142858
20231101,20,27.0,31.875,21.75
20231101,21,24.75,26.25,23.5
20231101,22,23.625,22.75,24.5
20231101,23,21.0,24.75,24.5
20231102,0,21.0,21.25,27.916666666666668
20231102,1,21.0,26.625,19.75
20231102,2,21.0,32.0,24.875
20231102,3,21.0,27.125,14.75
20231102,4,21.0,32.0,19.75
20231102,5,21.0,25.5,21.166666666666668
20231102,6,21.0,22.571428571428573,18.571428571428573
20231102,7,21.0,21.428571428571427,13.571428571428571
20231102,8,21.0,29.0,20.285714285714285
20231102,9,21.0,28.428571428571427,17.857142857142858
20231102,10,21.0,23.625,23.625
20231102,11,21.0,25.625,23.375
20231102,12,21.0,32.75,25.375
20231102,13,21.0,28.0,25.333333333333332
20231102,14,21.0,30.125,25.25
20231102,15,21.0,28.333333333333332,23.416666666666668
20231102,16,21.0,23.857142857142858,23.714285714285715
20231102,17,21.0,26.428571428571427,22.285714285714285
20231102,18,21.0,26.0,20.857142857142858
20231102,19,21.0,28.0,20.857142857142858
20231102,20,21.0,28.875,20.125
20231102,21,21.0,29.375,22.75
20231102,22,24.0,22.0,19.625
20231102,23,25.0,20.875,21.0
20231103,0,21.0,25.5,21.25
20231103,1,20.5625,27.625,22.0
20231103,2,20.4375,31.125,23.75
20231103,3,20.0,37.0,26.25
20231103,4,20.0,30.625,16.875
20231103,5,20.0,30.5,21.416666666666668
20231103,6,20.0,24.714285714285715,19.285714285714285
20231103,7,20.0,24.428571428571427,22.857142857142858
20231103,8,20.0,27.0,19.0
20231103,9,20.0,30.857142857142858,19.428571428571427
20231103,10,20.0,27.125,21.125
20231103,11,20.0,24.125,22.5
20231103,12,20.0,25.875,23.25
20231103,13,20.0,24.75,23.0
20231103,14,20.625,23.25,22.25
20231103,15,21.0,23.25,22.916666666666668
20231103,16,20.571428571428573,26.428571428571427,22.0
20231103,17,19.5,24.428571428571427,21.142857142857142
20231103,18,19.5,27.714285714285715,18.714285714285715
20231103,19,19.5,28.142857142857142,19.857142857142858
20231103,20,19.5,33.375,20.75
20231103,21,20.4375,32.875,25.375
20231103,22,21.0,24.75,24.375
20231103,23,20.75,23.5,25.875
20231104,0,20.0,22.416666666666668,24.5
20231104,1,20.0,28.0,22.875
20231104,2,20.5,29.125,20.25
20231104,3,21.0,41.5,23.125
20231104,4,21.0,30.5,19.5
20231104,5,21.0,25.916666666666668,23.416666666666668
20231104,6,21.0,24.714285714285715,22.142857142857142
20231104,7,21.0,26.0,21.571428571428573
20231104,8,21.0,24.857142857142858,23.571428571428573
20231104,9,21.0,19.857142857142858,21.142857142857142
20231104,10,21.0,20.875,20.125
20231104,11,21.0,22.125,21.75
20231104,12,20.4375,24.375,22.125
20231104,13,20.25,26.0,23.125
20231104,14,21.0,22.875,22.75
20231104,15,21.0,27.0,22.166666666666668
20231104,16,20.642857142857142,28.714285714285715,21.857142857142858
20231104,17,20.5,26.428571428571427,21.285714285714285
20231104,18,21.0,28.285714285714285,22.142857142857142
20231104,19,21.0,26.857142857142858,21.571428571428573
20231104,20,21.0,29.875,22.625
20231104,21,21.0,24.625,23.375
20231104,22,21.0,25.25,25.5
20231104,23,21.0,30.125,28.0
20231105,0,21.0,27.916666666666668,24.166666666666668
20231105,1,21.0,25.25,25.75
20231105,2,21.125,27.75,23.875
20231105,3,21.5,27.625,23.0
20231105,4,21.5,28.5,26.375
20231105,5,21.5,25.666666666666668,22.75
20231105,6,21.5,25.142857142857142,20.428571428571427
20231105,7,21.5,16.428571428571427,23.857142857142858
20231105,8,21.5,19.714285714285715,23.285714285714285
20231105,9,21.285714285714285,22.571428571428573,18.285714285714285
20231105,10,21.0,24.625,21.125
20231105,11,21.0,25.375,22.5
20231105,12,21.0,26.5,24.0
20231105,13,21.0,25.625,23.375
20231105,14,21.0,24.25,21.625
20231105,15,21.0,28.5,22.833333333333332
20231105,16,21.857142857142858,28.0,22.428571428571427
20231105,17,22.0,26.428571428571427,23.714285714285715
20231105,18,22.0,28.714285714285715,25.285714285714285
20231105,19,22.0,33.0,25.0
20231105,20,22.0,29.25,21.5
20231105,21,21.875,26.125,25.125
20231105,22,20.0625,27.375,24.875
20231105,23,21.0,28.375,26.375
20231106,0,24.5,27.75,25.75
20231106,1,27.0,29.25,21.875
20231106,2,23.25,38.625,19.875
20231106,3,21.0,31.875,19.0
20231106,4,21.0,31.125,21.875
20231106,5,21.0,30.75,20.083333333333332
20231106,6,21.0,22.571428571428573,22.0
20231106,7,21.0,25.0,21.0
20231106,8,21.0,16.857142857142858,23.0
20231106,9,21.0,24.857142857142858,20.142857142857142
20231106,10,21.0,29.75,20.0
20231106,11,21.0,29.125,21.0
20231106,12,21.0,28.5,22.375
20231106,13,21.0,29.875,23.0
20231106,14,21.0,27.125,21.25
20231106,15,21.0,27.666666666666668,22.0
20231106,16,21.0,25.428571428571427,22.285714285714285
20231106,17,21.0,29.142857142857142,20.857142857142858
20231106,18,21.0,26.428571428571427,19.857142857142858
20231106,19,21.0,29.285714285714285,19.571428571428573
20231106,20,21.0,32.25,22.375
20231106,21,20.4375,31.0,20.125
20231106,22,19.5,22.75,23.75
20231106,23,19.5,20.5,23.0
20231107,0,19.5,25.333333333333332,26.583333333333332
20231107,1,19.5,26.75,20.25
20231107,2,19.5,27.0,24.125
20231107,3,19.5,30.625,17.75
20231107,4,19.5,33.625,16.25
20231107,5,19.5,33.25,21.166666666666668
20231107,6,19.5,25.714285714285715,22.571428571428573
20231107,7,19.5,26.0,23.285714285714285
20231107,8,19.5,26.0,20.285714285714285
20231107,9,19.5,26.714285714285715,21.428571428571427
20231107,10,19.5,26.625,22.75
20231107,11,19.5,26.875,23.875
20231107,12,19.5,28.75,24.25
20231107,13,19.5,30.25,25.125
20231107,14,19.5,26.375,23.0
20231107,15,19.5,25.583333333333332,22.583333333333332
20231107,16,19.5,27.142857142857142,21.142857142857142
20231107,17,19.5,25.142857142857142,21.857142857142858
20231107,18,19.5,28.428571428571427,21.0
20231107,19,19.5,30.0,20.142857142857142
20231107,20,19.5,30.875,21.25
20231107,21,19.5625,27.875,20.25
20231107,22,19.5,23.75,23.625
20231107,23,21.0,29.875,26.0
20231108,0,21.0,25.916666666666668,24.333333333333332
20231108,1,21.0,29.125,28.375
20231108,2,21.0,27.875,26.375
20231108,3,21.0,28.625,16.125
20231108,4,21.0,26.375,21.125
20231108,5,21.0,22.916666666666668,17.416666666666668
20231108,6,21.0,24.142857142857142,21.142857142857142
20231108,7,21.0,24.857142857142858,27.714285714285715
20231108,8,21.0,26.285714285714285,22.571428571428573
20231108,9,21.0,29.571428571428573,22.714285714285715
20231108,10,21.0,27.75,23.125
20231108,11,21.0,29.125,22.875
20231108,12,21.0,26.625,23.5
20231108,13,21.0,26.125,23.0
20231108,14,21.0,27.375,23.0
20231108,15,21.0,25.666666666666668,22.666666666666668
20231108,16,21.0,25.571428571428573,21.142857142857142
20231108,17,21.0,21.714285714285715,19.285714285714285
20231108,18,21.0,22.857142857142858,19.142857142857142
20231108,19,21.0,31.142857142857142,21.0
20231108,20,21.0,27.25,20.125
20231108,21,21.0,27.625,20.5
20231108,22,29.0,24.5,21.875
20231108,23,37.0,16.0,25.75
20231109,0,37.0,16.583333333333332,23.416666666666668
20231109,1,37.0,31.625,24.625
20231109,2,27.0,29.125,30.0
20231109,3,21.0,29.0,21.75
20231109,4,21.0,43.375,21.375
20231109,5,21.0,22.916666666666668,28.0
20231109,6,21.0,25.0,28.714285714285715
20231109,7,21.0,23.571428571428573,22.142857142857142
20231109,8,21.0,28.0,24.428571428571427
20231109,9,21.0,27.714285714285715,19.142857142857142
20231109,10,21.0,24.5,21.25
20231109,11,21.0,25.625,22.25
20231109,12,21.0,28.625,22.375
20231109,13,21.0,26.5,24.125
20231109,14,21.0,24.125,23.875
20231109,15,21.0,26.083333333333332,22.0
20231109,16,21.0,24.285714285714285,21.142857142857142
20231109,17,21.0,24.285714285714285,19.285714285714285
20231109,18,21.0,23.285714285714285,21.714285714285715
20231109,19,21.0,26.285714285714285,19.714285714285715
20231109,20,21.0,27.75,20.375
20231109,21,21.0,32.0,20.0
20231109,22,21.0,25.375,20.25
20231109,23,21.0,23.625,26.0
20231110,0,21.0,22.916666666666668,23.583333333333332
20231110,1,21.0,21.25,24.875
20231110,2,21.0,29.875,16.5
20231110,3,21.0,34.75,16.75
20231110,4,21.0,27.25,20.375
20231110,5,21.0,28.0,21.333333333333332
20231110,6,21.0,25.142857142857142,28.285714285714285
20231110,7,21.0,21.0,21.714285714285715
20231110,8,21.0,24.428571428571427,21.285714285714285
20231110,9,21.0,21.428571428571427,23.428571428571427
20231110,10,21.0,23.375,20.875
20231110,11,21.0,23.375,21.25
20231110,12,21.0,23.625,21.375
20231110,13,21.0,28.625,21.75
20231110,14,21.0,24.0,23.5
20231110,15,21.0,23.0,22.666666666666668
20231110,16,20.285714285714285,23.857142857142858,21.428571428571427
20231110,17,20.285714285714285,22.857142857142858,19.0
20231110,18,21.0,25.571428571428573,18.142857142857142
20231110,19,21.0,28.428571428571427,19.714285714285715
20231110,20,21.0,33.0,19.125
20231110,21,21.0,30.5,20.125
20231110,22,21.0,25.0,22.125
20231110,23,21.0,24.625,23.25
20231111,0,21.0,22.75,26.583333333333332
20231111,1,21.0,27.25,25.0
20231111,2,21.0,25.0,32.875
20231111,3,21.0,26.75,31.125
20231111,4,21.0,18.625,22.75
20231111,5,21.0,20.916666666666668,20.25
20231111,6,21.0,27.571428571428573,18.0
20231111,7,21.0,25.714285714285715,30.571428571428573
20231111,8,21.0,21.0,21.285714285714285
20231111,9,21.0,22.142857142857142,22.857142857142858
20231111,10,21.0,20.5,21.0
20231111,11,21.0,25.375,21.75
20231111,12,21.0,29.25,21.375
20231111,13,21.0,23.375,22.25
20231111,14,21.0,26.625,21.125
20231111,15,21.0,24.416666666666668,23.083333333333332
20231111,16,21.0,26.142857142857142,23.571428571428573
20231111,17,21.0,23.714285714285715,23.714285714285715
20231111,18,20.642857142857142,26.0,23.714285714285715
20231111,19,20.5,24.0,23.857142857142858
20231111,20,20.6875,30.375,21.5
20231111,21,21.0,23.0,24.0
20231111,22,21.0,26.0,23.625
20231111,23,21.0,26.875,29.25
20231112,0,21.0,26.083333333333332,29.916666666666668
20231112,1,21.0,30.375,22.75
20231112,2,21.0,33.5,21.125
20231112,3,21.0,26.375,22.75
20231112,4,21.0,24.875,25.375
20231112,5,21.0,29.333333333333332,18.0
20231112,6,21.0,26.857142857142858,20.714285714285715
20231112,7,21.0,23.0,25.857142857142858
20231112,8,21.0,19.714285714285715,27.285714285714285
20231112,9,21.0,22.428571428571427,25.142857142857142
20231112,10,21.0,23.375,24.25
20231112,11,21.0,25.375,23.25
20231112,12,21.0,25.625,21.375
20231112,13,21.0,18.125,25.375
20231112,14,21.0,16.75,24.375
20231112,15,21.0,29.75,21.583333333333332
20231112,16,21.0,27.285714285714285,23.714285714285715
20231112,17,21.0,26.142857142857142,22.857142857142858
20231112,18,21.0,28.714285714285715,22.428571428571427
20231112,19,21.0,29.428571428571427,23.285714285714285
20231112,20,21.0,26.875,24.125
20231112,21,21.0,22.75,22.5
20231112,22,21.0,27.25,21.5
20231112,23,21.0,25.125,21.625
20231113,0,21.0,26.666666666666668,27.75
20231113,1,21.0,25.625,20.25
20231113,2,21.0,28.5,19.625
20231113,3,21.0,32.375,22.375
20231113,4,21.0,33.5,24.0
20231113,5,21.0,27.833333333333332,24.666666666666668
20231113,6,21.0,24.714285714285715,24.285714285714285
20231113,7,21.0,26.571428571428573,20.714285714285715
20231113,8,21.0,30.428571428571427,19.0
20231113,9,21.0,29.428571428571427,19.714285714285715
20231113,10,21.0,28.375,20.375
20231113,11,20.8125,26.5,21.375
20231113,12,19.5,23.875,25.0
20231113,13,19.5,27.625,24.625
20231113,14,19.875,28.375,22.875
20231113,15,21.0,25.916666666666668,22.5
20231113,16,21.0,24.571428571428573,22.142857142857142
20231113,17,21.0,26.142857142857142,24.285714285714285
20231113,18,21.0,21.285714285714285,23.571428571428573
20231113,19,21.0,26.857142857142858,20.285714285714285
20231113,20,21.0,31.0,20.25
20231113,21,21.0,24.0,22.375
20231113,22,21.0,18.25,23.25
20231113,23,21.0,20.75,25.75
20231114,0,21.0,19.333333333333332,23.25
20231114,1,21.0,27.0,23.25
20231114,2,21.0,34.125,20.125
20231114,3,21.0,41.25,17.25
20231114,4,21.0,27.875,20.625
20231114,5,21.0,18.0,27.333333333333332
20231114,6,21.0,20.142857142857142,20.0
20231114,7,21.0,25.0,22.428571428571427
20231114,8,21.0,26.428571428571427,21.0
20231114,9,21.0,23.714285714285715,20.714285714285715
20231114,10,21.0,27.125,22.0
20231114,11,21.0,25.875,22.125
20231114,12,21.0,23.375,24.125
20231114,13,21.0,24.25,24.125
20231114,14,21.0,29.75,23.75
20231114,15,21.0,25.833333333333332,23.666666666666668
20231114,16,21.0,24.0,21.571428571428573
20231114,17,21.0,29.142857142857142,21.142857142857142
20231114,18,21.0,28.142857142857142,18.285714285714285
20231114,19,21.0,29.142857142857142,21.571428571428573
20231114,20,21.0,30.0,25.0
20231114,21,21.0,27.5,23.75
20231114,22,21.0,24.0,24.0
20231114,23,21.0,18.0,30.0
20231115,0,21.0,19.5,29.5
20231115,1,21.0,30.25,25.0
20231115,2,21.0,20.428571428571427,22.857142857142858
20231115,3,21.0,21.5,16.25
20231115,4,21.0,27.0,15.0
20231115,5,21.0,27.0,15.0
20231115,6,21.0,27.0,15.0
20231115,7,21.0,27.0,15.0
20231115,8,21.0,27.0,15.0
20231115,9,21.0,27.0,15.0
20231115,10,21.0,27.5,20.75
20231115,11,21.0,23.875,24.625
20231115,12,21.0,21.875,22.5
20231115,13,21.0,24.0,23.5
20231115,14,20.6875,26.375,24.875
20231115,15,20.5,25.5,27.5
20231115,16,20.5,28.0,21.571428571428573
20231115,17,20.714285714285715,26.714285714285715,21.571428571428573
20231115,18,21.0,29.0,18.714285714285715
20231115,19,21.0,31.0,18.0
20231115,20,21.0,29.75,17.75
20231115,21,21.0,30.0,21.75
20231115,22,21.0,25.0,23.625
20231115,23,21.0,24.5,20.5
20231116,0,21.0,26.583333333333332,22.833333333333332
20231116,1,21.0,25.0,22.125
20231116,2,21.0,37.0,23.75
20231116,3,21.0,29.625,26.625
20231116,4,21.0,29.875,18.5
20231116,5,21.0,20.666666666666668,24.083333333333332
20231116,6,21.0,23.428571428571427,24.142857142857142
20231116,7,21.0,24.428571428571427,23.142857142857142
20231116,8,21.0,27.285714285714285,21.285714285714285
20231116,9,21.0,26.857142857142858,21.0
20231116,10,21.0,23.75,21.0
20231116,11,21.0,24.5,21.375
20231116,12,21.0,25.75,21.75
20231116,13,21.0,25.75,23.375
20231116,14,21.25,26.625,22.625
20231116,15,21.5,26.583333333333332,22.166666666666668
20231116,16,21.5,25.0,21.857142857142858
20231116,17,21.142857142857142,24.571428571428573,20.142857142857142
20231116,18,21.0,28.285714285714285,19.0
20231116,19,21.0,25.285714285714285,19.428571428571427
20231116,20,21.0,28.25,21.875
20231116,21,21.0,25.375,21.75
20231116,22,21.0,26.375,19.875
20231116,23,21.0,24.375,28.25
20231117,0,21.0,29.166666666666668,25.75
20231117,1,21.0,28.25,24.5
20231117,2,21.0,26.5,25.5
20231117,3,21.0,22.25,26.375
20231117,4,21.0,25.375,21.5
20231117,5,21.0,32.833333333333336,21.416666666666668
20231117,6,21.0,25.857142857142858,27.428571428571427
20231117,7,21.0,24.571428571428573,30.285714285714285
20231117,8,21.0,24.571428571428573,22.285714285714285
20231117,9,21.0,28.714285714285715,18.142857142857142
20231117,10,25.5,26.5,19.625
20231117,11,30.0,23.75,20.125
20231117,12,30.0,23.375,23.5
20231117,13,30.0,27.5,23.875
20231117,14,30.0,26.0,23.75
20231117,15,30.0,26.583333333333332,22.916666666666668
20231117,16,30.0,22.428571428571427,20.714285714285715
20231117,17,28.5,24.428571428571427,19.285714285714285
20231117,18,19.5,24.428571428571427,19.142857142857142
20231117,19,19.5,25.0,18.142857142857142
20231117,20,20.4375,27.625,20.375
20231117,21,21.0,26.375,21.625
20231117,22,21.0,24.125,22.875
20231117,23,21.0,19.75,24.625
20231118,0,21.0,20.0,23.5
20231118,1,21.0,24.875,24.25
20231118,2,21.0,25.75,22.75
20231118,3,21.0,27.375,22.75
20231118,4,21.0,29.75,19.875
20231118,5,21.0,18.833333333333332,21.666666666666668
20231118,6,21.0,26.428571428571427,19.857142857142858
20231118,7,21.0,25.571428571428573,18.285714285714285
20231118,8,21.0,25.857142857142858,19.428571428571427
20231118,9,21.0,24.714285714285715,16.857142857142858
20231118,10,21.0,24.125,19.125
20231118,11,21.0,26.75,20.625
20231118,12,21.0,24.625,22.75
20231118,13,21.0,27.75,21.375
20231118,14,21.0,29.875,20.875
20231118,15,20.75,21.666666666666668,20.833333333333332
20231118,16,19.5,22.0,23.285714285714285
20231118,17,19.5,25.0,21.571428571428573
20231118,18,20.571428571428573,25.285714285714285,23.285714285714285
20231118,19,21.0,30.428571428571427,20.714285714285715
20231118,20,21.0,26.875,23.0
20231118,21,21.0,25.375,23.0
20231118,22,21.0,29.5,24.0
20231118,23,21.0,24.5,28.125
20231119,0,22.0,25.166666666666668,21.416666666666668
20231119,1,21.0,20.875,25.875
20231119,2,21.0,26.375,26.25
20231119,3,21.0,32.125,34.125
20231119,4,21.0,21.25,23.25
20231119,5,21.0,24.75,18.25
20231119,6,21.0,18.714285714285715,19.285714285714285
20231119,7,21.0,21.714285714285715,21.714285714285715
20231119,8,21.0,18.571428571428573,21.571428571428573
20231119,9,21.0,23.142857142857142,16.142857142857142
20231119,10,21.0,19.625,20.75
20231119,11,21.0,25.75,27.375
20231119,12,21.0,25.875,25.375
20231119,13,21.0,30.125,23.875
20231119,14,21.0,29.5,23.875
20231119,15,21.0,28.416666666666668,24.25
20231119,16,21.0,32.142857142857146,23.857142857142858
20231119,17,21.0,28.428571428571427,24.714285714285715
20231119,18,21.0,29.571428571428573,23.285714285714285
20231119,19,21.0,28.428571428571427,24.428571428571427
20231119,20,21.0,27.25,24.25
20231119,21,21.0,25.5,27.75
20231119,22,21.0,27.75,28.5
20231119,23,21.0,26.5,26.875
20231120,0,21.0,30.916666666666668,28.25
20231120,1,21.0,34.875,23.25
20231120,2,21.0,32.857142857142854,20.142857142857142
20231120,3,21.0,32.0,24.25
20231120,4,21.0,31.125,21.5
20231120,5,21.0,28.75,21.25
20231120,6,21.0,18.142857142857142,21.142857142857142
20231120,7,21.0,20.142857142857142,19.0
20231120,8,21.0,22.0,20.857142857142858
20231120,9,21.0,24.571428571428573,23.285714285714285
20231120,10,21.0,26.125,21.0
20231120,11,21.0,25.5,20.0
20231120,12,21.0,28.125,23.625
20231120,13,21.0,28.625,25.0
20231120,14,21.0,30.625,24.75
20231120,15,21.0,24.333333333333332,24.583333333333332
20231120,16,21.0,28.857142857142858,22.714285714285715
20231120,17,21.0,24.285714285714285,19.428571428571427
20231120,18,21.0,26.714285714285715,19.285714285714285
20231120,19,21.0,31.714285714285715,19.571428571428573
20231120,20,21.0,36.375,19.5
20231120,21,21.0,28.75,20.875
20231120,22,21.0,22.875,24.875
20231120,23,21.0,24.0,25.25
20231121,0,21.0,28.166666666666668,23.166666666666668
20231121,1,21.0,23.625,25.0
20231121,2,21.0,32.125,24.875
20231121,3,21.0,27.5,21.375
20231121,4,21.0,27.75,22.125
20231121,5,21.0,34.083333333333336,23.833333333333332
20231121,6,21.0,26.857142857142858,15.857142857142858
20231121,7,21.0,24.714285714285715,21.857142857142858
20231121,8,21.0,25.142857142857142,19.571428571428573
20231121,9,21.0,25.142857142857142,21.428571428571427
20231121,10,21.0,28.75,20.0
20231121,11,21.0,26.875,21.125
20231121,12,21.0,27.0,23.375
20231121,13,21.0,28.625,21.75
20231121,14,21.0,28.0,23.0
20231121,15,21.0,26.166666666666668,22.833333333333332
20231121,16,21.0,25.428571428571427,20.142857142857142
20231121,17,21.0,27.857142857142858,19.428571428571427
20231121,18,21.0,29.428571428571427,21.428571428571427
20231121,19,21.0,29.285714285714285,22.142857142857142
20231121,20,21.0,30.25,20.375
20231121,21,21.0,28.75,21.0
20231121,22,21.0,21.75,22.5
20231121,23,21.0,21.0,25.5
20231122,0,21.0,20.833333333333332,20.5
20231122,1,21.0,32.375,24.125
20231122,2,21.0,28.625,21.25
20231122,3,21.0,33.125,21.625
20231122,4,21.0,27.625,24.625
20231122,5,21.0,27.25,22.833333333333332
20231122,6,21.0,24.285714285714285,28.428571428571427
20231122,7,21.0,25.285714285714285,24.285714285714285
20231122,8,21.0,27.285714285714285,21.571428571428573
20231122,9,21.0,29.428571428571427,22.142857142857142
20231122,10,21.0,26.375,22.375
20231122,11,21.0,26.125,25.375
20231122,12,21.0,26.0,26.625
20231122,13,21.0,26.375,25.0
20231122,14,21.0,27.875,22.25
20231122,15,21.0,24.75,21.833333333333332
20231122,16,21.0,24.0,24.0
20231122,17,21.0,27.285714285714285,20.714285714285715
20231122,18,21.0,29.571428571428573,19.857142857142858
20231122,19,21.0,27.0,21.0
20231122,20,21.125,31.25,21.125
20231122,21,20.5,25.0,22.75
20231122,22,20.5,22.125,25.0
20231122,23,21.0,19.625,26.5
20231123,0,21.0,19.083333333333332,21.333333333333332
20231123,1,21.0,27.375,20.125
20231123,2,21.0,29.25,19.25
20231123,3,21.0,35.0,17.25
20231123,4,21.0,27.0,19.75
20231123,5,21.0,14.916666666666666,23.333333333333332
20231123,6,21.0,26.0,22.428571428571427
20231123,7,21.0,25.428571428571427,24.571428571428573
20231123,8,21.0,27.571428571428573,25.142857142857142
20231123,9,21.0,28.857142857142858,23.857142857142858
20231123,10,21.0,27.625,22.375
20231123,11,21.0,27.875,21.5
20231123,12,21.0,27.375,21.25
20231123,13,21.0,24.75,23.375
20231123,14,21.0,23.125,21.125
20231123,15,21.0,24.25,21.5
20231123,16,21.0,23.571428571428573,20.857142857142858
20231123,17,21.357142857142858,27.714285714285715,18.714285714285715
20231123,18,21.5,27.285714285714285,18.571428571428573
20231123,19,21.5,32.142857142857146,18.857142857142858
20231123,20,21.5,30.25,18.5
20231123,21,21.5,28.625,21.125
20231123,22,21.5,22.875,22.75
20231123,23,21.0,22.75,25.25
20231124,0,21.0,19.583333333333332,19.833333333333332
20231124,1,21.0,24.0,20.875
20231124,2,21.0,28.5,22.75
20231124,3,21.0,30.25,20.625
20231124,4,21.0,32.5,20.625
20231124,5,21.0,22.25,21.833333333333332
20231124,6,21.0,24.428571428571427,18.714285714285715
20231124,7,21.0,25.428571428571427,22.714285714285715
20231124,8,21.0,24.571428571428573,21.857142857142858
20231124,9,21.0,25.428571428571427,20.857142857142858
20231124,10,21.0,27.625,19.25
20231124,11,21.0,24.857142857142858,21.285714285714285
20231124,12,21.0,24.5,21.375
20231124,13,21.0,23.375,22.875
20231124,14,21.0,24.0,21.875
20231124,15,21.0,22.916666666666668,20.916666666666668
20231124,16,21.0,25.142857142857142,18.571428571428573
20231124,17,21.0,25.571428571428573,17.285714285714285
20231124,18,23.857142857142858,19.857142857142858,19.285714285714285
20231124,19,25.285714285714285,25.142857142857142,20.571428571428573
20231124,20,21.0,27.75,19.625
20231124,21,21.0,27.0,20.25
20231124,22,21.0,23.5,22.625
20231124,23,21.0,22.0,24.75
20231125,0,21.0,25.416666666666668,25.416666666666668
20231125,1,21.0,23.0,28.125
20231125,2,21.0,26.125,22.375
20231125,3,21.0,25.625,18.625
20231125,4,21.0,29.375,22.125
20231125,5,21.0,27.75,22.833333333333332
20231125,6,21.0,24.428571428571427,23.571428571428573
20231125,7,21.0,21.428571428571427,33.42857142857143
20231125,8,21.0,20.285714285714285,28.428571428571427
20231125,9,21.0,20.714285714285715,24.285714285714285
20231125,10,21.0,21.0,21.375
20231125,11,21.0,23.875,21.125
20231125,12,21.0,27.0,22.125
20231125,13,21.0,24.375,22.375
20231125,14,21.0,24.75,22.25
20231125,15,21.0,26.5,23.25
20231125,16,21.0,27.571428571428573,24.571428571428573
20231125,17,21.0,26.857142857142858,21.857142857142858
20231125,18,21.0,26.714285714285715,22.142857142857142
20231125,19,21.0,24.285714285714285,24.714285714285715
20231125,20,21.0,29.75,21.375
20231125,21,21.0,25.875,20.625
20231125,22,21.0,28.5,27.25
20231125,23,19.875,28.875,30.75
20231126,0,20.625,24.416666666666668,27.0
20231126,1,21.0,24.375,19.25
20231126,2,21.0,22.875,21.25
20231126,3,21.0,28.625,24.375
20231126,4,21.0,28.25,22.5
20231126,5,21.0,28.333333333333332,21.333333333333332
20231126,6,21.0,27.0,19.0
20231126,7,21.0,24.857142857142858,23.428571428571427
20231126,8,21.0,23.857142857142858,21.0
20231126,9,21.0,24.714285714285715,22.857142857142858
20231126,10,21.0,24.5,20.875
20231126,11,21.0,26.125,23.0
20231126,12,21.0,27.5,22.75
20231126,13,21.0,26.125,22.625
20231126,14,21.0,27.5,23.25
20231126,15,21.0,31.083333333333332,22.833333333333332
20231126,16,24.571428571428573,32.857142857142854,22.142857142857142
20231126,17,26.0,28.714285714285715,22.285714285714285
20231126,18,25.285714285714285,27.142857142857142,23.142857142857142
20231126,19,21.0,29.714285714285715,24.285714285714285
20231126,20,21.0,28.5,25.0
20231126,21,21.0,25.5,25.875
20231126,22,21.0,28.25,26.25
20231126,23,21.0,25.75,30.125
20231127,0,21.0,29.25,27.583333333333332
20231127,1,21.0,34.0,21.0
20231127,2,21.0,34.0,26.125
20231127,3,21.0,41.375,24.0
20231127,4,21.0,28.375,22.25
20231127,5,21.0,20.25,28.666666666666668
20231127,6,21.0,27.0,25.571428571428573
20231127,7,21.0,24.142857142857142,25.142857142857142
20231127,8,21.0,24.857142857142858,19.428571428571427
20231127,9,21.0,26.428571428571427,21.714285714285715
20231127,10,21.0,27.625,22.5
20231127,11,21.0,32.0,24.0
20231127,12,20.625,32.0,24.0
20231127,13,20.5,31.625,23.375
20231127,14,20.8125,28.5,22.75
20231127,15,21.0,28.166666666666668,23.833333333333332
20231127,16,21.0,24.571428571428573,23.285714285714285
20231127,17,21.0,29.857142857142858,18.857142857142858
20231127,18,21.0,29.142857142857142,20.142857142857142
20231127,19,21.0,29.0,19.714285714285715
20231127,20,21.0,28.625,20.25
20231127,21,21.0,23.25,20.125
20231127,22,21.0,17.625,25.625
20231127,23,21.0,20.125,27.125
20231128,0,21.0,23.916666666666668,24.833333333333332
20231128,1,21.0,24.125,16.75
20231128,2,21.0,26.0,22.5
20231128,3,21.0,26.625,20.375
20231128,4,21.0,23.5,18.75
20231128,5,21.0,24.333333333333332,27.833333333333332
20231128,6,21.0,21.142857142857142,23.714285714285715
20231128,7,21.0,26.0,23.428571428571427
20231128,8,21.0,26.428571428571427,21.428571428571427
20231128,9,21.0,26.571428571428573,22.428571428571427
20231128,10,21.0,25.25,20.5
20231128,11,21.0,25.25,22.25
20231128,12,21.0,24.75,24.0
20231128,13,21.0,24.25,25.5
20231128,14,20.75,25.25,22.125
20231128,15,20.5,24.333333333333332,22.666666666666668
20231128,16,20.5,23.571428571428573,20.857142857142858
20231128,17,20.071428571428573,24.857142857142858,21.0
20231128,18,19.5,23.285714285714285,20.714285714285715
20231128,19,19.5,27.857142857142858,21.285714285714285
20231128,20,19.5,33.0,20.5
20231128,21,20.4375,26.625,20.875
20231128,22,21.0,23.375,22.875
20231128,23,20.8125,24.125,24.125
20231129,0,21.0,18.5,25.25
20231129,1,21.0,27.0,24.375
20231129,2,21.0,27.0,23.5
20231129,3,21.0,32.625,25.375
20231129,4,21.0,35.75,30.625
20231129,5,21.0,17.666666666666668,16.25
20231129,6,21.0,25.142857142857142,23.428571428571427
20231129,7,21.0,25.714285714285715,26.142857142857142
20231129,8,21.0,27.857142857142858,24.285714285714285
20231129,9,21.0,24.857142857142858,23.714285714285715
20231129,10,21.0,26.5,23.0
20231129,11,21.0,25.625,22.375
20231129,12,21.0,26.625,23.125
20231129,13,21.0,24.5,22.375
20231129,14,21.0,27.5,23.25
20231129,15,21.0,26.5,24.0
20231129,16,21.0,27.571428571428573,22.285714285714285
20231129,17,21.0,25.857142857142858,19.285714285714285
20231129,18,20.142857142857142,26.571428571428573,19.285714285714285
20231129,19,19.5,28.428571428571427,22.285714285714285
20231129,20,19.875,30.5,22.375
20231129,21,21.0,28.75,21.5
20231129,22,21.0,23.875,21.5
20231129,23,21.0,26.625,28.5
20231130,0,21.0,28.916666666666668,23.666666666666668
20231130,1,21.0,22.5,25.0
20231130,2,21.0,26.25,24.75
20231130,3,21.0,30.75,21.5
20231130,4,21.0,29.125,19.0
20231130,5,21.0,26.166666666666668,19.416666666666668
20231130,6,21.0,20.857142857142858,20.0
20231130,7,21.0,18.857142857142858,22.571428571428573
20231130,8,21.0,26.857142857142858,19.857142857142858
20231130,9,21.0,26.714285714285715,21.0
20231130,10,21.0,26.75,21.125
20231130,11,21.0,24.75,21.875
20231130,12,21.0,28.0,23.375
20231130,13,21.0,28.5,24.5
20231130,14,21.0,25.375,22.25
20231130,15,21.0,24.916666666666668,22.666666666666668
20231130,16,21.0,23.142857142857142,23.142857142857142
20231130,17,21.0,27.571428571428573,21.142857142857142
20231130,18,21.0,25.571428571428573,21.857142857142858
20231130,19,21.0,27.571428571428573,21.571428571428573
20231130,20,21.0,28.375,19.625
20231130,21,21.0,28.125,22.0
20231130,22,21.0,23.25,22.875
20231130,23,21.0,27.5,24.5
20231201,0,21.0,21.916666666666668,25.916666666666668
20231201,1,21.0,28.125,18.875
20231201,2,21.0,28.625,21.0
20231201,3,21.0,31.125,24.625
20231201,4,21.0,32.5,21.125
20231201,5,21.0,27.0,26.583333333333332
20231201,6,21.0,24.857142857142858,26.714285714285715
20231201,7,21.0,26.285714285714285,24.857142857142858
20231201,8,21.0,30.0,26.0
20231201,9,21.0,27.0,21.714285714285715
20231201,10,21.0,25.625,23.375
20231201,11,21.0,25.125,22.25
20231201,12,21.0,26.25,22.125
20231201,13,21.0,25.625,23.0
20231201,14,21.0,26.375,23.25
20231201,15,21.0,23.833333333333332,22.0
20231201,16,21.0,25.285714285714285,22.428571428571427
20231201,17,21.0,23.857142857142858,19.857142857142858
20231201,18,21.0,24.714285714285715,18.428571428571427
20231201,19,21.0,28.285714285714285,19.142857142857142
20231201,20,21.0,34.5,20.875
20231201,21,21.0,29.75,21.375
20231201,22,21.0,23.5,23.125
20231201,23,21.0,21.125,24.125
20231202,0,21.0,24.916666666666668,26.833333333333332
20231202,1,21.0,26.625,26.375
20231202,2,20.5,27.375,20.75
20231202,3,20.0,24.5,27.625
20231202,4,20.0,28.875,17.125
20231202,5,20.0,24.583333333333332,16.083333333333332
20231202,6,20.0,23.571428571428573,20.857142857142858
20231202,7,20.0,18.285714285714285,25.0
20231202,8,20.0,19.0,26.428571428571427
20231202,9,20.0,20.714285714285715,22.142857142857142
20231202,10,20.625,20.5,17.125
20231202,11,21.0,22.375,19.5
20231202,12,21.0,24.25,21.875
20231202,13,21.0,28.0,24.125
20231202,14,21.0,24.375,23.5
20231202,15,21.0,22.916666666666668,22.833333333333332
20231202,16,21.0,21.0,22.714285714285715
20231202,17,20.857142857142858,28.142857142857142,21.285714285714285
20231202,18,21.0,27.0,24.285714285714285
20231202,19,21.0,25.857142857142858,22.142857142857142
20231202,20,20.9375,26.375,22.875
20231202,21,21.0,25.0,26.125
20231202,22,21.0,27.25,23.5
20231202,23,21.0,26.75,29.0
20231203,0,21.0,26.166666666666668,26.333333333333332
20231203,1,21.0,28.0,23.375
20231203,2,21.0,29.25,20.25
20231203,3,21.0,24.125,26.75
20231203,4,21.0,22.875,22.25
20231203,5,21.0,22.333333333333332,27.583333333333332
20231203,6,21.0,20.714285714285715,16.428571428571427
20231203,7,21.0,21.0,20.571428571428573
20231203,8,21.0,22.571428571428573,22.571428571428573
20231203,9,21.0,21.142857142857142,22.714285714285715
20231203,10,21.0,21.75,21.75
20231203,11,21.0,26.0,24.625
20231203,12,21.0,30.375,26.375
20231203,13,21.0,29.0,23.75
20231203,14,21.0,28.375,21.375
20231203,15,21.0,31.666666666666668,22.25
20231203,16,21.0,32.0,23.428571428571427
20231203,17,21.0,27.285714285714285,22.857142857142858
20231203,18,21.0,28.0,22.428571428571427
20231203,19,21.0,28.714285714285715,21.428571428571427
20231203,20,20.375,23.375,24.25
20231203,21,20.75,24.75,26.875
20231203,22,20.625,22.375,25.375
20231203,23,21.0,26.625,27.375
20231204,0,20.916666666666668,32.333333333333336,26.25
20231204,1,21.0,32.125,20.25
20231204,2,21.0,25.0,22.25
20231204,3,21.0,29.75,24.875
20231204,4,21.0,30.625,17.375
20231204,5,21.0,26.166666666666668,22.833333333333332
20231204,6,21.0,25.714285714285715,26.0
20231204,7,21.0,28.0,19.285714285714285
20231204,8,21.0,29.571428571428573,22.857142857142858
20231204,9,21.0,27.142857142857142,19.857142857142858
20231204,10,21.0,26.25,21.375
20231204,11,21.0,25.625,24.0
20231204,12,21.0,31.0,25.25
20231204,13,20.8125,29.25,25.5
20231204,14,20.5,29.5,23.25
20231204,15,20.5,26.25,24.166666666666668
20231204,16,20.071428571428573,25.714285714285715,21.857142857142858
20231204,17,20.0,30.571428571428573,19.571428571428573
20231204,18,20.0,29.0,20.0
20231204,19,20.428571428571427,31.428571428571427,20.714285714285715
20231204,20,21.0,33.125,20.125
20231204,21,21.0,24.125,21.0
20231204,22,21.0,23.375,19.5
20231204,23,21.0,18.375,27.625
20231205,0,21.0,20.833333333333332,22.333333333333332
20231205,1,21.0,17.0,22.25
20231205,2,21.0,15.75,21.0
20231205,3,21.0,20.75,30.375
20231205,4,21.0,29.875,22.25
20231205,5,21.0,28.5,26.833333333333332
20231205,6,21.0,24.571428571428573,26.285714285714285
20231205,7,21.0,24.857142857142858,19.857142857142858
20231205,8,21.0,29.857142857142858,22.857142857142858
20231205,9,21.0,26.857142857142858,19.857142857142858
20231205,10,21.0,28.5,22.0
20231205,11,21.0,25.375,22.5
20231205,12,21.0,27.625,25.375
20231205,13,21.0,24.25,24.0
20231205,14,21.0,25.75,21.875
20231205,15,21.0,26.25,22.416666666666668
20231205,16,21.0,21.714285714285715,22.142857142857142
20231205,17,21.0,23.428571428571427,19.714285714285715
20231205,18,21.0,29.714285714285715,20.285714285714285
20231205,19,21.0,30.714285714285715,20.571428571428573
20231205,20,21.0,36.0,19.75
20231205,21,21.0,29.125,20.0
20231205,22,20.75,23.5,23.125
20231205,23,21.0,20.5,18.875
20231206,0,21.0,26.75,24.083333333333332
20231206,1,21.0,23.75,24.375
20231206,2,21.0,23.0,27.0
20231206,3,21.0,28.5,26.375
20231206,4,21.0,33.5,24.25
20231206,5,21.0,27.583333333333332,27.083333333333332
20231206,6,21.0,27.571428571428573,21.285714285714285
20231206,7,21.0,23.142857142857142,24.142857142857142
20231206,8,21.0,24.285714285714285,24.142857142857142
20231206,9,21.0,25.571428571428573,21.142857142857142
20231206,10,21.0,26.875,21.5
20231206,11,21.0,24.875,22.0
20231206,12,21.0,29.5,22.75
20231206,13,21.0,26.5,22.5
20231206,14,21.0,25.5,23.25
20231206,15,21.0,26.666666666666668,22.583333333333332
20231206,16,21.0,24.142857142857142,20.857142857142858
20231206,17,21.0,26.428571428571427,19.0
20231206,18,21.0,27.714285714285715,19.857142857142858
20231206,19,21.0,27.714285714285715,20.571428571428573
20231206,20,21.0,30.125,20.375
20231206,21,21.0,25.875,20.25
20231206,22,21.0,22.0,21.375
20231206,23,21.0,22.875,25.75
20231207,0,21.0,27.5,23.083333333333332
20231207,1,21.0,28.75,22.25
20231207,2,21.0,29.5,21.5
20231207,3,21.0,28.25,20.875
20231207,4,21.0,29.5,19.25
20231207,5,19.625,31.083333333333332,21.5
20231207,6,19.5,18.142857142857142,24.571428571428573
20231207,7,19.5,23.857142857142858,25.857142857142858
20231207,8,19.5,30.0,24.571428571428573
20231207,9,19.5,29.428571428571427,22.0
20231207,10,19.5,23.5,21.125
20231207,11,19.5,23.625,22.625
20231207,12,19.5,25.375,21.625
20231207,13,19.5,28.875,24.0
20231207,14,19.5,26.25,22.75
20231207,15,20.375,25.083333333333332,21.666666666666668
20231207,16,21.0,25.857142857142858,20.571428571428573
20231207,17,21.0,27.857142857142858,19.714285714285715
20231207,18,21.0,27.142857142857142,18.285714285714285
20231207,19,21.0,28.857142857142858,19.0
20231207,20,21.0,33.125,22.75
20231207,21,21.0,27.25,23.5
20231207,22,20.875,22.25,26.0
20231207,23,20.0,19.25,26.0
20231208,0,20.0,24.583333333333332,21.916666666666668
20231208,1,20.0,26.25,24.375
20231208,2,20.0,26.125,21.625
20231208,3,20.0,40.625,21.75
20231208,4,20.0,25.375,17.0
20231208,5,20.0,26.333333333333332,20.666666666666668
20231208,6,20.0,22.142857142857142,23.142857142857142
20231208,7,20.0,21.142857142857142,23.428571428571427
20231208,8,20.0,23.857142857142858,23.428571428571427
20231208,9,20.0,27.0,21.0
20231208,10,20.0,26.5,21.75
20231208,11,20.0,26.0,22.75
20231208,12,19.875,25.375,21.875
20231208,13,19.5,26.5,23.5
20231208,14,19.5,25.375,23.0
20231208,15,19.5,25.0,23.833333333333332
20231208,16,20.571428571428573,23.142857142857142,22.857142857142858
20231208,17,21.0,26.428571428571427,20.0
20231208,18,21.0,24.714285714285715,19.142857142857142
20231208,19,20.571428571428573,27.857142857142858,18.857142857142858
20231208,20,20.0,33.375,22.875
20231208,21,20.0,30.0,21.5
20231208,22,20.75,23.5,21.625
20231208,23,21.0,22.375,22.875
20231209,0,21.0,26.916666666666668,24.916666666666668
20231209,1,19.875,26.875,21.75
20231209,2,19.5,27.375,19.5
20231209,3,19.5,29.75,22.75
20231209,4,19.5,27.25,19.0
20231209,5,19.5,20.75,19.5
20231209,6,19.5,20.571428571428573,19.142857142857142
20231209,7,19.5,23.714285714285715,23.142857142857142
20231209,8,19.5,23.857142857142858,24.0
20231209,9,19.5,24.428571428571427,19.571428571428573
20231209,10,19.5,22.5,17.0
20231209,11,19.5,24.625,20.625
20231209,12,20.5,24.625,21.25
20231209,13,21.25,27.0,21.5
20231209,14,21.0,26.125,22.25
20231209,15,21.0,24.916666666666668,22.583333333333332
20231209,16,21.0,24.142857142857142,22.857142857142858
20231209,17,21.0,27.285714285714285,22.714285714285715
20231209,18,21.0,31.428571428571427,24.285714285714285
20231209,19,21.0,28.285714285714285,23.428571428571427
20231209,20,21.0,27.0,25.375
20231209,21,21.0,25.0,22.375
20231209,22,21.0,26.375,26.0
20231209,23,21.0,26.625,25.0
20231210,0,21.0,26.25,31.416666666666668
20231210,1,21.0,26.75,28.0
20231210,2,21.0,26.375,17.125
20231210,3,21.0,21.5,22.5
20231210,4,21.0,28.75,22.75
20231210,5,21.0,29.0,18.25
20231210,6,21.0,24.142857142857142,19.571428571428573
20231210,7,21.0,21.428571428571427,26.428571428571427
20231210,8,21.0,21.0,18.571428571428573
20231210,9,21.0,22.428571428571427,21.0
20231210,10,21.0,20.5,23.625
20231210,11,21.0,26.625,23.25
20231210,12,21.0,25.25,26.125
20231210,13,21.0,28.5,23.5
20231210,14,21.0,25.75,22.125
20231210,15,21.0,26.75,20.666666666666668
20231210,16,19.928571428571427,26.428571428571427,22.571428571428573
20231210,17,21.214285714285715,27.285714285714285,22.714285714285715
20231210,18,22.5,30.142857142857142,25.0
20231210,19,21.214285714285715,31.571428571428573,23.142857142857142
20231210,20,21.0,30.625,27.125
20231210,21,21.0,25.5,25.875
20231210,22,21.0,25.375,26.75
20231210,23,21.0,32.375,30.375
20231211,0,21.0,26.25,27.416666666666668
20231211,1,21.0,31.875,19.25
20231211,2,21.0,30.125,18.875
20231211,3,21.0,37.0,21.125
20231211,4,21.0,29.714285714285715,16.428571428571427
20231211,5,21.0,27.583333333333332,31.333333333333332
20231211,6,21.0,11.142857142857142,32.714285714285715
20231211,7,21.0,19.0,22.142857142857142
20231211,8,21.0,27.428571428571427,21.571428571428573
20231211,9,21.0,29.714285714285715,21.142857142857142
20231211,10,20.142857142857142,26.142857142857142,23.0
20231211,11,19.5,24.75,23.25
20231211,12,20.4375,23.5,24.0
20231211,13,21.0,24.75,22.75
20231211,14,21.0,27.5,22.375
20231211,15,21.0,26.916666666666668,22.666666666666668
20231211,16,21.0,27.285714285714285,21.857142857142858
20231211,17,21.0,24.285714285714285,19.571428571428573
20231211,18,21.0,23.857142857142858,18.0
20231211,19,21.0,27.857142857142858,19.142857142857142
20231211,20,21.0,31.0,21.5
20231211,21,21.0,28.75,18.625
20231211,22,21.0,27.125,23.875
20231211,23,21.0,21.125,22.75
20231212,0,21.0,26.5,20.083333333333332
20231212,1,21.0,23.25,21.75
20231212,2,21.0,32.75,26.375
20231212,3,21.0,31.125,22.5
20231212,4,21.0,40.75,26.125
20231212,5,21.0,15.5,21.25
20231212,6,21.0,19.142857142857142,19.142857142857142
20231212,7,21.0,26.857142857142858,22.0
20231212,8,21.0,29.428571428571427,22.0
20231212,9,21.0,26.142857142857142,21.0
20231212,10,21.0,26.875,22.625
20231212,11,21.0,24.0,22.375
20231212,12,21.0,25.625,22.375
20231212,13,21.0,25.0,25.0
20231212,15,21.0,24.77777777777778,22.666666666666668
20231212,16,21.0,24.75,21.0
20231212,17,21.0,27.0,21.0
20231212,18,21.0,29.714285714285715,18.428571428571427
20231212,19,21.0,28.285714285714285,19.714285714285715
20231212,20,21.0,31.625,19.75
20231212,21,21.0,29.375,23.875
20231212,22,21.0,22.875,21.125
20231212,23,20.0625,24.125,25.5
20231213,0,19.5,27.083333333333332,21.75
20231213,1,19.5,23.5,23.875
20231213,2,19.5,23.75,23.375
20231213,3,19.5,32.875,22.375
20231213,4,19.5,32.0,21.0
20231213,5,19.5,17.833333333333332,22.333333333333332
20231213,6,19.5,21.571428571428573,20.857142857142858
20231213,7,19.5,25.285714285714285,28.571428571428573
20231213,8,19.5,27.428571428571427,23.571428571428573
20231213,9,19.5,25.571428571428573,22.285714285714285
20231213,10,19.5,26.875,22.875
20231213,11,19.5,24.625,24.125
20231213,12,20.0625,27.125,23.0
20231213,13,21.0,28.0,23.5
20231213,14,21.0,29.625,25.75
20231213,15,21.0,25.833333333333332,22.583333333333332
20231213,16,21.0,23.0,22.142857142857142
20231213,17,21.0,25.857142857142858,20.285714285714285
20231213,18,21.0,26.428571428571427,20.142857142857142
20231213,19,21.0,29.0,19.714285714285715
20231213,20,21.0,32.0,21.625
20231213,21,21.0,24.25,22.0
20231213,22,21.0,20.25,25.125
20231213,23,21.0,22.125,23.125
20231214,0,21.0,25.083333333333332,23.416666666666668
20231214,1,21.0,28.125,22.875
20231214,2,21.0,34.375,22.625
20231214,3,21.0,21.75,19.25
20231214,4,21.0,26.125,19.75
20231214,5,21.0,23.833333333333332,20.666666666666668
20231214,6,21.0,24.142857142857142,22.571428571428573
20231214,7,21.0,22.285714285714285,18.142857142857142
20231214,8,21.0,26.428571428571427,22.571428571428573
20231214,9,21.0,29.857142857142858,22.285714285714285
20231214,10,21.0,27.0,21.75
20231214,11,21.0,26.0,24.375
20231214,12,21.0,23.75,24.375
20231214,13,21.0,27.125,22.875
20231214,14,21.0,27.25,22.875
20231214,15,21.0,23.25,25.75
20231214,16,21.0,20.142857142857142,21.714285714285715
20231214,17,21.0,21.0,19.714285714285715
20231214,18,21.0,22.428571428571427,19.0
20231214,19,21.0,26.0,20.714285714285715
20231214,20,21.0,30.625,20.875
20231214,21,21.0,24.375,20.0
20231214,22,20.75,23.0,19.375
20231214,23,20.0,24.0,22.125
20231215,0,20.416666666666668,27.083333333333332,21.333333333333332
20231215,1,21.0,20.625,18.125
20231215,2,21.0,15.0,21.875
20231215,3,21.0,24.625,24.25
20231215,4,21.0,36.875,28.0
20231215,5,21.0,26.5,22.666666666666668
20231215,6,21.0,24.142857142857142,28.142857142857142
20231215,7,21.0,24.714285714285715,23.142857142857142
20231215,8,21.0,24.142857142857142,21.714285714285715
20231215,9,21.0,21.857142857142858,18.285714285714285
20231215,10,21.0,25.125,20.5
20231215,11,21.0,22.5,22.625
20231215,12,21.0,23.75,22.875
20231215,13,21.0,24.875,24.125
20231215,14,21.0,29.125,21.875
20231215,15,21.0,22.833333333333332,22.666666666666668
20231215,16,21.0,20.714285714285715,24.285714285714285
20231215,17,21.0,23.142857142857142,19.285714285714285
20231215,18,21.0,24.571428571428573,19.714285714285715
20231215,19,21.0,24.285714285714285,19.857142857142858
20231215,20,21.0,28.375,19.25
20231215,21,21.0,25.125,20.875
20231215,22,21.0,21.25,25.625
20231215,23,21.0,20.0,25.375
20231216,0,21.0,22.0,22.166666666666668
20231216,1,21.0,26.25,16.375
20231216,2,21.0,29.375,19.25
20231216,3,21.0,26.375,24.625
20231216,4,21.0,27.5,25.5
20231216,5,21.0,27.583333333333332,19.583333333333332
20231216,6,21.0,30.571428571428573,19.714285714285715
20231216,7,21.0,22.285714285714285,26.142857142857142
20231216,8,21.0,21.857142857142858,32.142857142857146
20231216,9,21.0,21.428571428571427,26.285714285714285
20231216,10,21.0,21.0,23.25
20231216,11,21.0,26.875,22.25
20231216,12,21.0,25.625,22.75
20231216,13,21.1875,23.375,22.25
20231216,14,21.0,22.875,21.625
20231216,15,21.0,24.166666666666668,20.916666666666668
20231216,16,21.0,25.714285714285715,21.714285714285715
20231216,17,21.0,24.857142857142858,20.571428571428573
20231216,18,21.0,25.0,22.142857142857142
20231216,19,21.0,22.285714285714285,27.142857142857142
20231216,20,20.8125,26.75,26.875
20231216,21,20.8125,22.125,27.5
20231216,22,21.0,25.375,23.25
20231216,23,21.0,28.25,25.25
20231217,0,21.0,22.166666666666668,26.5
20231217,1,21.0,25.125,23.125
20231217,2,21.0,25.375,24.625
20231217,3,21.0,34.875,26.0
20231217,4,21.0,26.375,29.375
20231217,5,21.0,24.0,30.25
20231217,6,21.0,25.857142857142858,17.857142857142858
20231217,7,21.0,23.857142857142858,19.857142857142858
20231217,8,21.0,20.857142857142858,23.714285714285715
20231217,9,21.0,23.428571428571427,22.571428571428573
20231217,10,21.0,22.875,24.625
20231217,11,21.0,24.875,22.25
20231217,12,21.0,24.5,22.25
20231217,13,21.0,24.5,23.875
20231217,14,21.0,24.75,24.5
20231217,15,21.0,30.416666666666668,22.416666666666668
20231217,16,21.0,25.0,26.571428571428573
20231217,17,21.0,22.285714285714285,18.857142857142858
20231217,18,21.0,23.857142857142858,21.857142857142858
20231217,19,21.0,23.428571428571427,24.714285714285715
20231217,20,22.0,23.0,26.0
20231217,21,21.625,25.875,27.5
20231217,22,21.0,27.625,26.25
20231217,23,21.0,27.75,27.5
20231218,0,21.0,29.416666666666668,31.5
20231218,1,20.375,31.25,19.875
20231218,2,20.0,28.75,18.125
20231218,3,20.0,33.375,18.375
20231218,4,20.0,35.625,18.625
20231218,5,20.0,28.583333333333332,32.0
20231218,6,20.0,20.285714285714285,29.571428571428573
20231218,7,20.0,26.571428571428573,22.0
20231218,8,20.0,24.571428571428573,20.428571428571427
20231218,9,20.0,28.571428571428573,20.0
20231218,10,20.0,27.75,21.875
20231218,11,20.0,25.5,23.375
20231218,12,20.0,24.375,24.875
20231218,13,20.0,25.0,27.0
20231218,14,20.625,26.875,24.0
20231218,15,21.0,24.25,22.083333333333332
20231218,16,21.0,25.285714285714285,21.142857142857142
20231218,17,21.0,28.571428571428573,18.714285714285715
20231218,18,21.0,28.714285714285715,20.428571428571427
20231218,19,21.0,29.571428571428573,21.0
20231218,20,21.0,31.625,20.25
20231218,21,21.0,27.625,22.0
20231218,22,21.0,21.625,24.375
20231218,23,21.0,18.875,23.25
20231219,0,21.0,22.916666666666668,25.333333333333332
20231219,1,21.0,26.75,23.5
20231219,2,21.0,23.625,27.5
20231219,3,21.0,20.5,23.625
20231219,4,21.0,19.75,20.625
20231219,5,21.0,24.833333333333332,24.5
20231219,6,21.0,24.428571428571427,21.142857142857142
20231219,7,21.0,24.571428571428573,17.285714285714285
20231219,8,21.0,28.0,20.428571428571427
20231219,9,21.0,28.142857142857142,20.285714285714285
20231219,10,21.0,25.75,21.625
20231219,11,21.0,24.125,22.25
20231219,12,21.0,27.0,23.375
20231219,13,21.0,27.625,23.625
20231219,14,21.0,26.625,23.875
20231219,15,21.0,27.0,22.0
20231219,16,21.0,28.571428571428573,21.428571428571427
20231219,17,21.0,24.571428571428573,20.285714285714285
20231219,18,21.0,22.428571428571427,18.142857142857142
20231219,19,21.0,23.714285714285715,19.571428571428573
20231219,20,21.0,29.75,21.375
20231219,21,21.0,28.75,21.75
20231219,22,21.0,21.25,23.625
20231219,23,21.0,25.625,24.25
20231220,0,21.0,29.416666666666668,26.5
20231220,1,21.0,24.625,19.875
20231220,2,21.0,22.875,23.375
20231220,3,21.0,25.75,20.125
20231220,4,21.0,22.625,25.875
20231220,5,21.0,25.25,29.5
20231220,6,21.0,20.571428571428573,24.0
20231220,7,21.0,24.428571428571427,22.857142857142858
20231220,8,21.0,28.428571428571427,23.0
20231220,9,21.0,28.142857142857142,21.0
20231220,10,21.0,29.125,20.25
20231220,11,21.0,25.125,22.0
20231220,12,21.0,25.25,22.25
20231220,13,21.0,27.0,23.375
20231220,14,21.0,28.375,24.125
20231220,15,21.0,25.5,22.916666666666668
20231220,16,21.0,23.857142857142858,25.857142857142858
20231220,17,21.0,25.714285714285715,22.714285714285715
20231220,18,21.0,28.571428571428573,19.714285714285715
20231220,19,21.0,25.285714285714285,20.428571428571427
20231220,20,21.0,29.0,20.125
20231220,21,21.0,29.75,22.0
20231220,22,21.0,23.375,23.125
20231220,23,21.0,25.5,23.875
20231221,0,21.0,21.333333333333332,24.916666666666668
20231221,1,21.0,30.875,30.625
20231221,2,21.0,24.0,22.125
20231221,3,21.0,29.25,26.0
20231221,4,21.0,32.375,20.875
20231221,5,21.0,26.333333333333332,22.0
20231221,6,21.0,23.285714285714285,17.142857142857142
20231221,7,21.0,24.428571428571427,23.285714285714285
20231221,8,21.0,28.857142857142858,21.571428571428573
20231221,9,21.0,27.857142857142858,21.428571428571427
20231221,10,21.0,26.75,22.5
20231221,11,21.0,24.0,23.0
20231221,12,21.0,22.25,23.125
20231221,13,21.0,22.5,22.25
20231221,14,21.0,23.75,22.125
20231221,15,21.0,23.5,21.666666666666668
20231221,16,21.0,20.571428571428573,19.714285714285715
20231221,17,21.0,21.285714285714285,18.714285714285715
20231221,18,21.0,19.0,18.285714285714285
20231221,19,21.0,25.428571428571427,19.428571428571427
20231221,20,21.0,28.875,20.625
20231221,21,21.0,25.625,21.125
20231221,22,21.0,22.25,22.0
20231221,23,21.0,25.75,21.0
20231222,0,21.0,22.5,22.916666666666668
20231222,1,21.0,23.0,17.0
20231222,2,21.0,22.625,23.125
20231222,3,21.0,26.75,22.125
20231222,4,21.0,24.5,25.125
20231222,5,21.0,28.0,29.5
20231222,6,21.0,26.571428571428573,24.0
20231222,7,21.0,24.857142857142858,23.142857142857142
20231222,8,21.0,28.142857142857142,20.571428571428573
20231222,9,21.0,25.142857142857142,19.571428571428573
20231222,10,21.0,26.875,21.375
20231222,11,21.0,25.75,20.75
20231222,12,21.0,28.875,20.75
20231222,13,21.0,26.25,21.75
20231222,14,20.9375,25.75,20.625
20231222,15,20.5,22.583333333333332,20.583333333333332
20231222,16,20.5,22.571428571428573,21.285714285714285
20231222,17,20.571428571428573,20.142857142857142,17.857142857142858
20231222,18,21.0,25.571428571428573,20.714285714285715
20231222,19,21.0,24.857142857142858,19.571428571428573
20231222,20,21.0,26.625,19.625
20231222,21,21.0,28.5,20.25
20231222,22,21.0,24.25,26.5
20231222,23,21.0,23.75,24.625
20231223,0,21.0,24.166666666666668,28.916666666666668
20231223,1,21.0,28.25,27.25
20231223,2,21.0,29.375,23.75
20231223,3,21.0,25.875,20.625
20231223,4,21.0,19.25,28.375
20231223,5,21.0,21.166666666666668,16.5
20231223,6,21.0,22.285714285714285,21.571428571428573
20231223,7,21.0,23.0,24.857142857142858
20231223,8,21.0,21.714285714285715,20.142857142857142
20231223,9,21.0,20.714285714285715,22.0
20231223,10,21.0,20.375,18.375
20231223,11,21.0,27.125,20.25
20231223,12,21.0,22.625,23.625
20231223,13,21.0,22.375,22.625
20231223,14,21.0,23.5,22.125
20231223,15,21.0,23.416666666666668,21.25
20231223,16,21.0,25.571428571428573,20.714285714285715
20231223,17,21.0,23.142857142857142,19.857142857142858
20231223,18,21.0,29.285714285714285,20.142857142857142
20231223,19,21.0,29.857142857142858,25.0
20231223,20,21.0,26.125,24.0
20231223,21,21.0,24.75,26.625
20231223,22,21.0,25.375,30.0
20231223,23,21.0,30.25,27.25
20231224,0,21.0,27.583333333333332,26.166666666666668
20231224,1,21.0,20.375,27.0
20231224,2,21.0,26.5,19.75
20231224,3,21.0,22.875,25.375
20231224,4,21.0,21.25,26.0
20231224,5,21.0,25.75,20.25
20231224,6,21.0,27.0,23.142857142857142
20231224,7,21.0,21.0,20.285714285714285
20231224,8,21.0,22.714285714285715,21.857142857142858
20231224,9,21.0,19.714285714285715,22.714285714285715
20231224,10,21.0,20.875,22.0
20231224,11,21.0,28.625,22.625
20231224,12,21.0,26.875,20.875
20231224,13,21.0,29.125,23.25
20231224,14,21.0,31.625,22.75
20231224,15,21.0,26.25,21.083333333333332
20231224,16,21.0,27.428571428571427,19.714285714285715
20231224,17,21.0,28.285714285714285,20.285714285714285
20231224,18,21.0,30.0,21.714285714285715
20231224,19,21.0,30.571428571428573,26.428571428571427
20231224,20,21.0,24.0,22.75
20231224,21,21.0,25.375,22.125
20231224,22,21.5625,27.75,31.625
20231224,23,21.0,28.25,28.625
20231225,0,21.0,28.75,28.666666666666668
20231225,1,21.0,35.125,24.125
20231225,2,21.0,33.875,22.5
20231225,3,21.0,29.625,18.125
20231225,4,21.0,27.875,19.875
20231225,5,21.0,25.583333333333332,25.083333333333332
20231225,6,21.0,16.428571428571427,21.142857142857142
20231225,7,21.0,20.285714285714285,24.285714285714285
20231225,8,21.0,20.285714285714285,26.571428571428573
20231225,9,21.0,20.142857142857142,29.0
20231225,10,21.0,23.125,26.75
20231225,11,21.0,32.5,22.125
20231225,12,21.0,28.25,23.5
20231225,13,21.0,28.375,22.75
20231225,14,21.0,29.875,21.75
20231225,15,21.0,26.5,22.75
20231225,16,21.0,28.428571428571427,21.714285714285715
20231225,17,21.0,28.571428571428573,20.571428571428573
20231225,18,21.0,28.714285714285715,24.714285714285715
20231225,19,21.0,28.142857142857142,22.0
20231225,20,19.875,28.875,24.125
20231225,21,19.5,24.5,24.625
20231225,22,19.8125,21.75,26.625
20231225,23,20.875,25.625,20.5
20231226,0,21.0,33.0,25.416666666666668
20231226,1,21.0,32.75,16.75
20231226,2,21.0,41.375,21.5
20231226,3,21.0,26.0,19.875
20231226,4,21.0,19.125,19.5
20231226,5,21.0,25.25,13.083333333333334
20231226,6,21.0,16.428571428571427,22.142857142857142
20231226,7,21.0,18.142857142857142,23.428571428571427
20231226,8,21.0,23.571428571428573,23.285714285714285
20231226,9,21.0,25.857142857142858,22.571428571428573
20231226,10,21.0,27.0,22.125
20231226,11,21.0,27.875,22.875
20231226,12,21.375,25.0,23.25
20231226,13,22.0,25.125,21.75
20231226,14,22.0,27.625,23.75
20231226,15,22.0,25.583333333333332,23.25
20231226,16,22.0,24.0,20.857142857142858
20231226,17,21.285714285714285,23.0,20.142857142857142
20231226,18,21.0,26.857142857142858,21.571428571428573
20231226,19,21.0,27.714285714285715,19.857142857142858
20231226,20,21.0,28.625,19.5
20231226,21,21.0,24.625,27.125
20231226,22,21.0,21.875,19.25
20231226,23,21.0,20.125,21.875
20231227,0,21.0,26.083333333333332,23.083333333333332
20231227,1,21.0,30.625,22.75
20231227,2,21.0,26.625,21.0
20231227,3,21.0,28.375,21.875
20231227,4,21.0,28.0,22.875
20231227,5,21.0,29.5,28.416666666666668
20231227,6,21.0,30.857142857142858,23.857142857142858
20231227,7,21.0,29.142857142857142,22.857142857142858
20231227,8,21.0,27.714285714285715,21.714285714285715
20231227,9,21.0,27.285714285714285,21.571428571428573
20231227,10,21.0,26.0,21.875
20231227,11,21.0,25.285714285714285,24.285714285714285
20231227,12,21.0,27.25,24.0
20231227,13,21.0,27.375,23.375
20231227,14,21.0,28.5,23.125
20231227,15,21.0,26.333333333333332,24.083333333333332
20231227,16,21.0,26.857142857142858,22.857142857142858
20231227,17,21.0,24.714285714285715,21.714285714285715
20231227,18,21.0,27.714285714285715,22.142857142857142
20231227,19,21.0,30.428571428571427,21.571428571428573
20231227,20,21.0,31.875,22.0
20231227,21,21.0,28.5,23.5
20231227,22,21.0,22.75,20.125
20231227,23,21.0,24.75,22.5
20231228,0,21.0,23.5,24.5
20231228,1,21.0,24.5,25.5
20231228,2,21.0,28.5,27.0
20231228,3,21.0,27.0,21.75
20231228,4,21.0,22.0,18.5
20231228,5,21.0,19.0,17.0
20231228,6,21.0,19.0,17.0
20231228,7,21.0,19.0,17.0
20231228,8,21.0,19.0,17.0
20231228,9,21.0,19.0,17.0
20231228,10,21.0,27.0,21.25
20231228,11,21.0,27.75,23.0
20231228,12,21.0,24.875,24.0
20231228,13,21.0,30.5,22.5
20231228,14,21.0,38.0,21.0
20231228,15,21.0,29.166666666666668,21.416666666666668
20231228,16,21.0,26.0,21.857142857142858
20231228,17,21.0,24.571428571428573,22.0
20231228,18,21.0,23.714285714285715,20.857142857142858
20231228,19,21.0,28.428571428571427,20.0
20231228,20,21.0,34.75,21.75
20231228,21,21.0,27.375,22.375
20231228,22,21.0,22.0,23.625
20231228,23,21.0,19.75,24.375
20231229,0,21.0,23.666666666666668,27.083333333333332
20231229,1,21.0,27.25,25.0
20231229,2,21.0,31.75,23.0
20231229,3,21.0,28.75,24.5
20231229,4,21.0,28.25,25.0
20231229,5,20.5,28.166666666666668,29.0
20231229,6,20.428571428571427,27.857142857142858,32.42857142857143
20231229,7,21.0,26.0,27.142857142857142
20231229,8,21.0,28.142857142857142,23.0
20231229,9,21.0,28.571428571428573,22.142857142857142
20231229,10,21.0,23.625,23.25
20231229,11,21.0,22.875,23.125
20231229,12,21.0,22.625,22.75
20231229,13,21.0,24.5,23.5
20231229,14,21.0,26.0,22.125
20231229,15,21.0,24.916666666666668,21.666666666666668
20231229,16,21.0,23.285714285714285,22.571428571428573
20231229,17,21.0,21.428571428571427,22.142857142857142
20231229,18,21.0,25.285714285714285,19.285714285714285
20231229,19,21.0,29.142857142857142,19.571428571428573
20231229,20,21.0,32.375,20.25
20231229,21,21.0,28.75,21.25
20231229,22,21.0,23.625,29.125
20231229,23,21.0,23.5,24.25
20231230,0,21.0,26.0,26.416666666666668
20231230,1,21.0,25.625,24.375
20231230,2,21.0,27.875,23.75
20231230,3,21.0,28.625,28.625
20231230,4,21.0,26.0,23.875
20231230,5,21.0,35.333333333333336,22.25
20231230,6,21.0,26.857142857142858,21.714285714285715
20231230,7,21.0,28.571428571428573,23.142857142857142
20231230,8,21.0,23.714285714285715,20.142857142857142
20231230,9,21.0,22.285714285714285,21.571428571428573
20231230,10,21.0,21.5,24.5
20231230,11,21.0,20.75,22.0
20231230,12,21.0,18.875,18.25
20231230,13,21.0,16.75,15.5
20231230,14,21.0,18.875,16.75
20231230,15,21.0,20.333333333333332,20.25
20231230,16,21.0,24.857142857142858,22.285714285714285
20231230,17,21.0,28.571428571428573,21.0
20231230,18,21.0,26.571428571428573,19.571428571428573
20231230,19,21.0,29.285714285714285,21.285714285714285
20231230,20,21.0,27.5,28.5
20231230,21,21.0,23.625,21.625
20231230,22,21.0,26.375,26.375
20231230,23,21.0,30.25,28.375
20231231,0,21.0,28.583333333333332,28.083333333333332
20231231,1,21.0,22.75,31.5
20231231,2,21.0,25.5,24.75
20231231,3,21.0,21.75,26.375
20231231,4,21.0,22.625,22.375
20231231,5,21.0,37.416666666666664,16.25
20231231,6,21.0,28.428571428571427,18.0
20231231,7,21.0,26.714285714285715,22.428571428571427
20231231,8,21.0,29.285714285714285,28.0
20231231,9,21.0,25.0,26.0
20231231,10,21.0,23.625,21.5
20231231,11,21.0,28.875,23.875
20231231,12,21.0,29.75,22.125
20231231,13,21.0,25.5,21.375
20231231,14,21.0,31.75,23.25
20231231,15,21.0,34.416666666666664,21.75
20231231,16,21.0,30.428571428571427,21.142857142857142
20231231,17,21.0,31.142857142857142,23.857142857142858
20231231,18,21.642857142857142,28.714285714285715,25.142857142857142
20231231,19,22.5,29.0,21.0
20231231,20,22.5,28.125,23.625
20231231,21,22.5,24.75,24.5
20231231,22,22.125,25.875,22.75
20231231,23,21.0,31.375,23.75
